assay_chembl_id	document_chembl_id
CHEMBL1116382	CHEMBL1158548
CHEMBL1769628	CHEMBL1765084
CHEMBL1680289	CHEMBL1671827
CHEMBL903096	CHEMBL1138361
CHEMBL5330315	CHEMBL5329195
CHEMBL1110021	CHEMBL1157885
CHEMBL1042690	CHEMBL1155991
CHEMBL4137255	CHEMBL4130628
CHEMBL2387961	CHEMBL2385019
CHEMBL4184343	CHEMBL4184081
CHEMBL5238528	CHEMBL5236595
CHEMBL4706990	CHEMBL4706475
CHEMBL1061741	CHEMBL1153627
CHEMBL4385124	CHEMBL4382269
CHEMBL5369124	CHEMBL5365501
CHEMBL3430549	CHEMBL3430320
CHEMBL4314369	CHEMBL4311986
CHEMBL3372714	CHEMBL3352234
CHEMBL1947997	CHEMBL1944512
CHEMBL5375778	CHEMBL5370692
CHEMBL4839646	CHEMBL4837250
CHEMBL3822298	CHEMBL3817726
CHEMBL3638156	CHEMBL3638030
CHEMBL4404882	CHEMBL4402580
CHEMBL5365054	CHEMBL5360655
CHEMBL1954705	CHEMBL1949573
CHEMBL1175154	CHEMBL1177783
CHEMBL1036923	CHEMBL1154736
CHEMBL4605859	CHEMBL4602715
CHEMBL3124427	CHEMBL3120127
CHEMBL3615015	CHEMBL3611997
CHEMBL5627867	CHEMBL5625218
CHEMBL1913542	CHEMBL1909544
CHEMBL1947928	CHEMBL1944582
CHEMBL3430433	CHEMBL3430320
CHEMBL2439737	CHEMBL2434870
CHEMBL3436068	CHEMBL3436046
CHEMBL3869650	CHEMBL3868612
CHEMBL5634738	CHEMBL5634083
CHEMBL5579449	CHEMBL5576149
CHEMBL5136759	CHEMBL5131569
CHEMBL2432226	CHEMBL2429746
CHEMBL4433046	CHEMBL4431389
CHEMBL5584721	CHEMBL5584220
CHEMBL659152	CHEMBL1132542
CHEMBL3430343	CHEMBL3430320
CHEMBL3430338	CHEMBL3430320
CHEMBL3508811	CHEMBL3508693
CHEMBL3607822	CHEMBL3603779
CHEMBL3430514	CHEMBL3430320
CHEMBL3869719	CHEMBL3868614
CHEMBL660544	CHEMBL1130547
CHEMBL4426267	CHEMBL4425115
CHEMBL5226244	CHEMBL5223188
CHEMBL4835480	CHEMBL4834420
CHEMBL2149440	CHEMBL2146411
CHEMBL4407146	CHEMBL4406800
CHEMBL5547947	CHEMBL5543144
CHEMBL3430360	CHEMBL3430320
CHEMBL2020461	CHEMBL2016510
CHEMBL5251455	CHEMBL5247650
CHEMBL2214094	CHEMBL2203264
CHEMBL3369074	CHEMBL3351863
CHEMBL4843635	CHEMBL4842348
CHEMBL4269690	CHEMBL4266018
CHEMBL2341506	CHEMBL2331139
CHEMBL1942854	CHEMBL1938353
CHEMBL3789410	CHEMBL3784924
CHEMBL4015832	CHEMBL4014323
CHEMBL2114010	CHEMBL2113921
CHEMBL3112307	CHEMBL3108774
CHEMBL4199858	CHEMBL4196123
CHEMBL2049748	CHEMBL2046384
CHEMBL3868266	CHEMBL3867472
CHEMBL1175789	CHEMBL1177792
CHEMBL1119165	CHEMBL1155506
CHEMBL1764848	CHEMBL1759892
CHEMBL1785980	CHEMBL1781979
CHEMBL3638098	CHEMBL3638030
CHEMBL4027606	CHEMBL4024777
CHEMBL3635627	CHEMBL3632504
CHEMBL835271	CHEMBL1140272
CHEMBL869839	CHEMBL1146860
CHEMBL1260557	CHEMBL1255556
CHEMBL859791	CHEMBL1146078
CHEMBL3869577	CHEMBL3868610
CHEMBL2014817	CHEMBL2010696
CHEMBL1227350	CHEMBL1221236
CHEMBL2330319	CHEMBL2321744
CHEMBL3430347	CHEMBL3430320
CHEMBL3411134	CHEMBL3407422
CHEMBL3707744	CHEMBL3638380
CHEMBL5735756	CHEMBL5727959
CHEMBL5530017	CHEMBL5528049
CHEMBL4190649	CHEMBL4190175
CHEMBL3407237	CHEMBL3400138
CHEMBL5535168	CHEMBL5532677
CHEMBL3430375	CHEMBL3430320
CHEMBL3268691	CHEMBL3259628
CHEMBL4679979	CHEMBL4673406
CHEMBL3998583	CHEMBL3997782
CHEMBL4275853	CHEMBL4270643
CHEMBL3783770	CHEMBL3779872
CHEMBL3638164	CHEMBL3638030
CHEMBL3266593	CHEMBL3259663
CHEMBL3365839	CHEMBL3352242
CHEMBL5374375	CHEMBL5370643
CHEMBL4365035	CHEMBL4364254
CHEMBL4673071	CHEMBL4665914
CHEMBL5153896	CHEMBL5150064
CHEMBL3241658	CHEMBL3232922
CHEMBL767236	CHEMBL1136064
CHEMBL4428920	CHEMBL4428053
CHEMBL4370906	CHEMBL4368940
CHEMBL3744630	CHEMBL3739276
CHEMBL4700516	CHEMBL4699433
CHEMBL939609	CHEMBL1157496
CHEMBL3390672	CHEMBL3352194
CHEMBL5391122	CHEMBL5390224
CHEMBL703975	CHEMBL1128175
CHEMBL925855	CHEMBL1147066
CHEMBL3594979	CHEMBL3593175
CHEMBL1772125	CHEMBL1770088
CHEMBL3436116	CHEMBL3436046
CHEMBL5100515	CHEMBL5096243
CHEMBL4256639	CHEMBL4251746
CHEMBL5160351	CHEMBL5154771
CHEMBL2415345	CHEMBL2412957
CHEMBL3430507	CHEMBL3430320
CHEMBL1007470	CHEMBL1136941
CHEMBL3386699	CHEMBL3351398
CHEMBL1010978	CHEMBL1153362
CHEMBL3616110	CHEMBL3611968
CHEMBL5374777	CHEMBL5370650
CHEMBL4122742	CHEMBL4118159
CHEMBL3755246	CHEMBL3751729
CHEMBL5239940	CHEMBL5236628
CHEMBL4882500	CHEMBL4507283
CHEMBL4769906	CHEMBL4765317
CHEMBL1932785	CHEMBL1926646
CHEMBL4329869	CHEMBL4325924
CHEMBL4036195	CHEMBL4033714
CHEMBL5117065	CHEMBL5113453
CHEMBL4357703	CHEMBL4354842
CHEMBL3812630	CHEMBL3808377
CHEMBL3224838	CHEMBL3217700
CHEMBL1837361	CHEMBL1833912
CHEMBL4392943	CHEMBL4392823
CHEMBL4709270	CHEMBL4706533
CHEMBL5578846	CHEMBL5576137
CHEMBL3430621	CHEMBL3430321
CHEMBL5318500	CHEMBL5316312
CHEMBL4707513	CHEMBL4706482
CHEMBL2443479	CHEMBL2439970
CHEMBL5318818	CHEMBL5316317
CHEMBL4689504	CHEMBL4680358
CHEMBL1022012	CHEMBL1138584
CHEMBL4134825	CHEMBL4130473
CHEMBL5147691	CHEMBL5143670
CHEMBL4341371	CHEMBL4340527
CHEMBL3390670	CHEMBL3352194
CHEMBL5225022	CHEMBL5223125
CHEMBL2020695	CHEMBL2016495
CHEMBL4180169	CHEMBL4177611
CHEMBL4309890	CHEMBL4308843
CHEMBL3430710	CHEMBL3430320
CHEMBL3744162	CHEMBL3739263
CHEMBL4331794	CHEMBL4330091
CHEMBL4305297	CHEMBL4304746
CHEMBL4046487	CHEMBL4043185
CHEMBL3436148	CHEMBL3436046
CHEMBL4359465	CHEMBL4354879
CHEMBL5381144	CHEMBL5380777
CHEMBL2149604	CHEMBL2146410
CHEMBL3387127	CHEMBL3351799
CHEMBL1831807	CHEMBL1828622
CHEMBL1811063	CHEMBL1806477
CHEMBL1061548	CHEMBL1152368
CHEMBL3868466	CHEMBL3867482
CHEMBL4622189	CHEMBL4619803
CHEMBL5260122	CHEMBL5257122
CHEMBL2091208	CHEMBL2086372
CHEMBL4812667	CHEMBL4811258
CHEMBL962058	CHEMBL1157462
CHEMBL5036234	CHEMBL5034046
CHEMBL4766000	CHEMBL4765231
CHEMBL4734892	CHEMBL4732108
CHEMBL4612722	CHEMBL4610117
CHEMBL5628735	CHEMBL5625242
CHEMBL5038087	CHEMBL5036355
CHEMBL2447581	CHEMBL2440066
CHEMBL3773618	CHEMBL3769382
CHEMBL653730	CHEMBL1124111
CHEMBL5379386	CHEMBL5375996
CHEMBL2160411	CHEMBL2157870
CHEMBL2066265	CHEMBL2062434
CHEMBL3773492	CHEMBL3769388
CHEMBL927771	CHEMBL1140803
CHEMBL3430535	CHEMBL3430320
CHEMBL654574	CHEMBL1129246
CHEMBL1068016	CHEMBL1156924
CHEMBL3776609	CHEMBL3774368
CHEMBL2154364	CHEMBL2150960
CHEMBL1026571	CHEMBL1152710
CHEMBL2167608	CHEMBL2163325
CHEMBL3803791	CHEMBL3797052
CHEMBL5611060	CHEMBL5608238
CHEMBL1938199	CHEMBL1932929
CHEMBL4322944	CHEMBL4321813
CHEMBL3430546	CHEMBL3430320
CHEMBL3371004	CHEMBL3351722
CHEMBL3582606	CHEMBL3580611
CHEMBL653732	CHEMBL1132339
CHEMBL3428455	CHEMBL3425423
CHEMBL1647981	CHEMBL1641497
CHEMBL2394789	CHEMBL2390935
CHEMBL1918791	CHEMBL1914304
CHEMBL3766024	CHEMBL3763120
CHEMBL5540303	CHEMBL5537174
CHEMBL3225974	CHEMBL3217574
CHEMBL1059036	CHEMBL1153522
CHEMBL1767981	CHEMBL1764953
CHEMBL3813500	CHEMBL3808345
CHEMBL3267744	CHEMBL3259781
CHEMBL949251	CHEMBL1142327
CHEMBL3430648	CHEMBL3430321
CHEMBL3854694	CHEMBL3853316
CHEMBL3880658	CHEMBL3880390
CHEMBL3100172	CHEMBL3098117
CHEMBL5585758	CHEMBL5584250
CHEMBL660040	CHEMBL1124014
CHEMBL3638144	CHEMBL3638030
CHEMBL1108768	CHEMBL1156954
CHEMBL4378223	CHEMBL4376816
CHEMBL4054757	CHEMBL4052642
CHEMBL5215423	CHEMBL5214895
CHEMBL3761658	CHEMBL3758104
CHEMBL2329216	CHEMBL2321683
CHEMBL4886920	CHEMBL4507332
CHEMBL4019656	CHEMBL4017515
CHEMBL4260964	CHEMBL4257582
CHEMBL5108155	CHEMBL5107939
CHEMBL770203	CHEMBL1124014
CHEMBL1001516	CHEMBL1137005
CHEMBL3382693	CHEMBL3351481
CHEMBL3430332	CHEMBL3430320
CHEMBL1045843	CHEMBL1154736
CHEMBL3797007	CHEMBL3792353
CHEMBL5047728	CHEMBL5046251
CHEMBL4887069	CHEMBL4507282
CHEMBL1804921	CHEMBL1800009
CHEMBL3813474	CHEMBL3808373
CHEMBL1781403	CHEMBL1777727
CHEMBL927950	CHEMBL1144843
CHEMBL4428917	CHEMBL4428053
CHEMBL4235080	CHEMBL4229492
CHEMBL1047805	CHEMBL1152519
CHEMBL5351165	CHEMBL5346964
CHEMBL4822455	CHEMBL4819115
CHEMBL3807652	CHEMBL3804820
CHEMBL1047320	CHEMBL1155351
CHEMBL4845081	CHEMBL4842384
CHEMBL4667319	CHEMBL4665650
CHEMBL5610156	CHEMBL5608206
CHEMBL1072651	CHEMBL1153137
CHEMBL1781401	CHEMBL1777727
CHEMBL4041928	CHEMBL4041490
CHEMBL4355701	CHEMBL4354804
CHEMBL1058832	CHEMBL1152446
CHEMBL3135871	CHEMBL3132759
CHEMBL3271188	CHEMBL3259733
CHEMBL4012911	CHEMBL4011625
CHEMBL3366937	CHEMBL3351798
CHEMBL3619841	CHEMBL3616440
CHEMBL4269600	CHEMBL4266012
CHEMBL2050734	CHEMBL2046284
CHEMBL768953	CHEMBL1136064
CHEMBL2318190	CHEMBL2311289
CHEMBL3372415	CHEMBL3352352
CHEMBL828081	CHEMBL1139555
CHEMBL4843252	CHEMBL4842341
CHEMBL1924736	CHEMBL1921678
CHEMBL5503997	CHEMBL5500396
CHEMBL4680012	CHEMBL4673407
CHEMBL853270	CHEMBL1147799
CHEMBL3436125	CHEMBL3436046
CHEMBL2328742	CHEMBL2321835
CHEMBL5040744	CHEMBL5038618
CHEMBL5260121	CHEMBL5257122
CHEMBL4765996	CHEMBL4765231
CHEMBL4676002	CHEMBL4673243
CHEMBL1074664	CHEMBL1153250
CHEMBL5374368	CHEMBL5370643
CHEMBL3436152	CHEMBL3436046
CHEMBL4826208	CHEMBL4825668
CHEMBL3430620	CHEMBL3430321
CHEMBL2429418	CHEMBL2424528
CHEMBL4823916	CHEMBL4823254
CHEMBL5323638	CHEMBL5321266
CHEMBL3865122	CHEMBL3864164
CHEMBL1816995	CHEMBL1811766
CHEMBL3767785	CHEMBL3763085
CHEMBL5737357	CHEMBL5728734
CHEMBL1110023	CHEMBL1157885
CHEMBL4882324	CHEMBL4507279
CHEMBL4681144	CHEMBL4680083
CHEMBL3880254	CHEMBL3879906
CHEMBL5253362	CHEMBL5252523
CHEMBL4223709	CHEMBL4219225
CHEMBL3807761	CHEMBL3804778
CHEMBL5627062	CHEMBL5625201
CHEMBL2318069	CHEMBL2311389
CHEMBL4678073	CHEMBL4673322
CHEMBL886905	CHEMBL1139188
CHEMBL4272647	CHEMBL4270548
CHEMBL3430403	CHEMBL3430320
CHEMBL2187786	CHEMBL2176883
CHEMBL5055793	CHEMBL5055619
CHEMBL1959250	CHEMBL1955838
CHEMBL5476557	CHEMBL5465560
CHEMBL2422520	CHEMBL2417495
CHEMBL2149352	CHEMBL2146430
CHEMBL4199986	CHEMBL4196128
CHEMBL1291115	CHEMBL1287688
CHEMBL3436154	CHEMBL3436046
CHEMBL4003820	CHEMBL4002602
CHEMBL5225678	CHEMBL5223164
CHEMBL2404558	CHEMBL2401721
CHEMBL3813477	CHEMBL3808373
CHEMBL3389842	CHEMBL3352689
CHEMBL933622	CHEMBL1147066
CHEMBL5135948	CHEMBL5131524
CHEMBL5160513	CHEMBL5154775
CHEMBL1817377	CHEMBL1811901
CHEMBL3430558	CHEMBL3430320
CHEMBL4414110	CHEMBL4411333
CHEMBL4030012	CHEMBL4028831
CHEMBL2150564	CHEMBL2146436
CHEMBL5551344	CHEMBL5550128
CHEMBL3363886	CHEMBL3352173
CHEMBL3424107	CHEMBL3421601
CHEMBL5463762	CHEMBL5723586
CHEMBL5129830	CHEMBL5126603
CHEMBL1819701	CHEMBL1817582
CHEMBL5579448	CHEMBL5576149
CHEMBL1114418	CHEMBL1156178
CHEMBL4030951	CHEMBL4028852
CHEMBL4023710	CHEMBL4020831
CHEMBL4135532	CHEMBL4130520
CHEMBL5637716	CHEMBL5634145
CHEMBL3047878	CHEMBL3045722
CHEMBL4827376	CHEMBL4825708
CHEMBL5324508	CHEMBL5321285
CHEMBL5364843	CHEMBL5360651
CHEMBL4604972	CHEMBL4602691
CHEMBL1953696	CHEMBL1949548
CHEMBL3370088	CHEMBL3352617
CHEMBL3430737	CHEMBL3430320
CHEMBL4704286	CHEMBL4699590
CHEMBL4316427	CHEMBL4312034
CHEMBL1217370	CHEMBL1212860
CHEMBL1022018	CHEMBL1138584
CHEMBL889312	CHEMBL1145378
CHEMBL3808010	CHEMBL3804796
CHEMBL933614	CHEMBL1147066
CHEMBL4033001	CHEMBL4028908
CHEMBL4123926	CHEMBL4118209
CHEMBL4715665	CHEMBL4706775
CHEMBL947933	CHEMBL1143185
CHEMBL1175156	CHEMBL1177783
CHEMBL3294033	CHEMBL3286091
CHEMBL3997716	CHEMBL3994677
CHEMBL861216	CHEMBL1146943
CHEMBL3430727	CHEMBL3430320
CHEMBL2187883	CHEMBL2177026
CHEMBL3592076	CHEMBL3588826
CHEMBL3430713	CHEMBL3430320
CHEMBL1020711	CHEMBL1137751
CHEMBL5258359	CHEMBL5257053
CHEMBL3430740	CHEMBL3430320
CHEMBL2444437	CHEMBL2439999
CHEMBL5520755	CHEMBL5518206
CHEMBL4196409	CHEMBL4196006
CHEMBL5034164	CHEMBL5033994
CHEMBL5111957	CHEMBL5108053
CHEMBL2173338	CHEMBL2169836
CHEMBL2427861	CHEMBL2424589
CHEMBL1011698	CHEMBL1152812
CHEMBL5730062	CHEMBL3886344
CHEMBL3810574	CHEMBL3808345
CHEMBL2050733	CHEMBL2046284
CHEMBL3407223	CHEMBL3400138
CHEMBL4701153	CHEMBL4699451
CHEMBL4322978	CHEMBL4321815
CHEMBL4615929	CHEMBL4613299
CHEMBL3579786	CHEMBL3576800
CHEMBL5732687	CHEMBL5726443
CHEMBL3591007	CHEMBL3588848
CHEMBL1817378	CHEMBL1811901
CHEMBL2013639	CHEMBL2010651
CHEMBL4200760	CHEMBL4196169
CHEMBL1273286	CHEMBL1268866
CHEMBL5733108	CHEMBL5726660
CHEMBL1838313	CHEMBL1833934
CHEMBL1036924	CHEMBL1154736
CHEMBL3430627	CHEMBL3430321
CHEMBL5365151	CHEMBL5360657
CHEMBL5536489	CHEMBL5532744
CHEMBL4769901	CHEMBL4765317
CHEMBL4394729	CHEMBL4393675
CHEMBL4251790	CHEMBL4251542
CHEMBL4840017	CHEMBL4837261
CHEMBL5045648	CHEMBL5042543
CHEMBL684971	CHEMBL1128716
CHEMBL1953525	CHEMBL1949557
CHEMBL4372271	CHEMBL4371037
CHEMBL1011674	CHEMBL1152811
CHEMBL4153776	CHEMBL4152224
CHEMBL2346009	CHEMBL2331552
CHEMBL3430550	CHEMBL3430320
CHEMBL3625655	CHEMBL3621135
CHEMBL5516750	CHEMBL5512679
CHEMBL1039315	CHEMBL1155247
CHEMBL1776071	CHEMBL1773004
CHEMBL3430657	CHEMBL3430321
CHEMBL3376773	CHEMBL3351946
CHEMBL3880650	CHEMBL3880390
CHEMBL5034586	CHEMBL5034005
CHEMBL3430393	CHEMBL3430320
CHEMBL4808721	CHEMBL4808172
CHEMBL1780724	CHEMBL1777794
CHEMBL2032544	CHEMBL2029240
CHEMBL4317027	CHEMBL4316591
CHEMBL5031704	CHEMBL5030537
CHEMBL1027247	CHEMBL1140127
CHEMBL889047	CHEMBL1145354
CHEMBL4700475	CHEMBL4699432
CHEMBL3436114	CHEMBL3436046
CHEMBL4055952	CHEMBL4052683
CHEMBL1003701	CHEMBL1138485
CHEMBL2217334	CHEMBL2216747
CHEMBL4768824	CHEMBL4765285
CHEMBL5346096	CHEMBL5344441
CHEMBL3430467	CHEMBL3430320
CHEMBL4322979	CHEMBL4321815
CHEMBL5588430	CHEMBL5584344
CHEMBL3813327	CHEMBL3808373
CHEMBL3430452	CHEMBL3430320
CHEMBL864202	CHEMBL1146045
CHEMBL2401504	CHEMBL2396637
CHEMBL4671732	CHEMBL4665837
CHEMBL5153895	CHEMBL5150064
CHEMBL932540	CHEMBL1144811
CHEMBL5357868	CHEMBL5356956
CHEMBL5516220	CHEMBL5512669
CHEMBL3595880	CHEMBL3593224
CHEMBL5043282	CHEMBL5042486
CHEMBL1104433	CHEMBL1156220
CHEMBL4434339	CHEMBL4433251
CHEMBL5375030	CHEMBL5370659
CHEMBL1063963	CHEMBL1152400
CHEMBL3616173	CHEMBL3611966
CHEMBL4626210	CHEMBL4622974
CHEMBL5374432	CHEMBL5370643
CHEMBL928680	CHEMBL1141530
CHEMBL5133256	CHEMBL5131410
CHEMBL1111712	CHEMBL1156307
CHEMBL4312798	CHEMBL4311945
CHEMBL1817371	CHEMBL1811901
CHEMBL2216324	CHEMBL2203263
CHEMBL2187785	CHEMBL2176883
CHEMBL4360329	CHEMBL4359816
CHEMBL3436061	CHEMBL3436046
CHEMBL5511245	CHEMBL5506050
CHEMBL4671572	CHEMBL4665835
CHEMBL3436077	CHEMBL3436046
CHEMBL5735887	CHEMBL5728032
CHEMBL3997335	CHEMBL3994654
CHEMBL5638883	CHEMBL5634193
CHEMBL4623856	CHEMBL4622872
CHEMBL5738076	CHEMBL5729100
CHEMBL4140894	CHEMBL4138139
CHEMBL4052442	CHEMBL4049458
CHEMBL3268200	CHEMBL3259729
CHEMBL2384387	CHEMBL2380260
CHEMBL3391260	CHEMBL3390839
CHEMBL3638112	CHEMBL3638030
CHEMBL5259991	CHEMBL5257116
CHEMBL927230	CHEMBL1141496
CHEMBL3813330	CHEMBL3808373
CHEMBL785241	CHEMBL1131614
CHEMBL2013363	CHEMBL2010700
CHEMBL3292599	CHEMBL3286274
CHEMBL1680285	CHEMBL1671827
CHEMBL3872165	CHEMBL3871307
CHEMBL933611	CHEMBL1147066
CHEMBL2184356	CHEMBL2176961
CHEMBL3430566	CHEMBL3430320
CHEMBL4701902	CHEMBL4699491
CHEMBL927770	CHEMBL1140803
CHEMBL1272892	CHEMBL1268885
CHEMBL5257224	CHEMBL5257017
CHEMBL4404697	CHEMBL4402573
CHEMBL5218154	CHEMBL5214999
CHEMBL2444927	CHEMBL2440008
CHEMBL1119164	CHEMBL1155506
CHEMBL3436111	CHEMBL3436046
CHEMBL5154206	CHEMBL5150071
CHEMBL5037161	CHEMBL5036324
CHEMBL3430519	CHEMBL3430320
CHEMBL4393839	CHEMBL4393654
CHEMBL3436223	CHEMBL3436046
CHEMBL927257	CHEMBL1141499
CHEMBL5525767	CHEMBL5523726
CHEMBL3370430	CHEMBL3351537
CHEMBL4026595	CHEMBL4024749
CHEMBL3396429	CHEMBL3392976
CHEMBL3430604	CHEMBL3430321
CHEMBL3876586	CHEMBL3875193
CHEMBL5516890	CHEMBL5512681
CHEMBL3430468	CHEMBL3430320
CHEMBL4137254	CHEMBL4130628
CHEMBL4120225	CHEMBL4118097
CHEMBL1839633	CHEMBL1833939
CHEMBL3436095	CHEMBL3436046
CHEMBL957054	CHEMBL1140950
CHEMBL4181645	CHEMBL4177672
CHEMBL5521504	CHEMBL5518220
CHEMBL2445808	CHEMBL2439992
CHEMBL3872763	CHEMBL3872208
CHEMBL4005471	CHEMBL4004819
CHEMBL2046027	CHEMBL2040789
CHEMBL4380720	CHEMBL4376873
CHEMBL3430593	CHEMBL3430321
CHEMBL3638133	CHEMBL3638030
CHEMBL4421243	CHEMBL4420080
CHEMBL3396464	CHEMBL3393040
CHEMBL5303855	CHEMBL4630909
CHEMBL5737981	CHEMBL5729055
CHEMBL2034490	CHEMBL2029210
CHEMBL4017815	CHEMBL4017458
CHEMBL3638163	CHEMBL3638030
CHEMBL4158814	CHEMBL4152386
CHEMBL4707427	CHEMBL4706479
CHEMBL3377716	CHEMBL3351244
CHEMBL4383328	CHEMBL4382202
CHEMBL3430374	CHEMBL3430320
CHEMBL3743573	CHEMBL3739407
CHEMBL5732671	CHEMBL5726435
CHEMBL3638062	CHEMBL3638030
CHEMBL2389760	CHEMBL2384910
CHEMBL3999908	CHEMBL3997842
CHEMBL4839360	CHEMBL4837245
CHEMBL5112590	CHEMBL5108068
CHEMBL700075	CHEMBL1133009
CHEMBL5376724	CHEMBL5375952
CHEMBL4734908	CHEMBL4732108
CHEMBL937366	CHEMBL1147066
CHEMBL3270545	CHEMBL3259754
CHEMBL3242072	CHEMBL3232919
CHEMBL3430397	CHEMBL3430320
CHEMBL3992698	CHEMBL3992487
CHEMBL3430712	CHEMBL3430320
CHEMBL4843281	CHEMBL4842341
CHEMBL4669424	CHEMBL4665730
CHEMBL4009065	CHEMBL4007422
CHEMBL5264214	CHEMBL5260838
CHEMBL4810281	CHEMBL4808210
CHEMBL3638105	CHEMBL3638030
CHEMBL5383358	CHEMBL5380818
CHEMBL2168561	CHEMBL2163282
CHEMBL4179672	CHEMBL4177600
CHEMBL4774139	CHEMBL4765432
CHEMBL2160726	CHEMBL2157884
CHEMBL3404544	CHEMBL3400001
CHEMBL3436053	CHEMBL3436046
CHEMBL4882349	CHEMBL4507279
CHEMBL3638093	CHEMBL3638030
CHEMBL5582340	CHEMBL5579877
CHEMBL4333772	CHEMBL4330138
CHEMBL4845170	CHEMBL4842386
CHEMBL3430426	CHEMBL3430320
CHEMBL3807888	CHEMBL3804778
CHEMBL1118860	CHEMBL1155448
CHEMBL889308	CHEMBL1145378
CHEMBL4824898	CHEMBL4823289
CHEMBL1174018	CHEMBL1177831
CHEMBL1059726	CHEMBL1152381
CHEMBL3591006	CHEMBL3588848
CHEMBL3801066	CHEMBL3797102
CHEMBL3047075	CHEMBL3046021
CHEMBL3638070	CHEMBL3638030
CHEMBL3224183	CHEMBL3217479
CHEMBL3430382	CHEMBL3430320
CHEMBL3582540	CHEMBL3580562
CHEMBL4268943	CHEMBL4265969
CHEMBL5119715	CHEMBL5113526
CHEMBL2390223	CHEMBL2385071
CHEMBL869184	CHEMBL1146021
CHEMBL5739517	CHEMBL5729803
CHEMBL2394849	CHEMBL2390865
CHEMBL4179767	CHEMBL4177603
CHEMBL1646507	CHEMBL1641559
CHEMBL4681585	CHEMBL4680094
CHEMBL660922	CHEMBL1134151
CHEMBL5579459	CHEMBL5576149
CHEMBL2187047	CHEMBL2176959
CHEMBL687508	CHEMBL1130298
CHEMBL3436218	CHEMBL3436046
CHEMBL2040072	CHEMBL2034946
CHEMBL4809366	CHEMBL4808184
CHEMBL5531276	CHEMBL5528071
CHEMBL1656031	CHEMBL1649108
CHEMBL4146384	CHEMBL4145461
CHEMBL3591515	CHEMBL3588758
CHEMBL4822453	CHEMBL4819115
CHEMBL5539772	CHEMBL5537163
CHEMBL2217332	CHEMBL2216747
CHEMBL2395206	CHEMBL2390828
CHEMBL4701231	CHEMBL4699452
CHEMBL3430392	CHEMBL3430320
CHEMBL4717446	CHEMBL4715723
CHEMBL5304339	CHEMBL5303763
CHEMBL4321989	CHEMBL4321785
CHEMBL5224245	CHEMBL5223095
CHEMBL2445976	CHEMBL2440083
CHEMBL4030948	CHEMBL4028852
CHEMBL3813472	CHEMBL3808373
CHEMBL2073369	CHEMBL2069241
CHEMBL4369981	CHEMBL4368904
CHEMBL3363798	CHEMBL3352316
CHEMBL4685406	CHEMBL4680205
CHEMBL3436122	CHEMBL3436046
CHEMBL4355823	CHEMBL4354805
CHEMBL4236263	CHEMBL4229542
CHEMBL933617	CHEMBL1147066
CHEMBL5234323	CHEMBL5233240
CHEMBL3367517	CHEMBL3351448
CHEMBL5141991	CHEMBL5137080
CHEMBL4378164	CHEMBL4376815
CHEMBL940933	CHEMBL1139807
CHEMBL1837923	CHEMBL1833932
CHEMBL4676196	CHEMBL4673248
CHEMBL5035880	CHEMBL5034035
CHEMBL5247187	CHEMBL5244277
CHEMBL4004507	CHEMBL4002640
CHEMBL5039956	CHEMBL5038592
CHEMBL5512253	CHEMBL5506071
CHEMBL3430638	CHEMBL3430321
CHEMBL2446215	CHEMBL2440090
CHEMBL4735920	CHEMBL4732134
CHEMBL3430748	CHEMBL3430320
CHEMBL4619106	CHEMBL4616706
CHEMBL4834375	CHEMBL4831562
CHEMBL4381398	CHEMBL4376885
CHEMBL5129884	CHEMBL5126604
CHEMBL4028157	CHEMBL4024791
CHEMBL1947795	CHEMBL1944599
CHEMBL3773485	CHEMBL3769388
CHEMBL834953	CHEMBL1138017
CHEMBL2208705	CHEMBL2203023
CHEMBL2445977	CHEMBL2440083
CHEMBL1954226	CHEMBL1949590
CHEMBL1217440	CHEMBL1212831
CHEMBL4261226	CHEMBL4257587
CHEMBL4121597	CHEMBL4118122
CHEMBL5374044	CHEMBL5370626
CHEMBL1114086	CHEMBL1154224
CHEMBL3811952	CHEMBL3808289
CHEMBL5323932	CHEMBL5321272
CHEMBL4229875	CHEMBL4229332
CHEMBL1275154	CHEMBL1268809
CHEMBL3822294	CHEMBL3817726
CHEMBL1787949	CHEMBL1781887
CHEMBL3865333	CHEMBL3864175
CHEMBL2060605	CHEMBL2057154
CHEMBL5041214	CHEMBL5038633
CHEMBL5388181	CHEMBL5385891
CHEMBL1117343	CHEMBL1157802
CHEMBL1225490	CHEMBL1221322
CHEMBL2382844	CHEMBL2380296
CHEMBL2013361	CHEMBL2010700
CHEMBL4381375	CHEMBL4376885
CHEMBL2071944	CHEMBL2069205
CHEMBL1066164	CHEMBL1157712
CHEMBL2051023	CHEMBL2046303
CHEMBL4020625	CHEMBL4017544
CHEMBL5546400	CHEMBL5543125
CHEMBL4615832	CHEMBL4613292
CHEMBL3430718	CHEMBL3430320
CHEMBL3131949	CHEMBL3124885
CHEMBL3807756	CHEMBL3804778
CHEMBL3368014	CHEMBL3351765
CHEMBL2320190	CHEMBL2311293
CHEMBL1008798	CHEMBL1141701
CHEMBL3638126	CHEMBL3638030
CHEMBL4766286	CHEMBL4765234
CHEMBL3592224	CHEMBL3588826
CHEMBL4827100	CHEMBL4825697
CHEMBL3296306	CHEMBL3286182
CHEMBL4775647	CHEMBL4765482
CHEMBL3583404	CHEMBL3580651
CHEMBL5554846	CHEMBL5550221
CHEMBL4016368	CHEMBL4014336
CHEMBL3430637	CHEMBL3430321
CHEMBL4144162	CHEMBL4138258
CHEMBL2039158	CHEMBL2034964
CHEMBL2162323	CHEMBL2157917
CHEMBL4605025	CHEMBL4602691
CHEMBL3638154	CHEMBL3638030
CHEMBL4309099	CHEMBL4308829
CHEMBL3829475	CHEMBL3826935
CHEMBL2217322	CHEMBL2216747
CHEMBL5260124	CHEMBL5257122
CHEMBL877203	CHEMBL1135758
CHEMBL4769919	CHEMBL4765317
CHEMBL854894	CHEMBL1137586
CHEMBL3430503	CHEMBL3430320
CHEMBL5547789	CHEMBL5543141
CHEMBL882919	CHEMBL1142854
CHEMBL3736648	CHEMBL3734698
CHEMBL4235148	CHEMBL4229494
CHEMBL4046488	CHEMBL4043185
CHEMBL1769661	CHEMBL1764974
CHEMBL3602620	CHEMBL3600349
CHEMBL1954249	CHEMBL1949530
CHEMBL2340398	CHEMBL2331425
CHEMBL804532	CHEMBL1126878
CHEMBL5716585	CHEMBL5715943
CHEMBL5127018	CHEMBL5126508
CHEMBL4605568	CHEMBL4602704
CHEMBL5046649	CHEMBL5046222
CHEMBL5045627	CHEMBL5042543
CHEMBL4769907	CHEMBL4765317
CHEMBL832717	CHEMBL1144337
CHEMBL5112336	CHEMBL5108063
CHEMBL3804567	CHEMBL3797111
CHEMBL3874986	CHEMBL3872283
CHEMBL912510	CHEMBL1139722
CHEMBL3430499	CHEMBL3430320
CHEMBL1817376	CHEMBL1811901
CHEMBL5374043	CHEMBL5370626
CHEMBL2406416	CHEMBL2401656
CHEMBL3602728	CHEMBL3600324
CHEMBL4672097	CHEMBL4665855
CHEMBL3362989	CHEMBL3352472
CHEMBL2184225	CHEMBL2176971
CHEMBL4223827	CHEMBL4219233
CHEMBL5255856	CHEMBL5252622
CHEMBL4677210	CHEMBL4673272
CHEMBL1681578	CHEMBL1671835
CHEMBL4392960	CHEMBL4392823
CHEMBL1687012	CHEMBL1681775
CHEMBL5733885	CHEMBL5727025
CHEMBL4255046	CHEMBL4251653
CHEMBL4027157	CHEMBL4024765
CHEMBL5732052	CHEMBL5726098
CHEMBL834175	CHEMBL1138017
CHEMBL4195808	CHEMBL4190406
CHEMBL2014637	CHEMBL2010765
CHEMBL4019607	CHEMBL4017514
CHEMBL3790710	CHEMBL3785081
CHEMBL4769895	CHEMBL4765317
CHEMBL3588388	CHEMBL3585264
CHEMBL5238147	CHEMBL5236587
CHEMBL1292296	CHEMBL1287684
CHEMBL4026954	CHEMBL4024762
CHEMBL5475032	CHEMBL5465560
CHEMBL933618	CHEMBL1147066
CHEMBL1816265	CHEMBL1811851
CHEMBL3430625	CHEMBL3430321
CHEMBL1043076	CHEMBL1154085
CHEMBL1772911	CHEMBL1770110
CHEMBL3992713	CHEMBL3992487
CHEMBL1816996	CHEMBL1811766
CHEMBL1117016	CHEMBL1156326
CHEMBL1954529	CHEMBL1949642
CHEMBL3508850	CHEMBL3508693
CHEMBL2417298	CHEMBL2413065
CHEMBL5393079	CHEMBL5390300
CHEMBL5238524	CHEMBL5236595
CHEMBL4624483	CHEMBL4622900
CHEMBL5515560	CHEMBL5512657
CHEMBL4199530	CHEMBL4196112
CHEMBL3061541	CHEMBL3046466
CHEMBL3436078	CHEMBL3436046
CHEMBL855770	CHEMBL1141406
CHEMBL5536416	CHEMBL5532737
CHEMBL2415207	CHEMBL2412975
CHEMBL5157426	CHEMBL5154690
CHEMBL889316	CHEMBL1145378
CHEMBL1931724	CHEMBL1926511
CHEMBL4603260	CHEMBL4602617
CHEMBL4355822	CHEMBL4354805
CHEMBL979986	CHEMBL1155886
CHEMBL1020710	CHEMBL1137751
CHEMBL5697034	CHEMBL5696440
CHEMBL5039207	CHEMBL5038577
CHEMBL4008206	CHEMBL4007397
CHEMBL4224020	CHEMBL4219244
CHEMBL1119785	CHEMBL1155507
CHEMBL3607786	CHEMBL3603741
CHEMBL4840065	CHEMBL4837261
CHEMBL3396520	CHEMBL3393045
CHEMBL4835482	CHEMBL4834420
CHEMBL3292598	CHEMBL3286274
CHEMBL4673100	CHEMBL4665917
CHEMBL1039907	CHEMBL1156057
CHEMBL5582149	CHEMBL5579865
CHEMBL766816	CHEMBL1136402
CHEMBL4629773	CHEMBL4627393
CHEMBL5129832	CHEMBL5126603
CHEMBL5474434	CHEMBL5465560
CHEMBL2038379	CHEMBL2034972
CHEMBL4312207	CHEMBL4311939
CHEMBL5442367	CHEMBL5442334
CHEMBL1292190	CHEMBL1287714
CHEMBL3436096	CHEMBL3436046
CHEMBL4015948	CHEMBL4014327
CHEMBL3096733	CHEMBL3091311
CHEMBL4135221	CHEMBL4130494
CHEMBL5547800	CHEMBL5543141
CHEMBL772772	CHEMBL1126270
CHEMBL4734909	CHEMBL4732108
CHEMBL4410995	CHEMBL4406916
CHEMBL4765978	CHEMBL4765231
CHEMBL4834318	CHEMBL4831559
CHEMBL4842280	CHEMBL4840378
CHEMBL3430636	CHEMBL3430321
CHEMBL867936	CHEMBL1145312
CHEMBL3430437	CHEMBL3430320
CHEMBL4381401	CHEMBL4376885
CHEMBL3430533	CHEMBL3430320
CHEMBL3436094	CHEMBL3436046
CHEMBL3430571	CHEMBL3430321
CHEMBL3874987	CHEMBL3872283
CHEMBL3591513	CHEMBL3588758
CHEMBL5097479	CHEMBL5096172
CHEMBL3858640	CHEMBL3856239
CHEMBL3883128	CHEMBL3882737
CHEMBL4015498	CHEMBL4014310
CHEMBL5154497	CHEMBL5150076
CHEMBL5303799	CHEMBL4630908
CHEMBL1656176	CHEMBL1649073
CHEMBL1614262	CHEMBL1201862
CHEMBL1687013	CHEMBL1681775
CHEMBL3430654	CHEMBL3430321
CHEMBL3772918	CHEMBL3769359
CHEMBL2168490	CHEMBL2163233
CHEMBL5265318	CHEMBL5260850
CHEMBL4623835	CHEMBL4622872
CHEMBL1919844	CHEMBL1914323
CHEMBL3880649	CHEMBL3880390
CHEMBL3271186	CHEMBL3259733
CHEMBL3430738	CHEMBL3430320
CHEMBL868205	CHEMBL1148642
CHEMBL2411830	CHEMBL2406904
CHEMBL4715414	CHEMBL4706769
CHEMBL3638120	CHEMBL3638030
CHEMBL3611641	CHEMBL3608254
CHEMBL3430618	CHEMBL3430321
CHEMBL2352368	CHEMBL2346502
CHEMBL3749265	CHEMBL3745705
CHEMBL5029597	CHEMBL5029155
CHEMBL3374278	CHEMBL3352115
CHEMBL5738581	CHEMBL5729383
CHEMBL5228857	CHEMBL5226342
CHEMBL4305872	CHEMBL4304763
CHEMBL5554343	CHEMBL5550211
CHEMBL3117650	CHEMBL3112503
CHEMBL3436067	CHEMBL3436046
CHEMBL827917	CHEMBL1142718
CHEMBL4413744	CHEMBL4411318
CHEMBL4622528	CHEMBL4619816
CHEMBL4275131	CHEMBL4270615
CHEMBL5463751	CHEMBL5723586
CHEMBL4276288	CHEMBL4270663
CHEMBL5136712	CHEMBL5131568
CHEMBL2161976	CHEMBL2157972
CHEMBL5356183	CHEMBL5352488
CHEMBL3880654	CHEMBL3880390
CHEMBL3096002	CHEMBL3091409
CHEMBL1805351	CHEMBL1799927
CHEMBL4026998	CHEMBL4024763
CHEMBL5682675	CHEMBL5678807
CHEMBL1798198	CHEMBL1795332
CHEMBL3430492	CHEMBL3430320
CHEMBL4832311	CHEMBL4831500
CHEMBL4356202	CHEMBL4354813
CHEMBL5616420	CHEMBL5614414
CHEMBL4406769	CHEMBL4402613
CHEMBL4619544	CHEMBL4616724
CHEMBL2184747	CHEMBL2176934
CHEMBL5734332	CHEMBL5727268
CHEMBL3638071	CHEMBL3638030
CHEMBL3811492	CHEMBL3808345
CHEMBL4843627	CHEMBL4842348
CHEMBL3128676	CHEMBL3124792
CHEMBL4373220	CHEMBL4371076
CHEMBL4221371	CHEMBL4219096
CHEMBL906593	CHEMBL1143739
CHEMBL5628689	CHEMBL5625241
CHEMBL3861883	CHEMBL3860107
CHEMBL2394847	CHEMBL2390865
CHEMBL3096731	CHEMBL3091311
CHEMBL4410390	CHEMBL4406884
CHEMBL3362672	CHEMBL3351646
CHEMBL2067584	CHEMBL2062375
CHEMBL4261227	CHEMBL4257587
CHEMBL4736317	CHEMBL4732147
CHEMBL1614368	CHEMBL1201862
CHEMBL3436060	CHEMBL3436046
CHEMBL1219663	CHEMBL1212897
CHEMBL1954756	CHEMBL1949493
CHEMBL4843253	CHEMBL4842341
CHEMBL5213638	CHEMBL5212743
CHEMBL3436117	CHEMBL3436046
CHEMBL2060137	CHEMBL2057071
CHEMBL3436102	CHEMBL3436046
CHEMBL5133864	CHEMBL5131446
CHEMBL5105783	CHEMBL5104135
CHEMBL3266304	CHEMBL3259666
CHEMBL2033832	CHEMBL2029256
CHEMBL3638151	CHEMBL3638030
CHEMBL3872986	CHEMBL3872218
CHEMBL2444175	CHEMBL2439999
CHEMBL5033131	CHEMBL5032504
CHEMBL3436145	CHEMBL3436046
CHEMBL2208511	CHEMBL2203010
CHEMBL2183581	CHEMBL2176918
CHEMBL2160410	CHEMBL2157870
CHEMBL886671	CHEMBL1139157
CHEMBL4134156	CHEMBL4130453
CHEMBL3430394	CHEMBL3430320
CHEMBL5582339	CHEMBL5579877
CHEMBL3638147	CHEMBL3638030
CHEMBL4181722	CHEMBL4177680
CHEMBL5478118	CHEMBL5465560
CHEMBL3428449	CHEMBL3425423
CHEMBL1059781	CHEMBL1153467
CHEMBL4223832	CHEMBL4219233
CHEMBL3627500	CHEMBL3621151
CHEMBL1110017	CHEMBL1157885
CHEMBL2342858	CHEMBL2331540
CHEMBL5535166	CHEMBL5532677
CHEMBL3379633	CHEMBL3351372
CHEMBL4181848	CHEMBL4177680
CHEMBL4416185	CHEMBL4414601
CHEMBL4378214	CHEMBL4376816
CHEMBL4375018	CHEMBL4373693
CHEMBL4481700	CHEMBL4480421
CHEMBL4316969	CHEMBL4316588
CHEMBL5356383	CHEMBL5352494
CHEMBL887108	CHEMBL1139198
CHEMBL1006977	CHEMBL1140880
CHEMBL3430725	CHEMBL3430320
CHEMBL4813174	CHEMBL4811281
CHEMBL5322750	CHEMBL5321226
CHEMBL4681389	CHEMBL4680090
CHEMBL4825323	CHEMBL4823315
CHEMBL5344084	CHEMBL5338823
CHEMBL3436103	CHEMBL3436046
CHEMBL3292131	CHEMBL3286390
CHEMBL5303995	CHEMBL5303761
CHEMBL3430721	CHEMBL3430320
CHEMBL5621970	CHEMBL5620381
CHEMBL767235	CHEMBL1136064
CHEMBL4826701	CHEMBL4825686
CHEMBL3997635	CHEMBL3994673
CHEMBL2210904	CHEMBL2203039
CHEMBL687168	CHEMBL1124111
CHEMBL3635936	CHEMBL3632560
CHEMBL4183120	CHEMBL4177751
CHEMBL3128857	CHEMBL3124772
CHEMBL933468	CHEMBL1143883
CHEMBL5374379	CHEMBL5370643
CHEMBL1272891	CHEMBL1268885
CHEMBL3430643	CHEMBL3430321
CHEMBL2396467	CHEMBL2390902
CHEMBL4308576	CHEMBL4304832
CHEMBL3430577	CHEMBL3430321
CHEMBL3430420	CHEMBL3430320
CHEMBL5547881	CHEMBL5543142
CHEMBL1022279	CHEMBL1139344
CHEMBL5036401	CHEMBL5036301
CHEMBL5146134	CHEMBL5143607
CHEMBL2167605	CHEMBL2163325
CHEMBL1247722	CHEMBL1240532
CHEMBL1827361	CHEMBL1821550
CHEMBL1837924	CHEMBL1833932
CHEMBL2187784	CHEMBL2176883
CHEMBL1273133	CHEMBL1268928
CHEMBL4839870	CHEMBL4837257
CHEMBL4820317	CHEMBL4819017
CHEMBL3365826	CHEMBL3352242
CHEMBL4340219	CHEMBL4339228
CHEMBL5303896	CHEMBL4630907
CHEMBL3783629	CHEMBL3779781
CHEMBL5058034	CHEMBL5055685
CHEMBL3430464	CHEMBL3430320
CHEMBL3368253	CHEMBL3351364
CHEMBL4200746	CHEMBL4196169
CHEMBL3430487	CHEMBL3430320
CHEMBL2162428	CHEMBL2157937
CHEMBL4047413	CHEMBL4043239
CHEMBL2318058	CHEMBL2311250
CHEMBL1839299	CHEMBL1833864
CHEMBL5265322	CHEMBL5260850
CHEMBL5120245	CHEMBL5113532
CHEMBL2163105	CHEMBL2157906
CHEMBL3436123	CHEMBL3436046
CHEMBL5391119	CHEMBL5390224
CHEMBL4052137	CHEMBL4049450
CHEMBL4831396	CHEMBL4828771
CHEMBL3810561	CHEMBL3808345
CHEMBL5134245	CHEMBL5131469
CHEMBL5164182	CHEMBL5154849
CHEMBL907676	CHEMBL1137272
CHEMBL5155596	CHEMBL5154649
CHEMBL3383846	CHEMBL3351932
CHEMBL5044152	CHEMBL5042510
CHEMBL4813156	CHEMBL4811281
CHEMBL5144527	CHEMBL5143527
CHEMBL3378645	CHEMBL3352784
CHEMBL815527	CHEMBL1129670
CHEMBL5327984	CHEMBL5325475
CHEMBL1051458	CHEMBL1152333
CHEMBL4021965	CHEMBL4020760
CHEMBL4220823	CHEMBL4219073
CHEMBL4703153	CHEMBL4699542
CHEMBL5131302	CHEMBL5126674
CHEMBL3108398	CHEMBL3102716
CHEMBL984727	CHEMBL1155842
CHEMBL3812772	CHEMBL3808345
CHEMBL3738384	CHEMBL3734671
CHEMBL5258221	CHEMBL5257040
CHEMBL4424288	CHEMBL4422661
CHEMBL889269	CHEMBL1145373
CHEMBL1953695	CHEMBL1949548
CHEMBL5046103	CHEMBL5042556
CHEMBL826271	CHEMBL1142003
CHEMBL3430592	CHEMBL3430321
CHEMBL921544	CHEMBL1147066
CHEMBL5502997	CHEMBL5500379
CHEMBL4706939	CHEMBL4706475
CHEMBL5330667	CHEMBL5329208
CHEMBL5147704	CHEMBL5143671
CHEMBL1648772	CHEMBL1641377
CHEMBL3423786	CHEMBL3421534
CHEMBL937358	CHEMBL1147066
CHEMBL1108890	CHEMBL1156169
CHEMBL5516742	CHEMBL5512679
CHEMBL5331002	CHEMBL5329222
CHEMBL5318786	CHEMBL5316317
CHEMBL5344085	CHEMBL5338823
CHEMBL4808322	CHEMBL4808163
CHEMBL4021354	CHEMBL4020725
CHEMBL5226013	CHEMBL5223178
CHEMBL4053614	CHEMBL4052609
CHEMBL5166020	CHEMBL5154888
CHEMBL5373127	CHEMBL5370604
CHEMBL4712956	CHEMBL4706651
CHEMBL2043698	CHEMBL2040800
CHEMBL2176196	CHEMBL2169867
CHEMBL4312205	CHEMBL4311939
CHEMBL5531274	CHEMBL5528071
CHEMBL2156833	CHEMBL2151015
CHEMBL855968	CHEMBL1137276
CHEMBL940937	CHEMBL1139808
CHEMBL4339001	CHEMBL4334551
CHEMBL865594	CHEMBL1139656
CHEMBL660036	CHEMBL1124014
CHEMBL4310944	CHEMBL4308884
CHEMBL2412551	CHEMBL2407064
CHEMBL5260330	CHEMBL5257132
CHEMBL3269792	CHEMBL3259577
CHEMBL2400450	CHEMBL2396647
CHEMBL3295963	CHEMBL3286267
CHEMBL4355801	CHEMBL4354805
CHEMBL4040388	CHEMBL4038320
CHEMBL4765997	CHEMBL4765231
CHEMBL5261566	CHEMBL5260808
CHEMBL5391052	CHEMBL5390222
CHEMBL3591528	CHEMBL3588810
CHEMBL1918054	CHEMBL1914301
CHEMBL4704019	CHEMBL4699582
CHEMBL2182407	CHEMBL2177097
CHEMBL3631137	CHEMBL3627714
CHEMBL3854831	CHEMBL3853318
CHEMBL4188738	CHEMBL4184286
CHEMBL5547882	CHEMBL5543142
CHEMBL4197061	CHEMBL4196019
CHEMBL2328095	CHEMBL2321869
CHEMBL5133284	CHEMBL5131410
CHEMBL4001612	CHEMBL4000207
CHEMBL2396469	CHEMBL2390902
CHEMBL5546326	CHEMBL5543124
CHEMBL3395908	CHEMBL3393060
CHEMBL3853584	CHEMBL3853265
CHEMBL3801064	CHEMBL3797102
CHEMBL4149876	CHEMBL4145597
CHEMBL768688	CHEMBL1145963
CHEMBL3411225	CHEMBL3407416
CHEMBL5368519	CHEMBL5365483
CHEMBL3625781	CHEMBL3621160
CHEMBL3243210	CHEMBL3232853
CHEMBL3436220	CHEMBL3436046
CHEMBL3430728	CHEMBL3430320
CHEMBL3590915	CHEMBL3588833
CHEMBL5042354	CHEMBL5038674
CHEMBL4351264	CHEMBL4350955
CHEMBL4824899	CHEMBL4823289
CHEMBL5317605	CHEMBL5316291
CHEMBL2148626	CHEMBL2146432
CHEMBL1118858	CHEMBL1155448
CHEMBL4678538	CHEMBL4673340
CHEMBL4413488	CHEMBL4411314
CHEMBL3430439	CHEMBL3430320
CHEMBL2217329	CHEMBL2216747
CHEMBL2153967	CHEMBL2150928
CHEMBL1633012	CHEMBL1629455
CHEMBL1227661	CHEMBL1221291
CHEMBL5291878	CHEMBL5291721
CHEMBL5465594	CHEMBL5465560
CHEMBL680747	CHEMBL1134478
CHEMBL1107055	CHEMBL1156967
CHEMBL4044590	CHEMBL4043114
CHEMBL3419072	CHEMBL3414522
CHEMBL1071753	CHEMBL1158517
CHEMBL5147695	CHEMBL5143671
CHEMBL3406745	CHEMBL3400110
CHEMBL1820402	CHEMBL1817582
CHEMBL1781167	CHEMBL1777686
CHEMBL5381147	CHEMBL5380777
CHEMBL928570	CHEMBL1141522
CHEMBL5055889	CHEMBL5055621
CHEMBL1011668	CHEMBL1152811
CHEMBL4680539	CHEMBL4680064
CHEMBL5738029	CHEMBL5729081
CHEMBL4269040	CHEMBL4265974
CHEMBL3638152	CHEMBL3638030
CHEMBL4716871	CHEMBL4715698
CHEMBL5354414	CHEMBL5352433
CHEMBL4341641	CHEMBL4340534
CHEMBL5503998	CHEMBL5500396
CHEMBL4027662	CHEMBL4024779
CHEMBL3381295	CHEMBL3352608
CHEMBL5638882	CHEMBL5634193
CHEMBL5127841	CHEMBL5126528
CHEMBL2037696	CHEMBL2034871
CHEMBL3750482	CHEMBL3745631
CHEMBL1062483	CHEMBL1153484
CHEMBL1105770	CHEMBL1158560
CHEMBL5166819	CHEMBL5154903
CHEMBL654395	CHEMBL1159134
CHEMBL1764146	CHEMBL1759918
CHEMBL4481135	CHEMBL4480397
CHEMBL5476556	CHEMBL5465560
CHEMBL4729412	CHEMBL4725368
CHEMBL1820233	CHEMBL1817592
CHEMBL5463864	CHEMBL5463722
CHEMBL903467	CHEMBL1139124
CHEMBL3111671	CHEMBL3108676
CHEMBL937370	CHEMBL1147066
CHEMBL5236161	CHEMBL5233278
CHEMBL5154205	CHEMBL5150071
CHEMBL5135461	CHEMBL5131502
CHEMBL943039	CHEMBL1140588
CHEMBL3825087	CHEMBL3822394
CHEMBL1837910	CHEMBL1833932
CHEMBL5304024	CHEMBL5303762
CHEMBL4432469	CHEMBL4431349
CHEMBL3383594	CHEMBL3351528
CHEMBL2330780	CHEMBL2321724
CHEMBL928993	CHEMBL1141544
CHEMBL2185328	CHEMBL2176989
CHEMBL3624292	CHEMBL3621090
CHEMBL4677462	CHEMBL4673287
CHEMBL5739201	CHEMBL5729670
CHEMBL1938198	CHEMBL1932929
CHEMBL1942506	CHEMBL1938287
CHEMBL3738912	CHEMBL3734684
CHEMBL944710	CHEMBL1140726
CHEMBL4410497	CHEMBL4406890
CHEMBL5583194	CHEMBL5579895
CHEMBL944859	CHEMBL1140833
CHEMBL3436063	CHEMBL3436046
CHEMBL5354416	CHEMBL5352433
CHEMBL2217341	CHEMBL2216747
CHEMBL3618560	CHEMBL3616378
CHEMBL3294432	CHEMBL3286274
CHEMBL4015998	CHEMBL4014327
CHEMBL4385794	CHEMBL4385597
CHEMBL3880279	CHEMBL3879906
CHEMBL869183	CHEMBL1146021
CHEMBL4668876	CHEMBL4665701
CHEMBL4033008	CHEMBL4028908
CHEMBL5141625	CHEMBL5137074
CHEMBL4233116	CHEMBL4229414
CHEMBL5147783	CHEMBL5143671
CHEMBL4048003	CHEMBL4043273
CHEMBL4603261	CHEMBL4602617
CHEMBL5032179	CHEMBL5030558
CHEMBL5035505	CHEMBL5034025
CHEMBL2038956	CHEMBL2034817
CHEMBL4707426	CHEMBL4706479
CHEMBL940958	CHEMBL1139812
CHEMBL3626606	CHEMBL3621151
CHEMBL5316578	CHEMBL5316265
CHEMBL3591519	CHEMBL3588758
CHEMBL5628630	CHEMBL5625239
CHEMBL3742790	CHEMBL3739265
CHEMBL3430689	CHEMBL3430320
CHEMBL5476606	CHEMBL5465560
CHEMBL1767983	CHEMBL1764953
CHEMBL1820250	CHEMBL1817657
CHEMBL3436115	CHEMBL3436046
CHEMBL3611135	CHEMBL3608246
CHEMBL5319832	CHEMBL5316339
CHEMBL4373139	CHEMBL4371072
CHEMBL2215146	CHEMBL2203219
CHEMBL4680982	CHEMBL4680079
CHEMBL4840061	CHEMBL4837261
CHEMBL2329729	CHEMBL2321795
CHEMBL907268	CHEMBL1139687
CHEMBL4735919	CHEMBL4732134
CHEMBL1051701	CHEMBL1152451
CHEMBL3371044	CHEMBL3352639
CHEMBL3240534	CHEMBL3232894
CHEMBL1776942	CHEMBL1773049
CHEMBL3813331	CHEMBL3808373
CHEMBL4378224	CHEMBL4376816
CHEMBL4016445	CHEMBL4014337
CHEMBL5338206	CHEMBL5335845
CHEMBL1816994	CHEMBL1811766
CHEMBL862040	CHEMBL1149372
CHEMBL2160981	CHEMBL2157860
CHEMBL4358985	CHEMBL4354864
CHEMBL5626860	CHEMBL5625196
CHEMBL5577688	CHEMBL5576108
CHEMBL5035159	CHEMBL5034019
CHEMBL3889165	CHEMBL3886972
CHEMBL3824552	CHEMBL3822371
CHEMBL3414402	CHEMBL3407461
CHEMBL864852	CHEMBL1145308
CHEMBL2216345	CHEMBL2203257
CHEMBL4825629	CHEMBL4823330
CHEMBL4195525	CHEMBL4190397
CHEMBL768697	CHEMBL1134676
CHEMBL2169519	CHEMBL2163245
CHEMBL3101015	CHEMBL3098001
CHEMBL4611400	CHEMBL4610040
CHEMBL3744482	CHEMBL3739386
CHEMBL4405959	CHEMBL4402595
CHEMBL1013717	CHEMBL1152205
CHEMBL3430729	CHEMBL3430320
CHEMBL4479655	CHEMBL4477250
CHEMBL1837926	CHEMBL1833932
CHEMBL824627	CHEMBL1135170
CHEMBL4030800	CHEMBL4028850
CHEMBL3878769	CHEMBL3877298
CHEMBL4689619	CHEMBL4680373
CHEMBL889309	CHEMBL1145378
CHEMBL3430706	CHEMBL3430320
CHEMBL2330715	CHEMBL2321760
CHEMBL3813329	CHEMBL3808373
CHEMBL4375128	CHEMBL4373699
CHEMBL4329552	CHEMBL4325910
CHEMBL1772827	CHEMBL1770110
CHEMBL4376105	CHEMBL4373720
CHEMBL4620737	CHEMBL4619752
CHEMBL1767991	CHEMBL1764953
CHEMBL5238213	CHEMBL5236589
CHEMBL2330583	CHEMBL2321758
CHEMBL5114275	CHEMBL5113380
CHEMBL1292008	CHEMBL1287766
CHEMBL3588589	CHEMBL3585325
CHEMBL5139560	CHEMBL5137025
CHEMBL3419081	CHEMBL3414522
CHEMBL4012449	CHEMBL4011610
CHEMBL1932786	CHEMBL1926646
CHEMBL3270057	CHEMBL3259712
CHEMBL3887897	CHEMBL3886493
CHEMBL5621454	CHEMBL5620365
CHEMBL2342727	CHEMBL2331544
CHEMBL3430434	CHEMBL3430320
CHEMBL1112305	CHEMBL1154203
CHEMBL4268622	CHEMBL4265954
CHEMBL4257728	CHEMBL4257443
CHEMBL5058670	CHEMBL5058641
CHEMBL1027290	CHEMBL1136848
CHEMBL1769627	CHEMBL1765084
CHEMBL3430650	CHEMBL3430321
CHEMBL5622379	CHEMBL5620393
CHEMBL3430409	CHEMBL3430320
CHEMBL5609111	CHEMBL5608181
CHEMBL3638061	CHEMBL3638030
CHEMBL5131301	CHEMBL5126674
CHEMBL4356240	CHEMBL4354813
CHEMBL2044584	CHEMBL2040836
CHEMBL5546328	CHEMBL5543124
CHEMBL3638132	CHEMBL3638030
CHEMBL5238527	CHEMBL5236595
CHEMBL3366643	CHEMBL3352090
CHEMBL3430422	CHEMBL3430320
CHEMBL1275133	CHEMBL1268809
CHEMBL1764027	CHEMBL1759894
CHEMBL5110782	CHEMBL5108030
CHEMBL4144195	CHEMBL4138259
CHEMBL2217330	CHEMBL2216747
CHEMBL4769921	CHEMBL4765317
CHEMBL2378605	CHEMBL2375300
CHEMBL3102565	CHEMBL3098117
CHEMBL4714792	CHEMBL4706729
CHEMBL5366390	CHEMBL5365430
CHEMBL5148521	CHEMBL5143714
CHEMBL4263504	CHEMBL4261581
CHEMBL2167210	CHEMBL2163259
CHEMBL4340978	CHEMBL4340512
CHEMBL970460	CHEMBL1136911
CHEMBL925077	CHEMBL1140623
CHEMBL4676607	CHEMBL4673258
CHEMBL1837909	CHEMBL1833932
CHEMBL4667316	CHEMBL4665650
CHEMBL3382692	CHEMBL3351481
CHEMBL5260123	CHEMBL5257122
CHEMBL1820405	CHEMBL1817582
CHEMBL4190643	CHEMBL4190175
CHEMBL4023248	CHEMBL4020826
CHEMBL3362287	CHEMBL3351646
CHEMBL4224343	CHEMBL4219261
CHEMBL1047263	CHEMBL1156026
CHEMBL5133947	CHEMBL5131455
CHEMBL1918794	CHEMBL1914304
CHEMBL3128610	CHEMBL3124792
CHEMBL4619034	CHEMBL4616703
CHEMBL5038061	CHEMBL5036355
CHEMBL3806618	CHEMBL3804799
CHEMBL3430512	CHEMBL3430320
CHEMBL3761681	CHEMBL3758174
CHEMBL3363799	CHEMBL3352316
CHEMBL4729408	CHEMBL4725368
CHEMBL2167881	CHEMBL2163339
CHEMBL4619543	CHEMBL4616724
CHEMBL3853465	CHEMBL3853264
CHEMBL4196965	CHEMBL4196017
CHEMBL4714789	CHEMBL4706729
CHEMBL1071416	CHEMBL1156924
CHEMBL5156635	CHEMBL5154676
CHEMBL3590902	CHEMBL3588833
CHEMBL2038474	CHEMBL2034889
CHEMBL1118597	CHEMBL1155544
CHEMBL5112474	CHEMBL5108065
CHEMBL3293920	CHEMBL3286179
CHEMBL4380954	CHEMBL4376877
CHEMBL3999906	CHEMBL3997842
CHEMBL3606444	CHEMBL3603736
CHEMBL832277	CHEMBL1142050
CHEMBL4190648	CHEMBL4190175
CHEMBL2090506	CHEMBL2086249
CHEMBL1106514	CHEMBL1157119
CHEMBL4183048	CHEMBL4177750
CHEMBL4667531	CHEMBL4665653
CHEMBL1837830	CHEMBL1833793
CHEMBL889158	CHEMBL1145366
CHEMBL4729409	CHEMBL4725368
CHEMBL1021997	CHEMBL1138582
CHEMBL3369560	CHEMBL3352417
CHEMBL5365183	CHEMBL5360658
CHEMBL5522524	CHEMBL5518236
CHEMBL4231472	CHEMBL4229360
CHEMBL2216282	CHEMBL2203133
CHEMBL2400453	CHEMBL2396647
CHEMBL4137009	CHEMBL4130624
CHEMBL3638110	CHEMBL3638030
CHEMBL1926423	CHEMBL1921770
CHEMBL1839401	CHEMBL1833909
CHEMBL937368	CHEMBL1147066
CHEMBL5730616	CHEMBL5725348
CHEMBL3776784	CHEMBL3774336
CHEMBL4835312	CHEMBL4834412
CHEMBL1111592	CHEMBL1156291
CHEMBL2020857	CHEMBL2016496
CHEMBL5517173	CHEMBL5512687
CHEMBL1109288	CHEMBL1154336
CHEMBL4329737	CHEMBL4325920
CHEMBL3749967	CHEMBL3745662
CHEMBL3430385	CHEMBL3430320
CHEMBL2092048	CHEMBL2086223
CHEMBL5034487	CHEMBL5034002
CHEMBL5337477	CHEMBL5335814
CHEMBL5097926	CHEMBL5096186
CHEMBL5731381	CHEMBL5725728
CHEMBL948146	CHEMBL1142336
CHEMBL3370466	CHEMBL3352793
CHEMBL3779069	CHEMBL3774357
CHEMBL1947877	CHEMBL1944587
CHEMBL3378486	CHEMBL3351614
CHEMBL4385389	CHEMBL4382285
CHEMBL3883132	CHEMBL3882737
CHEMBL4262602	CHEMBL4261519
CHEMBL3810582	CHEMBL3808345
CHEMBL4775892	CHEMBL4765492
CHEMBL1023104	CHEMBL1152762
CHEMBL5125857	CHEMBL5120943
CHEMBL4822034	CHEMBL4819093
CHEMBL2169528	CHEMBL2163245
CHEMBL3430556	CHEMBL3430320
CHEMBL4737759	CHEMBL4732199
CHEMBL5224705	CHEMBL5223112
CHEMBL4403846	CHEMBL4402547
CHEMBL4678244	CHEMBL4673331
CHEMBL4055831	CHEMBL4052673
CHEMBL1051709	CHEMBL1152451
CHEMBL3807886	CHEMBL3804778
CHEMBL4003651	CHEMBL4002594
CHEMBL3436119	CHEMBL3436046
CHEMBL3619843	CHEMBL3616440
CHEMBL3090833	CHEMBL3085767
CHEMBL3370468	CHEMBL3352793
CHEMBL5521911	CHEMBL5518227
CHEMBL4725052	CHEMBL4715925
CHEMBL1073582	CHEMBL1159080
CHEMBL4354033	CHEMBL4351001
CHEMBL3813501	CHEMBL3808345
CHEMBL4040881	CHEMBL4038335
CHEMBL3129644	CHEMBL3124894
CHEMBL4418047	CHEMBL4417632
CHEMBL3241657	CHEMBL3232922
CHEMBL3430509	CHEMBL3430320
CHEMBL4052069	CHEMBL4049449
CHEMBL5136953	CHEMBL5131575
CHEMBL4030954	CHEMBL4028852
CHEMBL4383075	CHEMBL4382198
CHEMBL5258224	CHEMBL5257040
CHEMBL5304241	CHEMBL5303764
CHEMBL2445494	CHEMBL2439973
CHEMBL1839209	CHEMBL1833884
CHEMBL4481698	CHEMBL4480421
CHEMBL4266337	CHEMBL4265875
CHEMBL4355799	CHEMBL4354805
CHEMBL3130896	CHEMBL3124745
CHEMBL3436100	CHEMBL3436046
CHEMBL4303779	CHEMBL4303773
CHEMBL3430691	CHEMBL3430320
CHEMBL4272649	CHEMBL4270548
CHEMBL1827186	CHEMBL1821619
CHEMBL3750583	CHEMBL3745609
CHEMBL5734655	CHEMBL5727433
CHEMBL3419128	CHEMBL3414433
CHEMBL4040303	CHEMBL4038318
CHEMBL4386308	CHEMBL4385607
CHEMBL1117803	CHEMBL1155540
CHEMBL1211615	CHEMBL1208692
CHEMBL3430411	CHEMBL3430320
CHEMBL3430699	CHEMBL3430320
CHEMBL4146889	CHEMBL4145474
CHEMBL1838283	CHEMBL1833860
CHEMBL2330006	CHEMBL2321803
CHEMBL4351579	CHEMBL4350959
CHEMBL1918740	CHEMBL1914304
CHEMBL4834317	CHEMBL4831559
CHEMBL3118388	CHEMBL3112390
CHEMBL2447659	CHEMBL2439970
CHEMBL5588791	CHEMBL5584349
CHEMBL2400598	CHEMBL2396632
CHEMBL2176358	CHEMBL2169882
CHEMBL4028581	CHEMBL4024800
CHEMBL3363797	CHEMBL3352316
CHEMBL5530931	CHEMBL5528065
CHEMBL2342699	CHEMBL2331108
CHEMBL816205	CHEMBL1135811
CHEMBL4885611	CHEMBL4630904
CHEMBL5112472	CHEMBL5108065
CHEMBL3381618	CHEMBL3351320
CHEMBL1647083	CHEMBL1641412
CHEMBL5732504	CHEMBL5726336
CHEMBL749472	CHEMBL1135758
CHEMBL2150640	CHEMBL2146480
CHEMBL660546	CHEMBL1124111
CHEMBL5608855	CHEMBL5608176
CHEMBL3430644	CHEMBL3430321
CHEMBL3436076	CHEMBL3436046
CHEMBL3638057	CHEMBL3638030
CHEMBL3430378	CHEMBL3430320
CHEMBL2061641	CHEMBL2057191
CHEMBL4829569	CHEMBL4828723
CHEMBL3407236	CHEMBL3400138
CHEMBL3430506	CHEMBL3430320
CHEMBL4822033	CHEMBL4819093
CHEMBL4184691	CHEMBL4184096
CHEMBL660543	CHEMBL1130547
CHEMBL3430429	CHEMBL3430320
CHEMBL3853466	CHEMBL3853264
CHEMBL1064182	CHEMBL1153470
CHEMBL3874988	CHEMBL3872283
CHEMBL3436080	CHEMBL3436046
CHEMBL864238	CHEMBL1145304
CHEMBL4623840	CHEMBL4622872
CHEMBL3864816	CHEMBL3864151
CHEMBL3430739	CHEMBL3430320
CHEMBL2327740	CHEMBL2321762
CHEMBL766815	CHEMBL1136167
CHEMBL3638141	CHEMBL3638030
CHEMBL4882388	CHEMBL4507280
CHEMBL4734906	CHEMBL4732108
CHEMBL3430652	CHEMBL3430321
CHEMBL3371912	CHEMBL3351865
CHEMBL5520854	CHEMBL5518207
CHEMBL2424139	CHEMBL2417389
CHEMBL1787497	CHEMBL1781946
CHEMBL4358500	CHEMBL4354855
CHEMBL5733977	CHEMBL5727077
CHEMBL5033455	CHEMBL5032513
CHEMBL4714168	CHEMBL4706691
CHEMBL3430709	CHEMBL3430320
CHEMBL3879991	CHEMBL3879887
CHEMBL3430736	CHEMBL3430320
CHEMBL4371269	CHEMBL4371004
CHEMBL3638077	CHEMBL3638030
CHEMBL1015312	CHEMBL1153298
CHEMBL768695	CHEMBL1134676
CHEMBL2422534	CHEMBL2417548
CHEMBL3413543	CHEMBL3407464
CHEMBL3380409	CHEMBL3351422
CHEMBL1011677	CHEMBL1152811
CHEMBL5035903	CHEMBL5034035
CHEMBL2040049	CHEMBL2034981
CHEMBL3412492	CHEMBL3407448
CHEMBL4124683	CHEMBL4118248
CHEMBL4630239	CHEMBL4627405
CHEMBL4840063	CHEMBL4837261
CHEMBL2038328	CHEMBL2034879
CHEMBL958152	CHEMBL1151747
CHEMBL1772211	CHEMBL1770083
CHEMBL5697032	CHEMBL5696440
CHEMBL3241473	CHEMBL3232922
CHEMBL3762406	CHEMBL3758127
CHEMBL5367092	CHEMBL5365451
CHEMBL907269	CHEMBL1139687
CHEMBL3865355	CHEMBL3864175
CHEMBL1816746	CHEMBL1811752
CHEMBL3868705	CHEMBL3868582
CHEMBL3638104	CHEMBL3638030
CHEMBL4769576	CHEMBL4765307
CHEMBL5535232	CHEMBL5532679
CHEMBL1107054	CHEMBL1156967
CHEMBL4828532	CHEMBL4825765
CHEMBL4028364	CHEMBL4024793
CHEMBL5734918	CHEMBL5727565
CHEMBL5581350	CHEMBL5579837
CHEMBL4885564	CHEMBL4630903
CHEMBL4339703	CHEMBL4339197
CHEMBL4881648	CHEMBL4507275
CHEMBL4047402	CHEMBL4043239
CHEMBL2161153	CHEMBL2157893
CHEMBL5321069	CHEMBL5316375
CHEMBL3430366	CHEMBL3430320
CHEMBL4765969	CHEMBL4765231
CHEMBL3430634	CHEMBL3430321
CHEMBL3225969	CHEMBL3217574
CHEMBL1036929	CHEMBL1154736
CHEMBL4199970	CHEMBL4196128
CHEMBL3880653	CHEMBL3880390
CHEMBL4717568	CHEMBL4715727
CHEMBL5585462	CHEMBL5584240
CHEMBL1054706	CHEMBL1152438
CHEMBL2014322	CHEMBL2010730
CHEMBL4415858	CHEMBL4414586
CHEMBL5339449	CHEMBL5338717
CHEMBL4193762	CHEMBL4190330
CHEMBL907768	CHEMBL1138877
CHEMBL1219227	CHEMBL1212880
CHEMBL3056066	CHEMBL3045039
CHEMBL2215193	CHEMBL2202962
CHEMBL1936097	CHEMBL1932985
CHEMBL3430602	CHEMBL3430321
CHEMBL2346000	CHEMBL2331552
CHEMBL4843291	CHEMBL4842341
CHEMBL3430708	CHEMBL3430320
CHEMBL3368358	CHEMBL3352699
CHEMBL1039908	CHEMBL1156057
CHEMBL3607683	CHEMBL3603738
CHEMBL3430323	CHEMBL3430320
CHEMBL4426368	CHEMBL4425120
CHEMBL3874723	CHEMBL3872258
CHEMBL4809364	CHEMBL4808184
CHEMBL3420643	CHEMBL3414471
CHEMBL4612636	CHEMBL4610114
CHEMBL988126	CHEMBL1157138
CHEMBL5520856	CHEMBL5518207
CHEMBL3430588	CHEMBL3430321
CHEMBL5034278	CHEMBL5033997
CHEMBL3888195	CHEMBL3886193
CHEMBL4766130	CHEMBL4765233
CHEMBL4701758	CHEMBL4699485
CHEMBL4143975	CHEMBL4138254
CHEMBL4144961	CHEMBL4138301
CHEMBL3436225	CHEMBL3436046
CHEMBL4047451	CHEMBL4043241
CHEMBL3430548	CHEMBL3430320
CHEMBL940932	CHEMBL1139807
CHEMBL4402270	CHEMBL4400569
CHEMBL5104970	CHEMBL5104103
CHEMBL2344006	CHEMBL2331553
CHEMBL3638073	CHEMBL3638030
CHEMBL3810731	CHEMBL3808345
CHEMBL868204	CHEMBL1148642
CHEMBL1788065	CHEMBL1781974
CHEMBL3997194	CHEMBL3994646
CHEMBL5104430	CHEMBL5104092
CHEMBL5582147	CHEMBL5579865
CHEMBL3385851	CHEMBL3351667
CHEMBL1839210	CHEMBL1833884
CHEMBL4843250	CHEMBL4842341
CHEMBL5158509	CHEMBL5154726
CHEMBL4612985	CHEMBL4610123
CHEMBL4400294	CHEMBL4396962
CHEMBL3807664	CHEMBL3804801
CHEMBL1952450	CHEMBL1949494
CHEMBL2387962	CHEMBL2385019
CHEMBL4829568	CHEMBL4828723
CHEMBL4383858	CHEMBL4382221
CHEMBL4811872	CHEMBL4811232
CHEMBL1832757	CHEMBL1828619
CHEMBL4430311	CHEMBL4428088
CHEMBL5380718	CHEMBL5376027
CHEMBL5110781	CHEMBL5108030
CHEMBL3880257	CHEMBL3879906
CHEMBL3430722	CHEMBL3430320
CHEMBL4144996	CHEMBL4138303
CHEMBL4332123	CHEMBL4330101
CHEMBL4729407	CHEMBL4725368
CHEMBL3795773	CHEMBL3792381
CHEMBL4739122	CHEMBL4732249
CHEMBL5393080	CHEMBL5390300
CHEMBL3883130	CHEMBL3882737
CHEMBL3430518	CHEMBL3430320
CHEMBL4811862	CHEMBL4811232
CHEMBL5724480	CHEMBL5723587
CHEMBL5255157	CHEMBL5252585
CHEMBL5055794	CHEMBL5055619
CHEMBL4270206	CHEMBL4266051
CHEMBL3436065	CHEMBL3436046
CHEMBL3430336	CHEMBL3430320
CHEMBL4047418	CHEMBL4043239
CHEMBL855008	CHEMBL1137403
CHEMBL853272	CHEMBL1147799
CHEMBL3239613	CHEMBL3232717
CHEMBL5588136	CHEMBL5584339
CHEMBL5041658	CHEMBL5038650
CHEMBL5039957	CHEMBL5038592
CHEMBL4047414	CHEMBL4043239
CHEMBL4341892	CHEMBL4340547
CHEMBL4181781	CHEMBL4177680
CHEMBL4773475	CHEMBL4765416
CHEMBL3508851	CHEMBL3508693
CHEMBL5735689	CHEMBL5727924
CHEMBL5255375	CHEMBL5252603
CHEMBL3430391	CHEMBL3430320
CHEMBL3089256	CHEMBL3085708
CHEMBL5136536	CHEMBL5131562
CHEMBL1176236	CHEMBL1177700
CHEMBL1764592	CHEMBL1759997
CHEMBL5531414	CHEMBL5528074
CHEMBL2404994	CHEMBL2401654
CHEMBL1781114	CHEMBL1777763
CHEMBL3430653	CHEMBL3430321
CHEMBL1106530	CHEMBL1157825
CHEMBL3436062	CHEMBL3436046
CHEMBL2217323	CHEMBL2216747
CHEMBL5738851	CHEMBL5729514
CHEMBL3418525	CHEMBL3414497
CHEMBL2168045	CHEMBL2163215
CHEMBL865554	CHEMBL1138061
CHEMBL5106268	CHEMBL5104164
CHEMBL3811855	CHEMBL3808337
CHEMBL1815100	CHEMBL1811786
CHEMBL3815833	CHEMBL3813624
CHEMBL4355821	CHEMBL4354805
CHEMBL4612554	CHEMBL4610112
CHEMBL930080	CHEMBL1143205
CHEMBL1055806	CHEMBL1153532
CHEMBL2169230	CHEMBL2163280
CHEMBL3813502	CHEMBL3808345
CHEMBL4605422	CHEMBL4602703
CHEMBL5137199	CHEMBL5136958
CHEMBL3374297	CHEMBL3352560
CHEMBL3430322	CHEMBL3430320
CHEMBL1635449	CHEMBL1629528
CHEMBL4030710	CHEMBL4028850
CHEMBL4666808	CHEMBL4665641
CHEMBL1291075	CHEMBL1287722
CHEMBL1034067	CHEMBL1152728
CHEMBL5549260	CHEMBL5543171
CHEMBL3430639	CHEMBL3430321
CHEMBL5513838	CHEMBL5512623
CHEMBL3880655	CHEMBL3880390
CHEMBL4187023	CHEMBL4184197
CHEMBL3810690	CHEMBL3808365
CHEMBL5610157	CHEMBL5608206
CHEMBL2330007	CHEMBL2321803
CHEMBL3430525	CHEMBL3430320
CHEMBL4325470	CHEMBL4321876
CHEMBL3430324	CHEMBL3430320
CHEMBL5225645	CHEMBL5223162
CHEMBL1275178	CHEMBL1268813
CHEMBL1042327	CHEMBL1154162
CHEMBL4430051	CHEMBL4428080
CHEMBL3376254	CHEMBL3351422
CHEMBL4255809	CHEMBL4251700
CHEMBL3603636	CHEMBL3600343
CHEMBL3761688	CHEMBL3758174
CHEMBL5125535	CHEMBL5120930
CHEMBL3430656	CHEMBL3430321
CHEMBL5109448	CHEMBL5107990
CHEMBL1106535	CHEMBL1157825
CHEMBL3749925	CHEMBL3745712
CHEMBL3773665	CHEMBL3769376
CHEMBL660033	CHEMBL1124881
CHEMBL1273173	CHEMBL1268988
CHEMBL4030010	CHEMBL4028831
CHEMBL5578649	CHEMBL5576133
CHEMBL4769912	CHEMBL4765317
CHEMBL5303984	CHEMBL5303761
CHEMBL5365195	CHEMBL5360658
CHEMBL5046760	CHEMBL5046225
CHEMBL4358540	CHEMBL4354855
CHEMBL3866779	CHEMBL3865819
CHEMBL3789775	CHEMBL3785031
CHEMBL868467	CHEMBL1146974
CHEMBL2382847	CHEMBL2380296
CHEMBL4313840	CHEMBL4311972
CHEMBL1060814	CHEMBL1153056
CHEMBL989030	CHEMBL1140111
CHEMBL5588431	CHEMBL5584344
CHEMBL5734036	CHEMBL5727110
CHEMBL4880904	CHEMBL4507332
CHEMBL3776122	CHEMBL3774320
CHEMBL1924379	CHEMBL1921674
CHEMBL2013523	CHEMBL2010758
CHEMBL5042445	CHEMBL5038679
CHEMBL1647137	CHEMBL1641414
CHEMBL2168600	CHEMBL2163253
CHEMBL4375019	CHEMBL4373693
CHEMBL5370215	CHEMBL5365538
CHEMBL3420642	CHEMBL3414471
CHEMBL4629781	CHEMBL4627393
CHEMBL4841576	CHEMBL4840347
CHEMBL3301460	CHEMBL3301458
CHEMBL4235081	CHEMBL4229492
CHEMBL3436137	CHEMBL3436046
CHEMBL4359448	CHEMBL4354878
CHEMBL2215143	CHEMBL2203219
CHEMBL4042710	CHEMBL4041533
CHEMBL3430544	CHEMBL3430320
CHEMBL5252906	CHEMBL5252511
CHEMBL653771	CHEMBL1123712
CHEMBL4023708	CHEMBL4020831
CHEMBL3875086	CHEMBL3872285
CHEMBL4373077	CHEMBL4371069
CHEMBL3225152	CHEMBL3217514
CHEMBL4818827	CHEMBL4814073
CHEMBL1211744	CHEMBL1208739
CHEMBL4827378	CHEMBL4825708
CHEMBL4610754	CHEMBL4610003
CHEMBL3992708	CHEMBL3992487
CHEMBL5381577	CHEMBL5380788
CHEMBL5534842	CHEMBL5532672
CHEMBL827704	CHEMBL1140272
CHEMBL3997333	CHEMBL3994654
CHEMBL5160040	CHEMBL5154768
CHEMBL4329870	CHEMBL4325924
CHEMBL5357935	CHEMBL5356958
CHEMBL3594777	CHEMBL3593157
CHEMBL943040	CHEMBL1140588
CHEMBL1107671	CHEMBL1153718
CHEMBL1647669	CHEMBL1641363
CHEMBL4842058	CHEMBL4840365
CHEMBL3430369	CHEMBL3430320
CHEMBL5338527	CHEMBL5335864
CHEMBL4728563	CHEMBL4725350
CHEMBL3129316	CHEMBL3124772
CHEMBL870536	CHEMBL1138893
CHEMBL3366617	CHEMBL3352090
CHEMBL5387761	CHEMBL5385878
CHEMBL5517494	CHEMBL5512694
CHEMBL5479512	CHEMBL5465560
CHEMBL820996	CHEMBL1145790
CHEMBL4396793	CHEMBL4393740
CHEMBL4049019	CHEMBL4043298
CHEMBL3367333	CHEMBL3351578
CHEMBL1120057	CHEMBL1158599
CHEMBL5522522	CHEMBL5518236
CHEMBL1942853	CHEMBL1938353
CHEMBL5031859	CHEMBL5030543
CHEMBL4828449	CHEMBL4825762
CHEMBL2439936	CHEMBL2434833
CHEMBL3869653	CHEMBL3868612
CHEMBL4623849	CHEMBL4622872
CHEMBL4769902	CHEMBL4765317
CHEMBL4882501	CHEMBL4507283
CHEMBL2168855	CHEMBL2163286
CHEMBL839576	CHEMBL1142718
CHEMBL3430331	CHEMBL3430320
CHEMBL5058672	CHEMBL5058641
CHEMBL3097141	CHEMBL3091402
CHEMBL1027669	CHEMBL1137783
CHEMBL4149408	CHEMBL4145565
CHEMBL4195585	CHEMBL4190398
CHEMBL4004503	CHEMBL4002640
CHEMBL3128856	CHEMBL3124772
CHEMBL3436072	CHEMBL3436046
CHEMBL1931723	CHEMBL1926511
CHEMBL5622391	CHEMBL5620393
CHEMBL4385381	CHEMBL4382284
CHEMBL940938	CHEMBL1139808
CHEMBL1647941	CHEMBL1641425
CHEMBL3406672	CHEMBL3400053
CHEMBL5521024	CHEMBL5518210
CHEMBL5320287	CHEMBL5316349
CHEMBL3119942	CHEMBL3112572
CHEMBL4810591	CHEMBL4808222
CHEMBL2320518	CHEMBL2311284
CHEMBL4766115	CHEMBL4765232
CHEMBL5682676	CHEMBL5678807
CHEMBL3627070	CHEMBL3621069
CHEMBL1052982	CHEMBL1152333
CHEMBL1820254	CHEMBL1817657
CHEMBL4481431	CHEMBL4480405
CHEMBL3430388	CHEMBL3430320
CHEMBL5051301	CHEMBL5050846
CHEMBL4718826	CHEMBL4715760
CHEMBL4373138	CHEMBL4371072
CHEMBL4617369	CHEMBL4616608
CHEMBL5056440	CHEMBL5055640
CHEMBL766809	CHEMBL1146789
CHEMBL4770548	CHEMBL4765335
CHEMBL3404835	CHEMBL3399929
CHEMBL4036596	CHEMBL4033742
CHEMBL4016566	CHEMBL4014340
CHEMBL3869588	CHEMBL3868610
CHEMBL4812459	CHEMBL4811251
CHEMBL906899	CHEMBL1148680
CHEMBL2399255	CHEMBL2396637
CHEMBL3436221	CHEMBL3436046
CHEMBL962063	CHEMBL1157462
CHEMBL941018	CHEMBL1139825
CHEMBL1111982	CHEMBL1157802
CHEMBL4810688	CHEMBL4808226
CHEMBL4728068	CHEMBL4725338
CHEMBL4432123	CHEMBL4431325
CHEMBL5478121	CHEMBL5465560
CHEMBL3430510	CHEMBL3430320
CHEMBL4432866	CHEMBL4431376
CHEMBL1061556	CHEMBL1153486
CHEMBL4606403	CHEMBL4602729
CHEMBL5334726	CHEMBL5331126
CHEMBL3625503	CHEMBL3621098
CHEMBL2210902	CHEMBL2203039
CHEMBL4341639	CHEMBL4340534
CHEMBL3744161	CHEMBL3739263
CHEMBL931280	CHEMBL1142222
CHEMBL4605767	CHEMBL4602714
CHEMBL5546327	CHEMBL5543124
CHEMBL3638116	CHEMBL3638030
CHEMBL3436105	CHEMBL3436046
CHEMBL2188816	CHEMBL2176961
CHEMBL3806671	CHEMBL3804782
CHEMBL5034211	CHEMBL5033995
CHEMBL3240651	CHEMBL3232758
CHEMBL3436124	CHEMBL3436046
CHEMBL3430417	CHEMBL3430320
CHEMBL4673070	CHEMBL4665914
CHEMBL1954560	CHEMBL1949642
CHEMBL5375739	CHEMBL5370690
CHEMBL3374453	CHEMBL3351479
CHEMBL836212	CHEMBL1138017
CHEMBL4157557	CHEMBL4152349
CHEMBL1826877	CHEMBL1821639
CHEMBL5162249	CHEMBL5154810
CHEMBL3118572	CHEMBL3112422
CHEMBL3130759	CHEMBL3124820
CHEMBL1050865	CHEMBL1155233
CHEMBL5036685	CHEMBL5036312
CHEMBL5261578	CHEMBL5260808
CHEMBL5156196	CHEMBL5154668
CHEMBL4427471	CHEMBL4425169
CHEMBL3638094	CHEMBL3638030
CHEMBL3123331	CHEMBL3120141
CHEMBL3430622	CHEMBL3430321
CHEMBL893743	CHEMBL1147937
CHEMBL4333871	CHEMBL4330143
CHEMBL4769897	CHEMBL4765317
CHEMBL1248651	CHEMBL1240442
CHEMBL2040132	CHEMBL2034857
CHEMBL4837693	CHEMBL4837188
CHEMBL4188047	CHEMBL4184240
CHEMBL4047417	CHEMBL4043239
CHEMBL3858245	CHEMBL3856231
CHEMBL3361668	CHEMBL3352565
CHEMBL3430407	CHEMBL3430320
CHEMBL4722404	CHEMBL4715832
CHEMBL4349959	CHEMBL4346735
CHEMBL3382749	CHEMBL3351789
CHEMBL5125533	CHEMBL5120930
CHEMBL2339912	CHEMBL2331085
CHEMBL4732339	CHEMBL4732020
CHEMBL5100480	CHEMBL5096242
CHEMBL3089255	CHEMBL3085708
CHEMBL5160400	CHEMBL5154772
CHEMBL4051903	CHEMBL4049443
CHEMBL4331643	CHEMBL4330084
CHEMBL1959635	CHEMBL1955837
CHEMBL4845082	CHEMBL4842384
CHEMBL4028623	CHEMBL4024802
CHEMBL4007677	CHEMBL4007384
CHEMBL4392036	CHEMBL4390670
CHEMBL5054318	CHEMBL5053512
CHEMBL4880792	CHEMBL4507332
CHEMBL3100171	CHEMBL3098117
CHEMBL5055890	CHEMBL5055621
CHEMBL1056550	CHEMBL1153522
CHEMBL4427809	CHEMBL4425182
CHEMBL1048874	CHEMBL1156048
CHEMBL4769916	CHEMBL4765317
CHEMBL4016565	CHEMBL4014340
CHEMBL4122741	CHEMBL4118159
CHEMBL1952936	CHEMBL1949629
CHEMBL5344086	CHEMBL5338823
CHEMBL4712777	CHEMBL4706647
CHEMBL4723228	CHEMBL4715854
CHEMBL3430494	CHEMBL3430320
CHEMBL694796	CHEMBL1149193
CHEMBL3861882	CHEMBL3860107
CHEMBL5217822	CHEMBL5214989
CHEMBL3430463	CHEMBL3430320
CHEMBL4679076	CHEMBL4673358
CHEMBL3107883	CHEMBL3102772
CHEMBL4673098	CHEMBL4665917
CHEMBL4180583	CHEMBL4177627
CHEMBL922329	CHEMBL1143959
CHEMBL5355254	CHEMBL5352457
CHEMBL3268528	CHEMBL3259669
CHEMBL3638166	CHEMBL3638030
CHEMBL4617481	CHEMBL4616617
CHEMBL3638103	CHEMBL3638030
CHEMBL3638124	CHEMBL3638030
CHEMBL4724812	CHEMBL4715912
CHEMBL3779605	CHEMBL3774320
CHEMBL4189989	CHEMBL4184336
CHEMBL4021700	CHEMBL4020748
CHEMBL2217338	CHEMBL2216747
CHEMBL2027643	CHEMBL2021880
CHEMBL3370429	CHEMBL3351537
CHEMBL5264198	CHEMBL5260838
CHEMBL3430513	CHEMBL3430320
CHEMBL5354415	CHEMBL5352433
CHEMBL4028174	CHEMBL4024791
CHEMBL5217959	CHEMBL5214992
CHEMBL5055888	CHEMBL5055621
CHEMBL4433754	CHEMBL4433215
CHEMBL2044730	CHEMBL2040827
CHEMBL1034068	CHEMBL1152728
CHEMBL1117034	CHEMBL1156328
CHEMBL1065723	CHEMBL1156870
CHEMBL5251558	CHEMBL5247653
CHEMBL1024839	CHEMBL1140162
CHEMBL4839361	CHEMBL4837245
CHEMBL863591	CHEMBL1137244
CHEMBL1211587	CHEMBL1208792
CHEMBL4405759	CHEMBL4402590
CHEMBL4813155	CHEMBL4811281
CHEMBL5330438	CHEMBL5329199
CHEMBL4367692	CHEMBL4364301
CHEMBL903477	CHEMBL1139125
CHEMBL4274732	CHEMBL4270600
CHEMBL4388216	CHEMBL4387707
CHEMBL3242637	CHEMBL3232705
CHEMBL5098616	CHEMBL5096203
CHEMBL988836	CHEMBL1144211
CHEMBL5037534	CHEMBL5036335
CHEMBL3370467	CHEMBL3352793
CHEMBL1918925	CHEMBL1914304
CHEMBL1039912	CHEMBL1156057
CHEMBL4013753	CHEMBL4011649
CHEMBL3430690	CHEMBL3430320
CHEMBL2208508	CHEMBL2203010
CHEMBL4012709	CHEMBL4011618
CHEMBL5331001	CHEMBL5329222
CHEMBL4156817	CHEMBL4152343
CHEMBL5381145	CHEMBL5380777
CHEMBL5107306	CHEMBL5104197
CHEMBL5036625	CHEMBL5036310
CHEMBL3295244	CHEMBL3286293
CHEMBL4033405	CHEMBL4028914
CHEMBL981857	CHEMBL1142515
CHEMBL3430485	CHEMBL3430320
CHEMBL5034529	CHEMBL5034003
CHEMBL5316910	CHEMBL5316274
CHEMBL2343015	CHEMBL2331215
CHEMBL1039573	CHEMBL1154688
CHEMBL4123122	CHEMBL4118190
CHEMBL4390915	CHEMBL4390640
CHEMBL3865359	CHEMBL3864175
CHEMBL2013641	CHEMBL2010651
CHEMBL1008907	CHEMBL1140927
CHEMBL4610870	CHEMBL4610013
CHEMBL1009664	CHEMBL1138602
CHEMBL1107673	CHEMBL1153718
CHEMBL914756	CHEMBL1147155
CHEMBL3436064	CHEMBL3436046
CHEMBL5055701	CHEMBL5055616
CHEMBL3436083	CHEMBL3436046
CHEMBL1676103	CHEMBL1671772
CHEMBL4407435	CHEMBL4406807
CHEMBL4047412	CHEMBL4043239
CHEMBL3638096	CHEMBL3638030
CHEMBL3436101	CHEMBL3436046
CHEMBL2217327	CHEMBL2216747
CHEMBL3807114	CHEMBL3804779
CHEMBL4272648	CHEMBL4270548
CHEMBL4052358	CHEMBL4049456
CHEMBL4020626	CHEMBL4017544
CHEMBL3413971	CHEMBL3407455
CHEMBL3591008	CHEMBL3588848
CHEMBL5323931	CHEMBL5321272
CHEMBL1287098	CHEMBL1275351
CHEMBL921543	CHEMBL1147066
CHEMBL5510148	CHEMBL5506027
CHEMBL3831061	CHEMBL3826929
CHEMBL937360	CHEMBL1147066
CHEMBL2049550	CHEMBL2046386
CHEMBL1070712	CHEMBL1156904
CHEMBL2410074	CHEMBL2406997
CHEMBL4339665	CHEMBL4339196
CHEMBL3226991	CHEMBL3217683
CHEMBL1799749	CHEMBL1795246
CHEMBL4415570	CHEMBL4414574
CHEMBL4270256	CHEMBL4266056
CHEMBL1781402	CHEMBL1777727
CHEMBL2162878	CHEMBL2157972
CHEMBL5303951	CHEMBL5303761
CHEMBL5585351	CHEMBL5584237
CHEMBL3801062	CHEMBL3797102
CHEMBL5303940	CHEMBL5303761
CHEMBL4670564	CHEMBL4665796
CHEMBL4224344	CHEMBL4219261
CHEMBL3855824	CHEMBL3853353
CHEMBL5739084	CHEMBL5729608
CHEMBL3378079	CHEMBL3352175
CHEMBL4017802	CHEMBL4017458
CHEMBL4809367	CHEMBL4808184
CHEMBL4830698	CHEMBL4828748
CHEMBL4672099	CHEMBL4665855
CHEMBL2396468	CHEMBL2390902
CHEMBL5236892	CHEMBL5236545
CHEMBL4679077	CHEMBL4673358
CHEMBL2034479	CHEMBL2029330
CHEMBL4887183	CHEMBL4800722
CHEMBL5531576	CHEMBL5528077
CHEMBL700074	CHEMBL1126913
CHEMBL2439735	CHEMBL2434870
CHEMBL3424160	CHEMBL3421561
CHEMBL4701493	CHEMBL4699472
CHEMBL5035695	CHEMBL5034031
CHEMBL3436216	CHEMBL3436046
CHEMBL1827362	CHEMBL1821550
CHEMBL4158756	CHEMBL4152385
CHEMBL953933	CHEMBL1157430
CHEMBL4388195	CHEMBL4387706
CHEMBL3129034	CHEMBL3124877
CHEMBL1837312	CHEMBL1833918
CHEMBL5163328	CHEMBL5154826
CHEMBL768689	CHEMBL1146708
CHEMBL5038083	CHEMBL5036355
CHEMBL1273917	CHEMBL1268902
CHEMBL2400456	CHEMBL2396647
CHEMBL3800751	CHEMBL3797149
CHEMBL929283	CHEMBL1147066
CHEMBL4036198	CHEMBL4033714
CHEMBL5516908	CHEMBL5512682
CHEMBL3879989	CHEMBL3879887
CHEMBL3293610	CHEMBL3286368
CHEMBL3618799	CHEMBL3616397
CHEMBL3883131	CHEMBL3882737
CHEMBL5058820	CHEMBL5058643
CHEMBL3829472	CHEMBL3826935
CHEMBL4383595	CHEMBL4382210
CHEMBL4351290	CHEMBL4350955
CHEMBL2187817	CHEMBL2177008
CHEMBL3430735	CHEMBL3430320
CHEMBL2429187	CHEMBL2424575
CHEMBL5253805	CHEMBL5252536
CHEMBL4326442	CHEMBL4325835
CHEMBL5098619	CHEMBL5096203
CHEMBL5154400	CHEMBL5150075
CHEMBL943783	CHEMBL1140726
CHEMBL5225841	CHEMBL5223170
CHEMBL828432	CHEMBL1140272
CHEMBL4254554	CHEMBL4251632
CHEMBL1121077	CHEMBL1158565
CHEMBL822598	CHEMBL1135758
CHEMBL3430641	CHEMBL3430321
CHEMBL2396234	CHEMBL2390846
CHEMBL3789028	CHEMBL3784918
CHEMBL1657598	CHEMBL1649066
CHEMBL4358535	CHEMBL4354855
CHEMBL1918787	CHEMBL1914304
CHEMBL5549269	CHEMBL5543172
CHEMBL3583403	CHEMBL3580651
CHEMBL4670699	CHEMBL4665801
CHEMBL923046	CHEMBL1140675
CHEMBL948532	CHEMBL1157476
CHEMBL5117280	CHEMBL5113463
CHEMBL4039312	CHEMBL4038301
CHEMBL2091838	CHEMBL2086224
CHEMBL4881820	CHEMBL4507276
CHEMBL1767984	CHEMBL1764953
CHEMBL1817372	CHEMBL1811901
CHEMBL2327575	CHEMBL2321765
CHEMBL3128678	CHEMBL3124792
CHEMBL4620736	CHEMBL4619752
CHEMBL4813130	CHEMBL4811281
CHEMBL4339725	CHEMBL4339198
CHEMBL3102172	CHEMBL3098111
CHEMBL1646084	CHEMBL1641404
CHEMBL3592080	CHEMBL3588826
CHEMBL3630418	CHEMBL3627709
CHEMBL1052984	CHEMBL1152333
CHEMBL3430484	CHEMBL3430320
CHEMBL4416704	CHEMBL4414632
CHEMBL886510	CHEMBL1139143
CHEMBL1044431	CHEMBL1155321
CHEMBL2216713	CHEMBL2203133
CHEMBL5254107	CHEMBL5252542
CHEMBL2379703	CHEMBL2375287
CHEMBL5382450	CHEMBL5380805
CHEMBL5381146	CHEMBL5380777
CHEMBL3382561	CHEMBL3352744
CHEMBL3779522	CHEMBL3774372
CHEMBL3801061	CHEMBL3797102
CHEMBL909940	CHEMBL1137327
CHEMBL4015596	CHEMBL4014311
CHEMBL5159526	CHEMBL5154753
CHEMBL3291637	CHEMBL3286136
CHEMBL3624311	CHEMBL3621142
CHEMBL5256753	CHEMBL5252665
CHEMBL2026860	CHEMBL2021786
CHEMBL1648352	CHEMBL1641467
CHEMBL3420397	CHEMBL3414471
CHEMBL4616407	CHEMBL4613324
CHEMBL1819703	CHEMBL1817582
CHEMBL3602726	CHEMBL3600324
CHEMBL1961127	CHEMBL1955757
CHEMBL1121075	CHEMBL1158565
CHEMBL2215781	CHEMBL2203047
CHEMBL4184686	CHEMBL4184096
CHEMBL3755245	CHEMBL3751729
CHEMBL4370169	CHEMBL4368910
CHEMBL4039281	CHEMBL4038301
CHEMBL3430335	CHEMBL3430320
CHEMBL3872166	CHEMBL3871307
CHEMBL3436055	CHEMBL3436046
CHEMBL1954706	CHEMBL1949573
CHEMBL3625363	CHEMBL3621164
CHEMBL4201937	CHEMBL4196213
CHEMBL3638161	CHEMBL3638030
CHEMBL3795947	CHEMBL3792353
CHEMBL1960000	CHEMBL1955823
CHEMBL1961177	CHEMBL1955741
CHEMBL827855	CHEMBL1143543
CHEMBL5392515	CHEMBL5390273
CHEMBL2412549	CHEMBL2407064
CHEMBL3887508	CHEMBL3886344
CHEMBL2176623	CHEMBL2169853
CHEMBL3997735	CHEMBL3994677
CHEMBL1918926	CHEMBL1914304
CHEMBL660545	CHEMBL1124111
CHEMBL3364426	CHEMBL3351978
CHEMBL5037162	CHEMBL5036324
CHEMBL3436129	CHEMBL3436046
CHEMBL4055940	CHEMBL4052683
CHEMBL5318426	CHEMBL5316310
CHEMBL5531210	CHEMBL5528069
CHEMBL5117281	CHEMBL5113463
CHEMBL2173537	CHEMBL2169816
CHEMBL2208509	CHEMBL2203010
CHEMBL4823546	CHEMBL4823248
CHEMBL4332175	CHEMBL4330102
CHEMBL4388237	CHEMBL4387708
CHEMBL2415177	CHEMBL2412975
CHEMBL4200761	CHEMBL4196169
CHEMBL4826990	CHEMBL4825692
CHEMBL944648	CHEMBL1140953
CHEMBL1810895	CHEMBL1806368
CHEMBL4373005	CHEMBL4371067
CHEMBL5252391	CHEMBL5247677
CHEMBL3436138	CHEMBL3436046
CHEMBL937363	CHEMBL1147066
CHEMBL4338991	CHEMBL4334551
CHEMBL5584720	CHEMBL5584220
CHEMBL4199985	CHEMBL4196128
CHEMBL1069062	CHEMBL1158507
CHEMBL1065724	CHEMBL1156870
CHEMBL2212824	CHEMBL2203210
CHEMBL3419366	CHEMBL3414433
CHEMBL4433750	CHEMBL4433215
CHEMBL5131293	CHEMBL5126674
CHEMBL4433274	CHEMBL4433195
CHEMBL3430395	CHEMBL3430320
CHEMBL4627218	CHEMBL4622996
CHEMBL4840062	CHEMBL4837261
CHEMBL5512022	CHEMBL5506067
CHEMBL5155949	CHEMBL5154659
CHEMBL4054843	CHEMBL4052645
CHEMBL2411100	CHEMBL2406966
CHEMBL3880242	CHEMBL3879905
CHEMBL903920	CHEMBL1142907
CHEMBL4341373	CHEMBL4340527
CHEMBL4827648	CHEMBL4825722
CHEMBL650906	CHEMBL1132000
CHEMBL5323881	CHEMBL5321272
CHEMBL903549	CHEMBL1139948
CHEMBL4629713	CHEMBL4627393
CHEMBL3583383	CHEMBL3580651
CHEMBL958338	CHEMBL1153372
CHEMBL3430446	CHEMBL3430320
CHEMBL952419	CHEMBL1157496
CHEMBL1247719	CHEMBL1240532
CHEMBL3430647	CHEMBL3430321
CHEMBL4616477	CHEMBL4613325
CHEMBL5609386	CHEMBL5608187
CHEMBL1838314	CHEMBL1833934
CHEMBL4769903	CHEMBL4765317
CHEMBL1772133	CHEMBL1770137
CHEMBL3430327	CHEMBL3430320
CHEMBL3419515	CHEMBL3414517
CHEMBL4887724	CHEMBL4800723
CHEMBL4394871	CHEMBL4393678
CHEMBL3430733	CHEMBL3430320
CHEMBL3587702	CHEMBL3585263
CHEMBL3367864	CHEMBL3351482
CHEMBL5476607	CHEMBL5465560
CHEMBL3436098	CHEMBL3436046
CHEMBL5034587	CHEMBL5034005
CHEMBL3996856	CHEMBL3994626
CHEMBL4014095	CHEMBL4011656
CHEMBL5522443	CHEMBL5518235
CHEMBL5121792	CHEMBL5120772
CHEMBL4402273	CHEMBL4400569
CHEMBL5097460	CHEMBL5096172
CHEMBL3815825	CHEMBL3813624
CHEMBL3603073	CHEMBL3600316
CHEMBL1118846	CHEMBL1155446
CHEMBL4016569	CHEMBL4014340
CHEMBL4826209	CHEMBL4825668
CHEMBL655370	CHEMBL1132542
CHEMBL4331542	CHEMBL4330081
CHEMBL2389350	CHEMBL2385010
CHEMBL4150477	CHEMBL4145625
CHEMBL2443511	CHEMBL2440017
CHEMBL1274536	CHEMBL1268946
CHEMBL3430330	CHEMBL3430320
CHEMBL4004027	CHEMBL4002615
CHEMBL4015657	CHEMBL4014312
CHEMBL1118090	CHEMBL1155525
CHEMBL3436091	CHEMBL3436046
CHEMBL5370115	CHEMBL5365534
CHEMBL1831617	CHEMBL1828623
CHEMBL939830	CHEMBL1141029
CHEMBL3271183	CHEMBL3259733
CHEMBL3579079	CHEMBL3576831
CHEMBL3123229	CHEMBL3120081
CHEMBL5149298	CHEMBL5143732
CHEMBL1775806	CHEMBL1773020
CHEMBL3638102	CHEMBL3638030
CHEMBL4810220	CHEMBL4808209
CHEMBL4179915	CHEMBL4177603
CHEMBL3614618	CHEMBL3612054
CHEMBL3773667	CHEMBL3769376
CHEMBL4270205	CHEMBL4266051
CHEMBL4730753	CHEMBL4725429
CHEMBL1799739	CHEMBL1795332
CHEMBL5320164	CHEMBL5316345
CHEMBL3364596	CHEMBL3352377
CHEMBL5635916	CHEMBL5634110
CHEMBL1942803	CHEMBL1938364
CHEMBL865039	CHEMBL1147687
CHEMBL859790	CHEMBL1146078
CHEMBL4676921	CHEMBL4673260
CHEMBL3599848	CHEMBL3596131
CHEMBL3430259	CHEMBL3425511
CHEMBL5530460	CHEMBL5528056
CHEMBL944218	CHEMBL1157515
CHEMBL5041659	CHEMBL5038650
CHEMBL1042376	CHEMBL1154167
CHEMBL4040124	CHEMBL4038312
CHEMBL5373258	CHEMBL5370606
CHEMBL3225066	CHEMBL3217425
CHEMBL2039631	CHEMBL2034889
CHEMBL5257220	CHEMBL5257017
CHEMBL2318750	CHEMBL2311347
CHEMBL3757420	CHEMBL3751828
CHEMBL4030207	CHEMBL4028836
CHEMBL933623	CHEMBL1147066
CHEMBL3430540	CHEMBL3430320
CHEMBL5550341	CHEMBL5550087
CHEMBL934351	CHEMBL1142361
CHEMBL5538910	CHEMBL5537146
CHEMBL1781387	CHEMBL1777773
CHEMBL2395380	CHEMBL2390935
CHEMBL4881819	CHEMBL4507276
CHEMBL5578650	CHEMBL5576133
CHEMBL4724824	CHEMBL4715913
CHEMBL5377244	CHEMBL5375964
CHEMBL4184508	CHEMBL4184082
CHEMBL3808109	CHEMBL3804767
CHEMBL4016137	CHEMBL4014331
CHEMBL1685483	CHEMBL1681704
CHEMBL2166760	CHEMBL2163267
CHEMBL1839780	CHEMBL1833814
CHEMBL4813131	CHEMBL4811281
CHEMBL5637591	CHEMBL5634142
CHEMBL5249646	CHEMBL5247605
CHEMBL3430348	CHEMBL3430320
CHEMBL1947996	CHEMBL1944512
CHEMBL3377656	CHEMBL3352228
CHEMBL830529	CHEMBL1142768
CHEMBL5150939	CHEMBL5149979
CHEMBL3855376	CHEMBL3853331
CHEMBL2217339	CHEMBL2216747
CHEMBL5737567	CHEMBL5728833
CHEMBL3430633	CHEMBL3430321
CHEMBL5609108	CHEMBL5608181
CHEMBL2318297	CHEMBL2311491
CHEMBL1049590	CHEMBL1156750
CHEMBL5130290	CHEMBL5126614
CHEMBL4040882	CHEMBL4038335
CHEMBL1909190	CHEMBL1909046
CHEMBL1218978	CHEMBL1212920
CHEMBL1055593	CHEMBL1152970
CHEMBL4056897	CHEMBL4052739
CHEMBL4720165	CHEMBL4715815
CHEMBL3436135	CHEMBL3436046
CHEMBL4432076	CHEMBL4431324
CHEMBL5264190	CHEMBL5260838
CHEMBL2318185	CHEMBL2311289
CHEMBL4181299	CHEMBL4177660
CHEMBL956578	CHEMBL1152163
CHEMBL998044	CHEMBL1136951
CHEMBL3362675	CHEMBL3351646
CHEMBL5521451	CHEMBL5518220
CHEMBL4312674	CHEMBL4311943
CHEMBL4312666	CHEMBL4311943
CHEMBL5351810	CHEMBL5346974
CHEMBL3430474	CHEMBL3430320
CHEMBL3436052	CHEMBL3436046
CHEMBL3811490	CHEMBL3808345
CHEMBL986141	CHEMBL1144191
CHEMBL3430536	CHEMBL3430320
CHEMBL1121074	CHEMBL1158565
CHEMBL1049781	CHEMBL1155998
CHEMBL1033089	CHEMBL1140166
CHEMBL4843634	CHEMBL4842348
CHEMBL5628161	CHEMBL5625224
CHEMBL5546322	CHEMBL5543124
CHEMBL2426900	CHEMBL2424615
CHEMBL3436058	CHEMBL3436046
CHEMBL5051302	CHEMBL5050846
CHEMBL1924724	CHEMBL1921678
CHEMBL4041102	CHEMBL4038339
CHEMBL4424285	CHEMBL4422661
CHEMBL4613179	CHEMBL4610129
CHEMBL5586995	CHEMBL5584309
CHEMBL914755	CHEMBL1147155
CHEMBL4134159	CHEMBL4130453
CHEMBL1913194	CHEMBL1909536
CHEMBL4426446	CHEMBL4425122
CHEMBL1057876	CHEMBL1152393
CHEMBL3761659	CHEMBL3758104
CHEMBL865929	CHEMBL1138170
CHEMBL5038081	CHEMBL5036355
CHEMBL3638076	CHEMBL3638030
CHEMBL1112964	CHEMBL1158539
CHEMBL1120476	CHEMBL1155534
CHEMBL3430363	CHEMBL3430320
CHEMBL5049100	CHEMBL5046282
CHEMBL3090651	CHEMBL3085695
CHEMBL4122825	CHEMBL4118169
CHEMBL1293077	CHEMBL1287671
CHEMBL4367272	CHEMBL4364294
CHEMBL5535167	CHEMBL5532677
CHEMBL3754945	CHEMBL3751833
CHEMBL5304965	CHEMBL5303768
CHEMBL5735953	CHEMBL5728060
CHEMBL1787952	CHEMBL1781887
CHEMBL4719471	CHEMBL4715789
CHEMBL3430376	CHEMBL3430320
CHEMBL3625361	CHEMBL3621164
CHEMBL1633019	CHEMBL1629455
CHEMBL3855680	CHEMBL3853343
CHEMBL3430478	CHEMBL3430320
CHEMBL5365208	CHEMBL5360658
CHEMBL3383596	CHEMBL3351528
CHEMBL944326	CHEMBL1152282
CHEMBL4817671	CHEMBL4814016
CHEMBL3224857	CHEMBL3217487
CHEMBL5224985	CHEMBL5223125
CHEMBL2160405	CHEMBL2157870
CHEMBL1219614	CHEMBL1212936
CHEMBL4427858	CHEMBL4425185
CHEMBL4047408	CHEMBL4043239
CHEMBL5476531	CHEMBL5465560
CHEMBL3436056	CHEMBL3436046
CHEMBL4626204	CHEMBL4622974
CHEMBL4839358	CHEMBL4837245
CHEMBL4769894	CHEMBL4765317
CHEMBL4668721	CHEMBL4665688
CHEMBL2168044	CHEMBL2163215
CHEMBL1838399	CHEMBL1833813
CHEMBL976158	CHEMBL1153978
CHEMBL3638066	CHEMBL3638030
CHEMBL4844548	CHEMBL4842371
CHEMBL766804	CHEMBL1136065
CHEMBL5155313	CHEMBL5154644
CHEMBL2173019	CHEMBL2169755
CHEMBL4719894	CHEMBL4715806
CHEMBL4619942	CHEMBL4619707
CHEMBL5048808	CHEMBL5046278
CHEMBL3243282	CHEMBL3232788
CHEMBL1686392	CHEMBL1681678
CHEMBL3803537	CHEMBL3797106
CHEMBL3436157	CHEMBL3436046
CHEMBL4628362	CHEMBL4627305
CHEMBL3607787	CHEMBL3603741
CHEMBL1820249	CHEMBL1817657
CHEMBL4051888	CHEMBL4049443
CHEMBL656375	CHEMBL1135758
CHEMBL870188	CHEMBL1148661
CHEMBL3819862	CHEMBL3817762
CHEMBL3768467	CHEMBL3763052
CHEMBL2400452	CHEMBL2396647
CHEMBL5697037	CHEMBL5696440
CHEMBL2037899	CHEMBL2034921
CHEMBL3790041	CHEMBL3784945
CHEMBL5377048	CHEMBL5375957
CHEMBL841905	CHEMBL1134579
CHEMBL4181790	CHEMBL4177680
CHEMBL3602243	CHEMBL3600314
CHEMBL2045992	CHEMBL2040836
CHEMBL2167443	CHEMBL2163259
CHEMBL2024805	CHEMBL2021886
CHEMBL3387126	CHEMBL3351799
CHEMBL2034394	CHEMBL2029265
CHEMBL2330862	CHEMBL2321868
CHEMBL5622384	CHEMBL5620393
CHEMBL5223702	CHEMBL5223081
CHEMBL1913067	CHEMBL1909536
CHEMBL2406355	CHEMBL2401692
CHEMBL905110	CHEMBL1143695
CHEMBL4428924	CHEMBL4428053
CHEMBL4392494	CHEMBL4390688
CHEMBL3430531	CHEMBL3430320
CHEMBL2384313	CHEMBL2380211
CHEMBL1687412	CHEMBL1681652
CHEMBL3430460	CHEMBL3430320
CHEMBL3638135	CHEMBL3638030
CHEMBL3430480	CHEMBL3430320
CHEMBL4427621	CHEMBL4425174
CHEMBL2400455	CHEMBL2396647
CHEMBL1816131	CHEMBL1811851
CHEMBL4630252	CHEMBL4627405
CHEMBL3795743	CHEMBL3792364
CHEMBL3430516	CHEMBL3430320
CHEMBL861449	CHEMBL1148517
CHEMBL5304026	CHEMBL5303762
CHEMBL1810316	CHEMBL1806382
CHEMBL4049326	CHEMBL4043310
CHEMBL4727232	CHEMBL4725297
CHEMBL5136714	CHEMBL5131568
CHEMBL1918793	CHEMBL1914304
CHEMBL5167326	CHEMBL5154916
CHEMBL939877	CHEMBL1137011
CHEMBL940929	CHEMBL1139807
CHEMBL1116226	CHEMBL1156340
CHEMBL2089540	CHEMBL2086236
CHEMBL3430589	CHEMBL3430321
CHEMBL3610733	CHEMBL3608263
CHEMBL5304125	CHEMBL5303763
CHEMBL2071937	CHEMBL2069205
CHEMBL4685630	CHEMBL4680212
CHEMBL1918055	CHEMBL1914301
CHEMBL5335441	CHEMBL5331140
CHEMBL4704178	CHEMBL4699583
CHEMBL5739240	CHEMBL5729688
CHEMBL3430743	CHEMBL3430320
CHEMBL3430462	CHEMBL3430320
CHEMBL5543948	CHEMBL5543079
CHEMBL4381400	CHEMBL4376885
CHEMBL5520756	CHEMBL5518206
CHEMBL1113040	CHEMBL1154321
CHEMBL1100678	CHEMBL1154954
CHEMBL4124237	CHEMBL4118226
CHEMBL4233117	CHEMBL4229414
CHEMBL5031795	CHEMBL5030540
CHEMBL1799748	CHEMBL1795246
CHEMBL1930402	CHEMBL1926604
CHEMBL3430714	CHEMBL3430320
CHEMBL2089933	CHEMBL2086249
CHEMBL854892	CHEMBL1137589
CHEMBL1063264	CHEMBL1152385
CHEMBL1247720	CHEMBL1240532
CHEMBL3242070	CHEMBL3232919
CHEMBL3430399	CHEMBL3430320
CHEMBL3583955	CHEMBL3580617
CHEMBL5537402	CHEMBL5537112
CHEMBL4714257	CHEMBL4706694
CHEMBL2173974	CHEMBL2169805
CHEMBL3638155	CHEMBL3638030
CHEMBL4813160	CHEMBL4811281
CHEMBL3436073	CHEMBL3436046
CHEMBL4033454	CHEMBL4028916
CHEMBL3119345	CHEMBL3112508
CHEMBL4345274	CHEMBL4342490
CHEMBL5476569	CHEMBL5465560
CHEMBL4619017	CHEMBL4616703
CHEMBL3773319	CHEMBL3769327
CHEMBL1051047	CHEMBL1153074
CHEMBL5363738	CHEMBL5360611
CHEMBL3865493	CHEMBL3864182
CHEMBL5048865	CHEMBL5046279
CHEMBL3436118	CHEMBL3436046
CHEMBL937362	CHEMBL1147066
CHEMBL889315	CHEMBL1145378
CHEMBL2382843	CHEMBL2380296
CHEMBL3430697	CHEMBL3430320
CHEMBL1954009	CHEMBL1949557
CHEMBL2060687	CHEMBL2057186
CHEMBL4429473	CHEMBL4428066
CHEMBL5377365	CHEMBL5375967
CHEMBL4403945	CHEMBL4402552
CHEMBL5359176	CHEMBL5357013
CHEMBL865567	CHEMBL1139653
CHEMBL4429890	CHEMBL4428077
CHEMBL1786160	CHEMBL1782039
CHEMBL5617227	CHEMBL5614430
CHEMBL3889183	CHEMBL3886979
CHEMBL1116644	CHEMBL1154342
CHEMBL2039336	CHEMBL2034953
CHEMBL4610765	CHEMBL4610003
CHEMBL3373705	CHEMBL3352115
CHEMBL3997715	CHEMBL3994677
CHEMBL3226215	CHEMBL3217702
CHEMBL5627061	CHEMBL5625201
CHEMBL2214095	CHEMBL2203264
CHEMBL5255854	CHEMBL5252622
CHEMBL5304230	CHEMBL5303764
CHEMBL4813132	CHEMBL4811281
CHEMBL3430630	CHEMBL3430321
CHEMBL3370082	CHEMBL3352617
CHEMBL3430692	CHEMBL3430320
CHEMBL3074982	CHEMBL3046773
CHEMBL2351330	CHEMBL2346557
CHEMBL3802897	CHEMBL3797054
CHEMBL4769893	CHEMBL4765317
CHEMBL4385391	CHEMBL4382285
CHEMBL5634341	CHEMBL5634071
CHEMBL4679199	CHEMBL4673363
CHEMBL2049735	CHEMBL2046355
CHEMBL4329551	CHEMBL4325910
CHEMBL5133221	CHEMBL5131409
CHEMBL5358237	CHEMBL5356971
CHEMBL944711	CHEMBL1140726
CHEMBL3638072	CHEMBL3638030
CHEMBL4339061	CHEMBL4334552
CHEMBL985176	CHEMBL1156508
CHEMBL3430477	CHEMBL3430320
CHEMBL5116305	CHEMBL5113423
CHEMBL1248763	CHEMBL1240442
CHEMBL2040331	CHEMBL2034887
CHEMBL3430362	CHEMBL3430320
CHEMBL3607541	CHEMBL3603744
CHEMBL3430361	CHEMBL3430320
CHEMBL5731980	CHEMBL5726064
CHEMBL1798196	CHEMBL1795332
CHEMBL4715413	CHEMBL4706769
CHEMBL3864901	CHEMBL3864153
CHEMBL2412548	CHEMBL2407064
CHEMBL3395117	CHEMBL3393054
CHEMBL4365036	CHEMBL4364254
CHEMBL4706322	CHEMBL4699665
CHEMBL4679845	CHEMBL4673401
CHEMBL4388180	CHEMBL4387706
CHEMBL5148711	CHEMBL5143720
CHEMBL4836570	CHEMBL4834464
CHEMBL4019810	CHEMBL4017519
CHEMBL3436131	CHEMBL3436046
CHEMBL868799	CHEMBL1148600
CHEMBL889970	CHEMBL1146283
CHEMBL3368137	CHEMBL3351303
CHEMBL5512021	CHEMBL5506067
CHEMBL5037585	CHEMBL5036336
CHEMBL954009	CHEMBL1150418
CHEMBL5318788	CHEMBL5316317
CHEMBL1954571	CHEMBL1949661
CHEMBL4397249	CHEMBL4396869
CHEMBL1014963	CHEMBL1136869
CHEMBL4258485	CHEMBL4257478
CHEMBL1285384	CHEMBL1275274
CHEMBL2404197	CHEMBL2401676
CHEMBL4013300	CHEMBL4011635
CHEMBL3430337	CHEMBL3430320
CHEMBL1805122	CHEMBL1799931
CHEMBL5163410	CHEMBL5154828
CHEMBL1948885	CHEMBL1944524
CHEMBL3389028	CHEMBL3351341
CHEMBL5350168	CHEMBL5346941
CHEMBL3430719	CHEMBL3430320
CHEMBL682313	CHEMBL1147603
CHEMBL5393329	CHEMBL5390317
CHEMBL3997734	CHEMBL3994677
CHEMBL2162322	CHEMBL2157917
CHEMBL4325661	CHEMBL4321879
CHEMBL2021104	CHEMBL2016515
CHEMBL1072032	CHEMBL1153244
CHEMBL1024556	CHEMBL1151858
CHEMBL4020080	CHEMBL4017532
CHEMBL3611367	CHEMBL3608217
CHEMBL3436090	CHEMBL3436046
CHEMBL1912915	CHEMBL1909591
CHEMBL3749896	CHEMBL3745703
CHEMBL1068920	CHEMBL1157620
CHEMBL4394868	CHEMBL4393678
CHEMBL4004722	CHEMBL4002647
CHEMBL3767768	CHEMBL3763146
CHEMBL4321008	CHEMBL4316607
CHEMBL3372547	CHEMBL3297740
CHEMBL2404382	CHEMBL2401700
CHEMBL5228856	CHEMBL5226342
CHEMBL3117317	CHEMBL3112399
CHEMBL3598727	CHEMBL3596192
CHEMBL4676023	CHEMBL4673244
CHEMBL5736066	CHEMBL5728113
CHEMBL1211955	CHEMBL1208761
CHEMBL5216639	CHEMBL5214933
CHEMBL2061643	CHEMBL2057191
CHEMBL1952486	CHEMBL1949660
CHEMBL3123641	CHEMBL3120093
CHEMBL4416532	CHEMBL4414617
CHEMBL3363907	CHEMBL3352322
CHEMBL4403243	CHEMBL4402523
CHEMBL3430329	CHEMBL3430320
CHEMBL3855039	CHEMBL3853321
CHEMBL4178751	CHEMBL4177561
CHEMBL3372246	CHEMBL3351923
CHEMBL2150356	CHEMBL2146445
CHEMBL5042821	CHEMBL5042474
CHEMBL1771850	CHEMBL1770133
CHEMBL3822297	CHEMBL3817726
CHEMBL3807760	CHEMBL3804778
CHEMBL2390460	CHEMBL2384909
CHEMBL1924330	CHEMBL1921801
CHEMBL3223963	CHEMBL3217627
CHEMBL3831062	CHEMBL3826929
CHEMBL3406751	CHEMBL3400110
CHEMBL5157446	CHEMBL5154691
CHEMBL3436071	CHEMBL3436046
CHEMBL954169	CHEMBL1139353
CHEMBL5140412	CHEMBL5137044
CHEMBL4834687	CHEMBL4834397
CHEMBL4675676	CHEMBL4673232
CHEMBL5377367	CHEMBL5375967
CHEMBL820995	CHEMBL1137936
CHEMBL5520857	CHEMBL5518207
CHEMBL3430368	CHEMBL3430320
CHEMBL1918786	CHEMBL1914304
CHEMBL4386458	CHEMBL4385611
CHEMBL3420645	CHEMBL3414471
CHEMBL4765970	CHEMBL4765231
CHEMBL4611435	CHEMBL4610043
CHEMBL4734910	CHEMBL4732108
CHEMBL4144163	CHEMBL4138258
CHEMBL829261	CHEMBL1137046
CHEMBL4703550	CHEMBL4699559
CHEMBL3806757	CHEMBL3804797
CHEMBL4003818	CHEMBL4002602
CHEMBL3436213	CHEMBL3436046
CHEMBL5039967	CHEMBL5038592
CHEMBL1114387	CHEMBL1156178
CHEMBL4181782	CHEMBL4177680
CHEMBL4377416	CHEMBL4376812
CHEMBL4367395	CHEMBL4364295
CHEMBL3436087	CHEMBL3436046
CHEMBL5376779	CHEMBL5375953
CHEMBL3385976	CHEMBL3352820
CHEMBL3807113	CHEMBL3804779
CHEMBL3102091	CHEMBL3098005
CHEMBL3430715	CHEMBL3430320
CHEMBL5258223	CHEMBL5257040
CHEMBL659866	CHEMBL1124881
CHEMBL687333	CHEMBL1128716
CHEMBL5732343	CHEMBL5726248
CHEMBL3436134	CHEMBL3436046
CHEMBL5032808	CHEMBL5032496
CHEMBL3419930	CHEMBL3414433
CHEMBL3430631	CHEMBL3430321
CHEMBL2051348	CHEMBL2046354
CHEMBL5304080	CHEMBL5303762
CHEMBL3430424	CHEMBL3430320
CHEMBL3369373	CHEMBL3352410
CHEMBL4381399	CHEMBL4376885
CHEMBL5626025	CHEMBL5625172
CHEMBL5553380	CHEMBL5550186
CHEMBL3821620	CHEMBL3817840
CHEMBL1952937	CHEMBL1949629
CHEMBL1247721	CHEMBL1240532
CHEMBL5130010	CHEMBL5126607
CHEMBL4478172	CHEMBL4477207
CHEMBL3429920	CHEMBL3425438
CHEMBL902587	CHEMBL1138334
CHEMBL3420644	CHEMBL3414471
CHEMBL4830615	CHEMBL4828745
CHEMBL2073629	CHEMBL2069214
CHEMBL4223310	CHEMBL4219204
CHEMBL2155364	CHEMBL2150897
CHEMBL3994406	CHEMBL3992564
CHEMBL1120225	CHEMBL1158602
CHEMBL2182706	CHEMBL2177072
CHEMBL4414124	CHEMBL4411333
CHEMBL4669217	CHEMBL4665716
CHEMBL4180224	CHEMBL4177615
CHEMBL4199993	CHEMBL4196128
CHEMBL3436146	CHEMBL3436046
CHEMBL4617370	CHEMBL4616608
CHEMBL1040540	CHEMBL1154698
CHEMBL890046	CHEMBL1146290
CHEMBL3430345	CHEMBL3430320
CHEMBL5577197	CHEMBL5576081
CHEMBL5116276	CHEMBL5113423
CHEMBL2024791	CHEMBL2021801
CHEMBL4835203	CHEMBL4834410
CHEMBL1100152	CHEMBL1154229
CHEMBL3430421	CHEMBL3430320
CHEMBL1831618	CHEMBL1828623
CHEMBL2039052	CHEMBL2034937
CHEMBL4046796	CHEMBL4043199
CHEMBL3430444	CHEMBL3430320
CHEMBL5104771	CHEMBL5104100
CHEMBL3638086	CHEMBL3638030
CHEMBL4270431	CHEMBL4266061
CHEMBL3430543	CHEMBL3430320
CHEMBL5393330	CHEMBL5390317
CHEMBL3430412	CHEMBL3430320
CHEMBL5168166	CHEMBL5154932
CHEMBL2405803	CHEMBL2401705
CHEMBL4005299	CHEMBL4004807
CHEMBL4186149	CHEMBL4184149
CHEMBL3430651	CHEMBL3430321
CHEMBL2156227	CHEMBL2150882
CHEMBL3436156	CHEMBL3436046
CHEMBL3135109	CHEMBL3132851
CHEMBL5328187	CHEMBL5325482
CHEMBL5476754	CHEMBL5465560
CHEMBL682905	CHEMBL1149147
CHEMBL869182	CHEMBL1146021
CHEMBL3368018	CHEMBL3351765
CHEMBL4836049	CHEMBL4834434
CHEMBL5155275	CHEMBL5154644
CHEMBL2400454	CHEMBL2396647
CHEMBL2411831	CHEMBL2406904
CHEMBL5030052	CHEMBL5029175
CHEMBL5133642	CHEMBL5131436
CHEMBL3638088	CHEMBL3638030
CHEMBL4675513	CHEMBL4673226
CHEMBL5033222	CHEMBL5032506
CHEMBL887127	CHEMBL1139199
CHEMBL3374871	CHEMBL3352160
CHEMBL3796230	CHEMBL3792310
CHEMBL3767914	CHEMBL3763037
CHEMBL2157810	CHEMBL2151039
CHEMBL3430734	CHEMBL3430320
CHEMBL3888917	CHEMBL3886885
CHEMBL4134158	CHEMBL4130453
CHEMBL3369297	CHEMBL3297645
CHEMBL5049079	CHEMBL5046282
CHEMBL4378054	CHEMBL4376815
CHEMBL1036927	CHEMBL1154736
CHEMBL4882277	CHEMBL4507278
CHEMBL1925760	CHEMBL1921745
CHEMBL1070389	CHEMBL1158517
CHEMBL3819854	CHEMBL3817762
CHEMBL1070849	CHEMBL1156884
CHEMBL3638158	CHEMBL3638030
CHEMBL3803510	CHEMBL3797186
CHEMBL1107888	CHEMBL1156281
CHEMBL5609110	CHEMBL5608181
CHEMBL5374045	CHEMBL5370626
CHEMBL3430451	CHEMBL3430320
CHEMBL976349	CHEMBL1155906
CHEMBL4715201	CHEMBL4706753
CHEMBL5735616	CHEMBL5727891
CHEMBL3436132	CHEMBL3436046
CHEMBL2215015	CHEMBL2203205
CHEMBL3430371	CHEMBL3430320
CHEMBL2432176	CHEMBL2429732
CHEMBL3224839	CHEMBL3217700
CHEMBL3430703	CHEMBL3430320
CHEMBL4022418	CHEMBL4020789
CHEMBL2162302	CHEMBL2157961
CHEMBL5733769	CHEMBL5726960
CHEMBL5034585	CHEMBL5034005
CHEMBL4834685	CHEMBL4834397
CHEMBL3607755	CHEMBL3603832
CHEMBL4315150	CHEMBL4311996
CHEMBL4323948	CHEMBL4321837
CHEMBL937373	CHEMBL1147066
CHEMBL3436151	CHEMBL3436046
CHEMBL2091536	CHEMBL2086343
CHEMBL1273164	CHEMBL1268988
CHEMBL4178742	CHEMBL4177561
CHEMBL3430475	CHEMBL3430320
CHEMBL1046692	CHEMBL1154177
CHEMBL5337264	CHEMBL5335805
CHEMBL3430530	CHEMBL3430320
CHEMBL3430704	CHEMBL3430320
CHEMBL4017747	CHEMBL4017455
CHEMBL4344576	CHEMBL4342468
CHEMBL4047411	CHEMBL4043239
CHEMBL1954401	CHEMBL1949653
CHEMBL3430542	CHEMBL3430320
CHEMBL5130009	CHEMBL5126607
CHEMBL3706049	CHEMBL3638742
CHEMBL1039910	CHEMBL1156057
CHEMBL3880277	CHEMBL3879906
CHEMBL3430608	CHEMBL3430321
CHEMBL993087	CHEMBL1143329
CHEMBL4391984	CHEMBL4390668
CHEMBL3436143	CHEMBL3436046
CHEMBL1947911	CHEMBL1944604
CHEMBL5545983	CHEMBL5543116
CHEMBL4392961	CHEMBL4392823
CHEMBL1687437	CHEMBL1681732
CHEMBL4310495	CHEMBL4308861
CHEMBL4840124	CHEMBL4837263
CHEMBL3616252	CHEMBL3612040
CHEMBL4037438	CHEMBL4033783
CHEMBL5133651	CHEMBL5131436
CHEMBL4840059	CHEMBL4837261
CHEMBL5055795	CHEMBL5055619
CHEMBL5346681	CHEMBL5344477
CHEMBL5158270	CHEMBL5154717
CHEMBL3745212	CHEMBL3739377
CHEMBL4324297	CHEMBL4321846
CHEMBL1937279	CHEMBL1933029
CHEMBL2330396	CHEMBL2321831
CHEMBL5105654	CHEMBL5104129
CHEMBL5318819	CHEMBL5316317
CHEMBL1816830	CHEMBL1811886
CHEMBL5148913	CHEMBL5143723
CHEMBL4821061	CHEMBL4819047
CHEMBL3795099	CHEMBL3792331
CHEMBL5581977	CHEMBL5579857
CHEMBL3638146	CHEMBL3638030
CHEMBL2330743	CHEMBL2321724
CHEMBL4809422	CHEMBL4808184
CHEMBL2013260	CHEMBL2010675
CHEMBL3266651	CHEMBL3259614
CHEMBL4833704	CHEMBL4831544
CHEMBL5237932	CHEMBL5236575
CHEMBL3428450	CHEMBL3425423
CHEMBL5303904	CHEMBL4630907
CHEMBL4056221	CHEMBL4052694
CHEMBL5258225	CHEMBL5257040
CHEMBL3293609	CHEMBL3286368
CHEMBL3883137	CHEMBL3882737
CHEMBL4704179	CHEMBL4699583
CHEMBL5733044	CHEMBL5726620
CHEMBL1066913	CHEMBL1159116
CHEMBL1831362	CHEMBL1828590
CHEMBL1787185	CHEMBL1781958
CHEMBL5317031	CHEMBL5316279
CHEMBL5249647	CHEMBL5247605
CHEMBL4733892	CHEMBL4732078
CHEMBL937369	CHEMBL1147066
CHEMBL5332470	CHEMBL5331066
CHEMBL5507543	CHEMBL5505977
CHEMBL2396019	CHEMBL2390895
CHEMBL1291783	CHEMBL1287696
CHEMBL895731	CHEMBL1148753
CHEMBL3096730	CHEMBL3091311
CHEMBL5029767	CHEMBL5029164
CHEMBL3387701	CHEMBL3352323
CHEMBL3878944	CHEMBL3877302
CHEMBL4881844	CHEMBL4507276
CHEMBL3744957	CHEMBL3739407
CHEMBL929284	CHEMBL1147066
CHEMBL805186	CHEMBL1128716
CHEMBL4424245	CHEMBL4422659
CHEMBL829152	CHEMBL1139598
CHEMBL5589183	CHEMBL5584356
CHEMBL2216271	CHEMBL2203133
CHEMBL5521406	CHEMBL5518219
CHEMBL3638100	CHEMBL3638030
CHEMBL4023695	CHEMBL4020831
CHEMBL5622385	CHEMBL5620393
CHEMBL2327054	CHEMBL2321766
CHEMBL5217823	CHEMBL5214989
CHEMBL4679804	CHEMBL4673395
CHEMBL4845604	CHEMBL4842397
CHEMBL931281	CHEMBL1142222
CHEMBL2020460	CHEMBL2016510
CHEMBL978140	CHEMBL1155867
CHEMBL827947	CHEMBL1142718
CHEMBL1051852	CHEMBL1153520
CHEMBL4030952	CHEMBL4028852
CHEMBL2443476	CHEMBL2439970
CHEMBL4624348	CHEMBL4622891
CHEMBL5582150	CHEMBL5579865
CHEMBL908401	CHEMBL1137354
CHEMBL5142532	CHEMBL5137093
CHEMBL1120468	CHEMBL1158627
CHEMBL948485	CHEMBL1152288
CHEMBL2444709	CHEMBL2440024
CHEMBL4057904	CHEMBL4052773
CHEMBL3638101	CHEMBL3638030
CHEMBL3268715	CHEMBL3259804
CHEMBL3880252	CHEMBL3879906
CHEMBL2406366	CHEMBL2401722
CHEMBL5303846	CHEMBL4630909
CHEMBL4630251	CHEMBL4627405
CHEMBL1772391	CHEMBL1770138
CHEMBL3638167	CHEMBL3638030
CHEMBL4621965	CHEMBL4619796
CHEMBL2149351	CHEMBL2146430
CHEMBL2395084	CHEMBL2390918
CHEMBL3430564	CHEMBL3430320
CHEMBL1680956	CHEMBL1671841
CHEMBL2166000	CHEMBL2163232
CHEMBL4706796	CHEMBL4706474
CHEMBL3266605	CHEMBL3259553
CHEMBL1919559	CHEMBL1914447
CHEMBL5218077	CHEMBL5214995
CHEMBL4355800	CHEMBL4354805
CHEMBL3363795	CHEMBL3352316
CHEMBL2176468	CHEMBL2169877
CHEMBL3214886	CHEMBL1201862
CHEMBL976148	CHEMBL1153978
CHEMBL1112218	CHEMBL1154346
CHEMBL4195906	CHEMBL4190408
CHEMBL1293148	CHEMBL1287678
CHEMBL819364	CHEMBL1147446
CHEMBL1004593	CHEMBL1141692
CHEMBL1009827	CHEMBL1154508
CHEMBL3291975	CHEMBL3286277
CHEMBL3436140	CHEMBL3436046
CHEMBL4195231	CHEMBL4190390
CHEMBL2217340	CHEMBL2216747
CHEMBL4835111	CHEMBL4834404
CHEMBL655369	CHEMBL1132542
CHEMBL4810712	CHEMBL4808226
CHEMBL2060804	CHEMBL2057141
CHEMBL5388466	CHEMBL5385904
CHEMBL3270478	CHEMBL3259640
CHEMBL1685373	CHEMBL1681746
CHEMBL3611883	CHEMBL3608233
CHEMBL3743005	CHEMBL3739265
CHEMBL3430747	CHEMBL3430320
CHEMBL4706009	CHEMBL4699658
CHEMBL3430398	CHEMBL3430320
CHEMBL4392962	CHEMBL4392823
CHEMBL5326840	CHEMBL5325430
CHEMBL2415312	CHEMBL2413071
CHEMBL2026856	CHEMBL2021786
CHEMBL5233428	CHEMBL5233208
CHEMBL3861688	CHEMBL3860098
CHEMBL3430575	CHEMBL3430321
CHEMBL3385852	CHEMBL3351667
CHEMBL1273561	CHEMBL1269008
CHEMBL890380	CHEMBL1146203
CHEMBL4041069	CHEMBL4038338
CHEMBL3855749	CHEMBL3853350
CHEMBL4807664	CHEMBL4806967
CHEMBL1042532	CHEMBL1156077
CHEMBL2344009	CHEMBL2331553
CHEMBL3383597	CHEMBL3351528
CHEMBL1011671	CHEMBL1152811
CHEMBL3615016	CHEMBL3611997
CHEMBL866526	CHEMBL1138981
CHEMBL3638109	CHEMBL3638030
CHEMBL4831696	CHEMBL4831479
CHEMBL4181783	CHEMBL4177680
CHEMBL5522444	CHEMBL5518235
CHEMBL4047420	CHEMBL4043239
CHEMBL1119996	CHEMBL1155453
CHEMBL1686107	CHEMBL1681706
CHEMBL1936658	CHEMBL1932929
CHEMBL3242088	CHEMBL3232847
CHEMBL1113809	CHEMBL1157799
CHEMBL4839391	CHEMBL4837246
CHEMBL3430606	CHEMBL3430321
CHEMBL4384746	CHEMBL4382258
CHEMBL4395520	CHEMBL4393699
CHEMBL4843290	CHEMBL4842341
CHEMBL5636884	CHEMBL5634130
CHEMBL5259045	CHEMBL5257086
CHEMBL4058067	CHEMBL4052782
CHEMBL3638160	CHEMBL3638030
CHEMBL2090504	CHEMBL2086249
CHEMBL5730414	CHEMBL5725271
CHEMBL5512023	CHEMBL5506067
CHEMBL1936096	CHEMBL1932985
CHEMBL1777309	CHEMBL1772974
CHEMBL4045110	CHEMBL4043141
CHEMBL2378543	CHEMBL2375312
CHEMBL5162868	CHEMBL5154820
CHEMBL5629612	CHEMBL5625263
CHEMBL4184510	CHEMBL4184082
CHEMBL3387122	CHEMBL3351799
CHEMBL4388921	CHEMBL4387734
CHEMBL5521592	CHEMBL5518223
CHEMBL4134157	CHEMBL4130453
CHEMBL3268095	CHEMBL3259563
CHEMBL1953697	CHEMBL1949548
CHEMBL5159727	CHEMBL5154758
CHEMBL2072491	CHEMBL2069262
CHEMBL5730850	CHEMBL5725461
CHEMBL4030947	CHEMBL4028852
CHEMBL3768468	CHEMBL3763052
CHEMBL4047406	CHEMBL4043239
CHEMBL4183068	CHEMBL4177750
CHEMBL5516756	CHEMBL5512679
CHEMBL4153192	CHEMBL4152207
CHEMBL5531275	CHEMBL5528071
CHEMBL4194788	CHEMBL4190376
CHEMBL5378342	CHEMBL5375977
CHEMBL3430552	CHEMBL3430320
CHEMBL819394	CHEMBL1134478
CHEMBL1219226	CHEMBL1212880
CHEMBL5512092	CHEMBL5506068
CHEMBL3638107	CHEMBL3638030
CHEMBL5501763	CHEMBL5500358
CHEMBL4630549	CHEMBL4627416
CHEMBL5326841	CHEMBL5325430
CHEMBL2020831	CHEMBL2016557
CHEMBL3603131	CHEMBL3600293
CHEMBL4181793	CHEMBL4177680
CHEMBL4276588	CHEMBL4270672
CHEMBL4051787	CHEMBL4049439
CHEMBL3813326	CHEMBL3808373
CHEMBL4186330	CHEMBL4184167
CHEMBL2437987	CHEMBL2434936
CHEMBL4827723	CHEMBL4825722
CHEMBL4623844	CHEMBL4622872
CHEMBL1670969	CHEMBL1667769
CHEMBL3774086	CHEMBL3769328
CHEMBL5225017	CHEMBL5223125
CHEMBL3430557	CHEMBL3430320
CHEMBL5044862	CHEMBL5042526
CHEMBL3705543	CHEMBL3638545
CHEMBL875385	CHEMBL1135758
CHEMBL3773670	CHEMBL3769376
CHEMBL1212048	CHEMBL1208767
CHEMBL3994405	CHEMBL3992564
CHEMBL4339821	CHEMBL4339202
CHEMBL3744481	CHEMBL3739386
CHEMBL4188524	CHEMBL4184274
CHEMBL1121085	CHEMBL1158565
CHEMBL4145270	CHEMBL4138314
CHEMBL2217325	CHEMBL2216747
CHEMBL4030036	CHEMBL4028831
CHEMBL4614748	CHEMBL4613250
CHEMBL660547	CHEMBL1124111
CHEMBL5304975	CHEMBL5303768
CHEMBL1022019	CHEMBL1138584
CHEMBL926143	CHEMBL1141460
CHEMBL4264707	CHEMBL4261605
CHEMBL4676137	CHEMBL4673245
CHEMBL5730347	CHEMBL5725239
CHEMBL4810581	CHEMBL4808222
CHEMBL4413489	CHEMBL4411314
CHEMBL4026999	CHEMBL4024763
CHEMBL5247147	CHEMBL5244275
CHEMBL2424275	CHEMBL2417378
CHEMBL4184448	CHEMBL4184082
CHEMBL1913068	CHEMBL1909536
CHEMBL1960174	CHEMBL1955715
CHEMBL3436130	CHEMBL3436046
CHEMBL841078	CHEMBL1134478
CHEMBL3430505	CHEMBL3430320
CHEMBL3638123	CHEMBL3638030
CHEMBL4339726	CHEMBL4339198
CHEMBL4623819	CHEMBL4622872
CHEMBL4158633	CHEMBL4152382
CHEMBL5586854	CHEMBL5584307
CHEMBL3436127	CHEMBL3436046
CHEMBL4619282	CHEMBL4616714
CHEMBL3118368	CHEMBL3112488
CHEMBL1110812	CHEMBL1156340
CHEMBL2330875	CHEMBL2321772
CHEMBL4223825	CHEMBL4219233
CHEMBL4428885	CHEMBL4428053
CHEMBL3436139	CHEMBL3436046
CHEMBL2026865	CHEMBL2021786
CHEMBL953428	CHEMBL1150320
CHEMBL3736649	CHEMBL3734698
CHEMBL4222828	CHEMBL4219173
CHEMBL5136757	CHEMBL5131569
CHEMBL1943910	CHEMBL1938393
CHEMBL3096209	CHEMBL3091283
CHEMBL4367399	CHEMBL4364295
CHEMBL3994269	CHEMBL3992557
CHEMBL3806884	CHEMBL3804825
CHEMBL933619	CHEMBL1147066
CHEMBL4123132	CHEMBL4118190
CHEMBL1219104	CHEMBL1212923
CHEMBL5041660	CHEMBL5038650
CHEMBL2187242	CHEMBL2177080
CHEMBL3583387	CHEMBL3580651
CHEMBL4016929	CHEMBL4014346
CHEMBL5112471	CHEMBL5108065
CHEMBL3430517	CHEMBL3430320
CHEMBL1919743	CHEMBL1914454
CHEMBL5303897	CHEMBL4630907
CHEMBL5041052	CHEMBL5038628
CHEMBL5114587	CHEMBL5113390
CHEMBL1054533	CHEMBL1154611
CHEMBL5584876	CHEMBL5584226
CHEMBL5226275	CHEMBL5223191
CHEMBL3378487	CHEMBL3351614
CHEMBL3430615	CHEMBL3430321
CHEMBL3865492	CHEMBL3864182
CHEMBL4021692	CHEMBL4020748
CHEMBL4039279	CHEMBL4038301
CHEMBL1919030	CHEMBL1914417
CHEMBL4364983	CHEMBL4364254
CHEMBL5055887	CHEMBL5055621
CHEMBL1274055	CHEMBL1268956
CHEMBL3999907	CHEMBL3997842
CHEMBL2019965	CHEMBL2016447
CHEMBL2149459	CHEMBL2146409
CHEMBL2389758	CHEMBL2384910
CHEMBL5112481	CHEMBL5108065
CHEMBL4810689	CHEMBL4808226
CHEMBL819393	CHEMBL1132339
CHEMBL2154391	CHEMBL2150960
CHEMBL903442	CHEMBL1139120
CHEMBL4765998	CHEMBL4765231
CHEMBL3382462	CHEMBL3352258
CHEMBL4606240	CHEMBL4602726
CHEMBL3292600	CHEMBL3286274
CHEMBL4122429	CHEMBL4118149
CHEMBL1039970	CHEMBL1156066
CHEMBL4617553	CHEMBL4616620
CHEMBL4427468	CHEMBL4425169
CHEMBL1932121	CHEMBL1926622
CHEMBL862268	CHEMBL1147799
CHEMBL3124407	CHEMBL3120136
CHEMBL5383357	CHEMBL5380818
CHEMBL4605649	CHEMBL4602709
CHEMBL3424852	CHEMBL3421558
CHEMBL3789676	CHEMBL3785066
CHEMBL4053613	CHEMBL4052609
CHEMBL3370463	CHEMBL3352793
CHEMBL3379378	CHEMBL3351632
CHEMBL1041817	CHEMBL1156785
CHEMBL933613	CHEMBL1147066
CHEMBL654396	CHEMBL1159134
CHEMBL1006160	CHEMBL1141693
CHEMBL947993	CHEMBL1142358
CHEMBL3508812	CHEMBL3508693
CHEMBL3368359	CHEMBL3352699
CHEMBL4839289	CHEMBL4837244
CHEMBL4395863	CHEMBL4393708
CHEMBL3430745	CHEMBL3430320
CHEMBL5116792	CHEMBL5113445
CHEMBL699347	CHEMBL1134478
CHEMBL5586807	CHEMBL5584307
CHEMBL5049098	CHEMBL5046282
CHEMBL2045039	CHEMBL2040831
CHEMBL5334911	CHEMBL5331128
CHEMBL5256754	CHEMBL5252665
CHEMBL4431053	CHEMBL4428127
CHEMBL3420851	CHEMBL3414472
CHEMBL2330323	CHEMBL2321744
CHEMBL4358541	CHEMBL4354855
CHEMBL5626252	CHEMBL5625176
CHEMBL5043281	CHEMBL5042486
CHEMBL1670484	CHEMBL1667835
CHEMBL5526862	CHEMBL5523756
CHEMBL4618620	CHEMBL4616675
CHEMBL5125264	CHEMBL5120921
CHEMBL870149	CHEMBL1147831
CHEMBL3807887	CHEMBL3804778
CHEMBL4009619	CHEMBL4007439
CHEMBL4706357	CHEMBL4699667
CHEMBL4005912	CHEMBL4004830
CHEMBL4047415	CHEMBL4043239
CHEMBL1261328	CHEMBL1255209
CHEMBL4431080	CHEMBL4428127
CHEMBL4322262	CHEMBL4321794
CHEMBL4414026	CHEMBL4411331
CHEMBL2168569	CHEMBL2163201
CHEMBL4002421	CHEMBL4000255
CHEMBL1764269	CHEMBL1759994
CHEMBL910704	CHEMBL1139719
CHEMBL3638068	CHEMBL3638030
CHEMBL919944	CHEMBL1142982
CHEMBL5051300	CHEMBL5050846
CHEMBL1947513	CHEMBL1944507
CHEMBL4179914	CHEMBL4177603
CHEMBL3773669	CHEMBL3769376
CHEMBL4732703	CHEMBL4732038
CHEMBL1114347	CHEMBL1156300
CHEMBL5247304	CHEMBL5244278
CHEMBL5265642	CHEMBL5260858
CHEMBL3370237	CHEMBL3352673
CHEMBL3638080	CHEMBL3638030
CHEMBL869841	CHEMBL1146860
CHEMBL4678145	CHEMBL4673325
CHEMBL1105771	CHEMBL1158560
CHEMBL4769896	CHEMBL4765317
CHEMBL4264667	CHEMBL4261603
CHEMBL4008205	CHEMBL4007397
CHEMBL4255622	CHEMBL4251687
CHEMBL1018131	CHEMBL1152195
CHEMBL3807889	CHEMBL3804778
CHEMBL5239624	CHEMBL5236617
CHEMBL4056918	CHEMBL4052739
CHEMBL3295404	CHEMBL3286108
CHEMBL1039911	CHEMBL1156057
CHEMBL4705760	CHEMBL4699648
CHEMBL1011678	CHEMBL1152811
CHEMBL5463915	CHEMBL5463723
CHEMBL1118606	CHEMBL1155446
CHEMBL4827649	CHEMBL4825722
CHEMBL907769	CHEMBL1138877
CHEMBL4808269	CHEMBL4808161
CHEMBL3638090	CHEMBL3638030
CHEMBL5058875	CHEMBL5058643
CHEMBL5055966	CHEMBL5055623
CHEMBL5585499	CHEMBL5584242
CHEMBL2411001	CHEMBL2406994
CHEMBL4701843	CHEMBL4699487
CHEMBL5626861	CHEMBL5625196
CHEMBL3420646	CHEMBL3414471
CHEMBL1068919	CHEMBL1157620
CHEMBL5337078	CHEMBL5335798
CHEMBL4372348	CHEMBL4371041
CHEMBL3880256	CHEMBL3879906
CHEMBL4431791	CHEMBL4431312
CHEMBL5579450	CHEMBL5576149
CHEMBL4714790	CHEMBL4706729
CHEMBL3243551	CHEMBL3232853
CHEMBL4703538	CHEMBL4699559
CHEMBL1769664	CHEMBL1764974
CHEMBL4397934	CHEMBL4396884
CHEMBL4270430	CHEMBL4266061
CHEMBL896000	CHEMBL1148848
CHEMBL1074124	CHEMBL1159083
CHEMBL886338	CHEMBL1144619
CHEMBL981950	CHEMBL1155111
CHEMBL5303847	CHEMBL4630909
CHEMBL4370260	CHEMBL4368912
CHEMBL5589392	CHEMBL5584359
CHEMBL4367691	CHEMBL4364301
CHEMBL3630981	CHEMBL3627700
CHEMBL3123163	CHEMBL3120081
CHEMBL1063193	CHEMBL1152349
CHEMBL4679371	CHEMBL4673373
CHEMBL1671552	CHEMBL1667811
CHEMBL4837020	CHEMBL4834481
CHEMBL4681549	CHEMBL4680093
CHEMBL4687846	CHEMBL4680285
CHEMBL4331541	CHEMBL4330081
CHEMBL868863	CHEMBL1146106
CHEMBL902576	CHEMBL1138333
CHEMBL2026015	CHEMBL2021879
CHEMBL4155390	CHEMBL4152280
CHEMBL1954425	CHEMBL1949601
CHEMBL4833401	CHEMBL4831531
CHEMBL2169529	CHEMBL2163245
CHEMBL4829566	CHEMBL4828723
CHEMBL4236595	CHEMBL4229551
CHEMBL4769915	CHEMBL4765317
CHEMBL3428458	CHEMBL3425423
CHEMBL3436126	CHEMBL3436046
CHEMBL933616	CHEMBL1147066
CHEMBL2172900	CHEMBL2169749
CHEMBL3301459	CHEMBL3301458
CHEMBL4369880	CHEMBL4368903
CHEMBL2210522	CHEMBL2203114
CHEMBL4053853	CHEMBL4052618
CHEMBL854887	CHEMBL1137586
CHEMBL4481269	CHEMBL4480400
CHEMBL2044875	CHEMBL2040831
CHEMBL5363761	CHEMBL5360612
CHEMBL1010854	CHEMBL1139267
CHEMBL5166087	CHEMBL5154890
CHEMBL5320163	CHEMBL5316345
CHEMBL819395	CHEMBL1134342
CHEMBL2091635	CHEMBL2086339
CHEMBL5330685	CHEMBL5329208
CHEMBL3637622	CHEMBL3632591
CHEMBL2216275	CHEMBL2203133
CHEMBL858932	CHEMBL1149413
CHEMBL4004026	CHEMBL4002615
CHEMBL3430528	CHEMBL3430320
CHEMBL4312670	CHEMBL4311943
CHEMBL2412857	CHEMBL2407000
CHEMBL4265668	CHEMBL4261653
CHEMBL3638157	CHEMBL3638030
CHEMBL2021109	CHEMBL2016485
CHEMBL5731487	CHEMBL5725789
CHEMBL5393312	CHEMBL5390317
CHEMBL4255795	CHEMBL4251698
CHEMBL3430402	CHEMBL3430320
CHEMBL4040058	CHEMBL4038310
CHEMBL3094681	CHEMBL3091412
CHEMBL4416534	CHEMBL4414617
CHEMBL5710523	CHEMBL5705903
CHEMBL2383266	CHEMBL2380292
CHEMBL4378163	CHEMBL4376815
CHEMBL5682677	CHEMBL5678807
CHEMBL4220011	CHEMBL4219045
CHEMBL4685428	CHEMBL4680205
CHEMBL1686290	CHEMBL1681710
CHEMBL4047676	CHEMBL4043255
CHEMBL943026	CHEMBL1140586
CHEMBL3873571	CHEMBL3872236
CHEMBL662305	CHEMBL1135758
CHEMBL5239623	CHEMBL5236617
CHEMBL4611417	CHEMBL4610042
CHEMBL1663351	CHEMBL1649374
CHEMBL4831270	CHEMBL4828767
CHEMBL4845470	CHEMBL4842388
CHEMBL4311079	CHEMBL4308884
CHEMBL3862828	CHEMBL3861981
CHEMBL3096555	CHEMBL3091454
CHEMBL4810690	CHEMBL4808226
CHEMBL4377385	CHEMBL4376812
CHEMBL4769900	CHEMBL4765317
CHEMBL2186472	CHEMBL2176880
CHEMBL3430472	CHEMBL3430320
CHEMBL3395554	CHEMBL3393023
CHEMBL3430389	CHEMBL3430320
CHEMBL3419343	CHEMBL3414527
CHEMBL4392583	CHEMBL4390691
CHEMBL1657597	CHEMBL1649066
CHEMBL684132	CHEMBL1123712
CHEMBL5585352	CHEMBL5584237
CHEMBL2167606	CHEMBL2163325
CHEMBL1827878	CHEMBL1821711
CHEMBL5257243	CHEMBL5257017
CHEMBL3801063	CHEMBL3797102
CHEMBL5335061	CHEMBL5331131
CHEMBL4144994	CHEMBL4138303
CHEMBL5050187	CHEMBL5046309
CHEMBL4880791	CHEMBL4507332
CHEMBL4000046	CHEMBL3997852
CHEMBL4832854	CHEMBL4831515
CHEMBL3430732	CHEMBL3430320
CHEMBL4378165	CHEMBL4376815
CHEMBL4184688	CHEMBL4184096
CHEMBL1820248	CHEMBL1817657
CHEMBL1803284	CHEMBL1800012
CHEMBL5214553	CHEMBL5212743
CHEMBL4256591	CHEMBL4251746
CHEMBL5224925	CHEMBL5223122
CHEMBL2166761	CHEMBL2163267
CHEMBL3776165	CHEMBL3774369
CHEMBL1840135	CHEMBL1833803
CHEMBL4427523	CHEMBL4425169
CHEMBL1116227	CHEMBL1156340
CHEMBL1043077	CHEMBL1154085
CHEMBL1695229	CHEMBL1687698
CHEMBL3364871	CHEMBL3297706
CHEMBL3638058	CHEMBL3638030
CHEMBL3095543	CHEMBL3091427
CHEMBL4027273	CHEMBL4024768
CHEMBL4124155	CHEMBL4118224
CHEMBL1036926	CHEMBL1154736
CHEMBL980758	CHEMBL1139415
CHEMBL4354044	CHEMBL4351002
CHEMBL3755636	CHEMBL3751822
CHEMBL2184930	CHEMBL2176935
CHEMBL4396130	CHEMBL4393714
CHEMBL2344711	CHEMBL2331184
CHEMBL3630980	CHEMBL3627700
CHEMBL3638065	CHEMBL3638030
CHEMBL819650	CHEMBL1134342
CHEMBL4709471	CHEMBL4706541
CHEMBL1816132	CHEMBL1811851
CHEMBL887480	CHEMBL1144619
CHEMBL1066915	CHEMBL1159116
CHEMBL5351415	CHEMBL5346967
CHEMBL5373257	CHEMBL5370606
CHEMBL5142020	CHEMBL5137081
CHEMBL1062741	CHEMBL1154038
CHEMBL5517251	CHEMBL5512689
CHEMBL933193	CHEMBL1142250
CHEMBL2013637	CHEMBL2010651
CHEMBL3430574	CHEMBL3430321
CHEMBL827807	CHEMBL1137856
CHEMBL2090131	CHEMBL2086221
CHEMBL3430351	CHEMBL3430320
CHEMBL4037910	CHEMBL4033790
CHEMBL3436108	CHEMBL3436046
CHEMBL4765977	CHEMBL4765231
CHEMBL4356659	CHEMBL4354824
CHEMBL1614446	CHEMBL1201862
CHEMBL4882251	CHEMBL4507278
CHEMBL819367	CHEMBL1128429
CHEMBL3118391	CHEMBL3112390
CHEMBL3807115	CHEMBL3804779
CHEMBL3871238	CHEMBL3870365
CHEMBL3602290	CHEMBL3600357
CHEMBL5384192	CHEMBL5380843
CHEMBL5737481	CHEMBL5728799
CHEMBL3430750	CHEMBL3430320
CHEMBL3430560	CHEMBL3430320
CHEMBL4619551	CHEMBL4616724
CHEMBL3861119	CHEMBL3860061
CHEMBL3241723	CHEMBL3232811
CHEMBL1948791	CHEMBL1944508
CHEMBL4024924	CHEMBL4024705
CHEMBL1837522	CHEMBL1833915
CHEMBL3606474	CHEMBL3603753
CHEMBL1920312	CHEMBL1914334
CHEMBL5323933	CHEMBL5321272
CHEMBL5547791	CHEMBL5543141
CHEMBL2024833	CHEMBL2021886
CHEMBL5255853	CHEMBL5252622
CHEMBL3868467	CHEMBL3867482
CHEMBL3638139	CHEMBL3638030
CHEMBL3430741	CHEMBL3430320
CHEMBL5265338	CHEMBL5260850
CHEMBL859701	CHEMBL1140425
CHEMBL1177037	CHEMBL1177706
CHEMBL4178382	CHEMBL4177539
CHEMBL1228485	CHEMBL1221311
CHEMBL4027502	CHEMBL4024774
CHEMBL1959248	CHEMBL1955838
CHEMBL3824876	CHEMBL3822388
CHEMBL3361754	CHEMBL3352316
CHEMBL3132256	CHEMBL3124793
CHEMBL1019465	CHEMBL1152883
CHEMBL4807666	CHEMBL4806967
CHEMBL3375414	CHEMBL3351833
CHEMBL4839718	CHEMBL4837254
CHEMBL2216283	CHEMBL2203133
CHEMBL3430445	CHEMBL3430320
CHEMBL5304470	CHEMBL5303765
CHEMBL2162879	CHEMBL2157972
CHEMBL4478769	CHEMBL4477220
CHEMBL4809365	CHEMBL4808184
CHEMBL1787512	CHEMBL1781918
CHEMBL5335598	CHEMBL5331145
CHEMBL937359	CHEMBL1147066
CHEMBL5736241	CHEMBL5728181
CHEMBL2168489	CHEMBL2163233
CHEMBL2340694	CHEMBL2331260
CHEMBL4329738	CHEMBL4325920
CHEMBL4669232	CHEMBL4665717
CHEMBL5097927	CHEMBL5096186
CHEMBL767061	CHEMBL1134672
CHEMBL5099758	CHEMBL5096227
CHEMBL3638089	CHEMBL3638030
CHEMBL3756071	CHEMBL3751668
CHEMBL4221368	CHEMBL4219096
CHEMBL1021907	CHEMBL1157535
CHEMBL4312578	CHEMBL4311943
CHEMBL3430486	CHEMBL3430320
CHEMBL5238526	CHEMBL5236595
CHEMBL5392513	CHEMBL5390273
CHEMBL4017746	CHEMBL4017455
CHEMBL5162415	CHEMBL5154813
CHEMBL882589	CHEMBL1141081
CHEMBL2216714	CHEMBL2203133
CHEMBL2025328	CHEMBL2021760
CHEMBL4775388	CHEMBL4765473
CHEMBL4481758	CHEMBL4480425
CHEMBL968970	CHEMBL1140081
CHEMBL5318787	CHEMBL5316317
CHEMBL4373010	CHEMBL4371067
CHEMBL3430410	CHEMBL3430320
CHEMBL3430370	CHEMBL3430320
CHEMBL2404993	CHEMBL2401654
CHEMBL4731898	CHEMBL4725492
CHEMBL5125934	CHEMBL5120947
CHEMBL2382845	CHEMBL2380296
CHEMBL867172	CHEMBL1139036
CHEMBL3811489	CHEMBL3808345
CHEMBL3226521	CHEMBL3217743
CHEMBL5373283	CHEMBL5370607
CHEMBL3292737	CHEMBL3286316
CHEMBL2050727	CHEMBL2046284
CHEMBL4843604	CHEMBL4842348
CHEMBL815525	CHEMBL1128729
CHEMBL3430386	CHEMBL3430320
CHEMBL3610296	CHEMBL3608244
CHEMBL1013741	CHEMBL1152208
CHEMBL899477	CHEMBL1137440
CHEMBL4836048	CHEMBL4834434
CHEMBL5731865	CHEMBL5726011
CHEMBL3583386	CHEMBL3580651
CHEMBL2388893	CHEMBL2385021
CHEMBL4181844	CHEMBL4177680
CHEMBL4809419	CHEMBL4808184
CHEMBL3368017	CHEMBL3351765
CHEMBL3296755	CHEMBL3286339
CHEMBL5039199	CHEMBL5038577
CHEMBL5049389	CHEMBL5046290
CHEMBL1780459	CHEMBL1777807
CHEMBL3430561	CHEMBL3430320
CHEMBL5357933	CHEMBL5356958
CHEMBL1913479	CHEMBL1909512
CHEMBL3396351	CHEMBL3393021
CHEMBL4378227	CHEMBL4376816
CHEMBL3430545	CHEMBL3430320
CHEMBL1054534	CHEMBL1154611
CHEMBL5347669	CHEMBL5346874
CHEMBL1817375	CHEMBL1811901
CHEMBL1685549	CHEMBL1681665
CHEMBL3436113	CHEMBL3436046
CHEMBL4004506	CHEMBL4002640
CHEMBL4121714	CHEMBL4118125
CHEMBL5040801	CHEMBL5038620
CHEMBL4015637	CHEMBL4014311
CHEMBL3430333	CHEMBL3430320
CHEMBL3430448	CHEMBL3430320
CHEMBL3430493	CHEMBL3430320
CHEMBL914758	CHEMBL1147155
CHEMBL934350	CHEMBL1142361
CHEMBL2183278	CHEMBL2176923
CHEMBL907684	CHEMBL1137274
CHEMBL4031785	CHEMBL4028873
CHEMBL3239686	CHEMBL3232717
CHEMBL4315950	CHEMBL4312019
CHEMBL686881	CHEMBL1130298
CHEMBL4047367	CHEMBL4043238
CHEMBL4040879	CHEMBL4038335
CHEMBL5116306	CHEMBL5113423
CHEMBL4125229	CHEMBL4118268
CHEMBL937425	CHEMBL1143097
CHEMBL5145947	CHEMBL5143597
CHEMBL4770549	CHEMBL4765335
CHEMBL3638119	CHEMBL3638030
CHEMBL866509	CHEMBL1138985
CHEMBL5054684	CHEMBL5053529
CHEMBL4769904	CHEMBL4765317
CHEMBL4413821	CHEMBL4411321
CHEMBL5738104	CHEMBL5729119
CHEMBL4314370	CHEMBL4311986
CHEMBL4313152	CHEMBL4311952
CHEMBL3430731	CHEMBL3430320
CHEMBL5522523	CHEMBL5518236
CHEMBL1920313	CHEMBL1914334
CHEMBL1175155	CHEMBL1177783
CHEMBL4236596	CHEMBL4229551
CHEMBL3430520	CHEMBL3430320
CHEMBL3436099	CHEMBL3436046
CHEMBL1272925	CHEMBL1268978
CHEMBL768687	CHEMBL1135455
CHEMBL5318452	CHEMBL5316310
CHEMBL5146135	CHEMBL5143607
CHEMBL1798944	CHEMBL1795206
CHEMBL933615	CHEMBL1147066
CHEMBL2020788	CHEMBL2016501
CHEMBL5367977	CHEMBL5365467
CHEMBL4706993	CHEMBL4706475
CHEMBL5251457	CHEMBL5247650
CHEMBL1048092	CHEMBL1155359
CHEMBL5732990	CHEMBL5726609
CHEMBL2184863	CHEMBL2176887
CHEMBL5610224	CHEMBL5608207
CHEMBL3430443	CHEMBL3430320
CHEMBL3430629	CHEMBL3430321
CHEMBL3602727	CHEMBL3600324
CHEMBL3638095	CHEMBL3638030
CHEMBL5164184	CHEMBL5154849
CHEMBL3430590	CHEMBL3430321
CHEMBL5375741	CHEMBL5370690
CHEMBL4384705	CHEMBL4382257
CHEMBL5338368	CHEMBL5335849
CHEMBL3789776	CHEMBL3785031
CHEMBL954102	CHEMBL1150324
CHEMBL4331822	CHEMBL4330092
CHEMBL5136083	CHEMBL5131537
CHEMBL5739235	CHEMBL5729686
CHEMBL4182620	CHEMBL4177725
CHEMBL3430404	CHEMBL3430320
CHEMBL4689016	CHEMBL4680332
CHEMBL5108154	CHEMBL5107939
CHEMBL3430559	CHEMBL3430320
CHEMBL4312823	CHEMBL4311945
CHEMBL856827	CHEMBL1141373
CHEMBL1176445	CHEMBL1177639
CHEMBL3430717	CHEMBL3430320
CHEMBL895925	CHEMBL1148835
CHEMBL2350608	CHEMBL2346595
CHEMBL3430632	CHEMBL3430321
CHEMBL4842131	CHEMBL4840368
CHEMBL768955	CHEMBL1136065
CHEMBL3242069	CHEMBL3232919
CHEMBL5375740	CHEMBL5370690
CHEMBL2217335	CHEMBL2216747
CHEMBL2184696	CHEMBL2176956
CHEMBL2034070	CHEMBL2029242
CHEMBL5538724	CHEMBL5537138
CHEMBL3383595	CHEMBL3351528
CHEMBL5517548	CHEMBL5512695
CHEMBL4270255	CHEMBL4266056
CHEMBL3119938	CHEMBL3112572
CHEMBL5516741	CHEMBL5512679
CHEMBL1039278	CHEMBL1155962
CHEMBL5368227	CHEMBL5365474
CHEMBL3382939	CHEMBL3351860
CHEMBL5264773	CHEMBL5260844
CHEMBL1034538	CHEMBL1151935
CHEMBL5516755	CHEMBL5512679
CHEMBL3383394	CHEMBL3351317
CHEMBL3430406	CHEMBL3430320
CHEMBL3861366	CHEMBL3860074
CHEMBL5381669	CHEMBL5380789
CHEMBL4429529	CHEMBL4428070
CHEMBL2184102	CHEMBL2177048
CHEMBL5104761	CHEMBL5104100
CHEMBL1763220	CHEMBL1759893
CHEMBL5358241	CHEMBL5356971
CHEMBL3265847	CHEMBL3259791
CHEMBL3801565	CHEMBL3797133
CHEMBL972465	CHEMBL1136886
CHEMBL4374649	CHEMBL4373675
CHEMBL771384	CHEMBL1126270
CHEMBL4005805	CHEMBL4004826
CHEMBL4381402	CHEMBL4376885
CHEMBL4412447	CHEMBL4411287
CHEMBL3430427	CHEMBL3430320
CHEMBL4703601	CHEMBL4699562
CHEMBL2060621	CHEMBL2057154
CHEMBL3508849	CHEMBL3508693
CHEMBL4380541	CHEMBL4376867
CHEMBL3430696	CHEMBL3430320
CHEMBL2148627	CHEMBL2146432
CHEMBL3430357	CHEMBL3430320
CHEMBL5374431	CHEMBL5370643
CHEMBL3436222	CHEMBL3436046
CHEMBL4667322	CHEMBL4665650
CHEMBL3430597	CHEMBL3430321
CHEMBL3615701	CHEMBL3612018
CHEMBL4689681	CHEMBL4680374
CHEMBL871230	CHEMBL1147801
CHEMBL3430488	CHEMBL3430320
CHEMBL5139699	CHEMBL5137025
CHEMBL3430591	CHEMBL3430321
CHEMBL3637054	CHEMBL3632475
CHEMBL4413490	CHEMBL4411314
CHEMBL3271185	CHEMBL3259733
CHEMBL2157805	CHEMBL2151039
CHEMBL4039282	CHEMBL4038301
CHEMBL3378104	CHEMBL3352487
CHEMBL4689621	CHEMBL4680373
CHEMBL1953526	CHEMBL1949557
CHEMBL3615013	CHEMBL3611997
CHEMBL1820251	CHEMBL1817657
CHEMBL5512093	CHEMBL5506068
CHEMBL4200763	CHEMBL4196169
CHEMBL1103133	CHEMBL1154970
CHEMBL4667480	CHEMBL4665653
CHEMBL2033879	CHEMBL2029212
CHEMBL3373953	CHEMBL3352482
CHEMBL1225864	CHEMBL1221377
CHEMBL5215556	CHEMBL5214898
CHEMBL1039575	CHEMBL1154688
CHEMBL3096370	CHEMBL3091454
CHEMBL886903	CHEMBL1139188
CHEMBL3430529	CHEMBL3430320
CHEMBL1936822	CHEMBL1932960
CHEMBL5731266	CHEMBL5725660
CHEMBL3889058	CHEMBL3886141
CHEMBL3223962	CHEMBL3217627
CHEMBL5037696	CHEMBL5036340
CHEMBL4050725	CHEMBL4049411
CHEMBL3430502	CHEMBL3430320
CHEMBL1274957	CHEMBL1268880
CHEMBL1931604	CHEMBL1926564
CHEMBL998723	CHEMBL1156565
CHEMBL3430527	CHEMBL3430320
CHEMBL5151162	CHEMBL5149984
CHEMBL5125261	CHEMBL5120921
CHEMBL4887186	CHEMBL4800722
CHEMBL1105838	CHEMBL1154258
CHEMBL3638082	CHEMBL3638030
CHEMBL3807655	CHEMBL3804820
CHEMBL5732169	CHEMBL5726153
CHEMBL3430562	CHEMBL3430320
CHEMBL2013365	CHEMBL2010700
CHEMBL3858850	CHEMBL3856249
CHEMBL2174912	CHEMBL2169886
CHEMBL5505675	CHEMBL5500428
CHEMBL3607064	CHEMBL3603827
CHEMBL4184687	CHEMBL4184096
CHEMBL1116645	CHEMBL1154342
CHEMBL3436219	CHEMBL3436046
CHEMBL5243034	CHEMBL5241108
CHEMBL4835481	CHEMBL4834420
CHEMBL3430435	CHEMBL3430320
CHEMBL2350655	CHEMBL2346654
CHEMBL2447583	CHEMBL2440066
CHEMBL3750698	CHEMBL3745665
CHEMBL5508918	CHEMBL5506004
CHEMBL2215678	CHEMBL2203262
CHEMBL4705420	CHEMBL4699641
CHEMBL3116554	CHEMBL3112398
CHEMBL1817373	CHEMBL1811901
CHEMBL1011666	CHEMBL1152811
CHEMBL2330395	CHEMBL2321831
CHEMBL945222	CHEMBL1157483
CHEMBL3430469	CHEMBL3430320
CHEMBL4821175	CHEMBL4819052
CHEMBL3430491	CHEMBL3430320
CHEMBL1953186	CHEMBL1949541
CHEMBL3436141	CHEMBL3436046
CHEMBL1110022	CHEMBL1157885
CHEMBL1686112	CHEMBL1681706
CHEMBL4200933	CHEMBL4196172
CHEMBL1647515	CHEMBL1641536
CHEMBL3430413	CHEMBL3430320
CHEMBL4735623	CHEMBL4732124
CHEMBL1261329	CHEMBL1255209
CHEMBL2019592	CHEMBL2016544
CHEMBL3638140	CHEMBL3638030
CHEMBL5168670	CHEMBL5154941
CHEMBL3743003	CHEMBL3739265
CHEMBL5168664	CHEMBL5154941
CHEMBL4265449	CHEMBL4261643
CHEMBL1011672	CHEMBL1152811
CHEMBL5320697	CHEMBL5316357
CHEMBL3383387	CHEMBL3351317
CHEMBL3602645	CHEMBL3600352
CHEMBL5735005	CHEMBL5727612
CHEMBL4688317	CHEMBL4680302
CHEMBL1011901	CHEMBL1153427
CHEMBL1116908	CHEMBL1156187
CHEMBL854582	CHEMBL1138974
CHEMBL3430596	CHEMBL3430321
CHEMBL2398849	CHEMBL2396549
CHEMBL5512024	CHEMBL5506067
CHEMBL5041728	CHEMBL5038653
CHEMBL4827915	CHEMBL4825733
CHEMBL2422131	CHEMBL2417435
CHEMBL1810388	CHEMBL1806498
CHEMBL2215013	CHEMBL2203205
CHEMBL796995	CHEMBL1133009
CHEMBL4709848	CHEMBL4706549
CHEMBL954296	CHEMBL1153958
CHEMBL3591514	CHEMBL3588758
CHEMBL5122785	CHEMBL5120828
CHEMBL5106465	CHEMBL5104171
CHEMBL968701	CHEMBL1138586
CHEMBL5264127	CHEMBL5260836
CHEMBL5393065	CHEMBL5390300
CHEMBL4351293	CHEMBL4350955
CHEMBL925955	CHEMBL1145558
CHEMBL2330779	CHEMBL2321724
CHEMBL5734260	CHEMBL5727226
CHEMBL4003495	CHEMBL4002590
CHEMBL5526863	CHEMBL5523756
CHEMBL3744556	CHEMBL3739370
CHEMBL2327882	CHEMBL2321820
CHEMBL3215094	CHEMBL1201862
CHEMBL3102516	CHEMBL3098111
CHEMBL3866780	CHEMBL3865819
CHEMBL976416	CHEMBL1156554
CHEMBL3430567	CHEMBL3430320
CHEMBL4374650	CHEMBL4373675
CHEMBL3631371	CHEMBL3627607
CHEMBL2427860	CHEMBL2424589
CHEMBL5123730	CHEMBL5120859
CHEMBL4030416	CHEMBL4028848
CHEMBL1053229	CHEMBL1153458
CHEMBL4605419	CHEMBL4602703
CHEMBL2338825	CHEMBL2331448
CHEMBL4835850	CHEMBL4834430
CHEMBL3591805	CHEMBL3588755
CHEMBL5478147	CHEMBL5465560
CHEMBL3430619	CHEMBL3430321
CHEMBL5523086	CHEMBL5518245
CHEMBL3384134	CHEMBL3351225
CHEMBL3602657	CHEMBL3600352
CHEMBL944378	CHEMBL1152295
CHEMBL5223507	CHEMBL5223075
CHEMBL3870967	CHEMBL3870336
CHEMBL662311	CHEMBL1135758
CHEMBL1918580	CHEMBL1914405
CHEMBL3430720	CHEMBL3430320
CHEMBL1272885	CHEMBL1268849
CHEMBL1059728	CHEMBL1152381
CHEMBL831576	CHEMBL1142768
CHEMBL3579944	CHEMBL3576800
CHEMBL3829469	CHEMBL3826935
CHEMBL899478	CHEMBL1137440
CHEMBL1070001	CHEMBL1153120
CHEMBL660921	CHEMBL1128716
CHEMBL2339897	CHEMBL2331085
CHEMBL1039906	CHEMBL1156057
CHEMBL3430364	CHEMBL3430320
CHEMBL1959242	CHEMBL1955838
CHEMBL3583096	CHEMBL3580555
CHEMBL5357869	CHEMBL5356956
CHEMBL3578618	CHEMBL3576844
CHEMBL4618637	CHEMBL4616677
CHEMBL1023476	CHEMBL1158414
CHEMBL968040	CHEMBL1139413
CHEMBL4629714	CHEMBL4627393
CHEMBL5129831	CHEMBL5126603
CHEMBL4030033	CHEMBL4028831
CHEMBL3869656	CHEMBL3868612
CHEMBL5530782	CHEMBL5528062
CHEMBL2216273	CHEMBL2203133
CHEMBL5360237	CHEMBL5357068
CHEMBL3430387	CHEMBL3430320
CHEMBL5377366	CHEMBL5375967
CHEMBL4431168	CHEMBL4428134
CHEMBL968700	CHEMBL1138586
CHEMBL5516912	CHEMBL5512682
CHEMBL3998584	CHEMBL3997782
CHEMBL4004502	CHEMBL4002640
CHEMBL3430400	CHEMBL3430320
CHEMBL5516904	CHEMBL5512682
CHEMBL3620197	CHEMBL3616374
CHEMBL4199528	CHEMBL4196112
CHEMBL5352788	CHEMBL5352388
CHEMBL5357934	CHEMBL5356958
CHEMBL5161214	CHEMBL5154787
CHEMBL5304137	CHEMBL5303763
CHEMBL4413347	CHEMBL4411307
CHEMBL3436109	CHEMBL3436046
CHEMBL5252388	CHEMBL5247677
CHEMBL5737036	CHEMBL5728574
CHEMBL5054319	CHEMBL5053512
CHEMBL5259442	CHEMBL5257092
CHEMBL3819856	CHEMBL3817762
CHEMBL5223848	CHEMBL5223084
CHEMBL3767784	CHEMBL3763085
CHEMBL2344008	CHEMBL2331553
CHEMBL3610825	CHEMBL3608248
CHEMBL4830699	CHEMBL4828748
CHEMBL4700514	CHEMBL4699433
CHEMBL2382572	CHEMBL2380236
CHEMBL1633014	CHEMBL1629455
CHEMBL3430563	CHEMBL3430320
CHEMBL5225990	CHEMBL5223177
CHEMBL4355824	CHEMBL4354805
CHEMBL1054110	CHEMBL1153045
CHEMBL1272988	CHEMBL1268886
CHEMBL3436142	CHEMBL3436046
CHEMBL4058412	CHEMBL4052799
CHEMBL5586364	CHEMBL5584296
CHEMBL2217331	CHEMBL2216747
CHEMBL5318820	CHEMBL5316317
CHEMBL5735396	CHEMBL5727804
CHEMBL3705623	CHEMBL3638921
CHEMBL5383356	CHEMBL5380818
CHEMBL3106829	CHEMBL3102707
CHEMBL5334005	CHEMBL5331107
CHEMBL3074981	CHEMBL3046773
CHEMBL908898	CHEMBL1137327
CHEMBL889314	CHEMBL1145378
CHEMBL3762972	CHEMBL3758150
CHEMBL947435	CHEMBL1157525
CHEMBL4021976	CHEMBL4020761
CHEMBL3406081	CHEMBL3400008
CHEMBL4021478	CHEMBL4020734
CHEMBL2186062	CHEMBL2177046
CHEMBL5516903	CHEMBL5512682
CHEMBL3638067	CHEMBL3638030
CHEMBL4882325	CHEMBL4507279
CHEMBL5144798	CHEMBL5143540
CHEMBL4410909	CHEMBL4406913
CHEMBL4370899	CHEMBL4368940
CHEMBL3430326	CHEMBL3430320
CHEMBL3883136	CHEMBL3882737
CHEMBL1925825	CHEMBL1921704
CHEMBL5731263	CHEMBL5725659
CHEMBL4623854	CHEMBL4622872
CHEMBL5304091	CHEMBL5303762
CHEMBL5318453	CHEMBL5316310
CHEMBL1175790	CHEMBL1177792
CHEMBL4623843	CHEMBL4622872
CHEMBL5050801	CHEMBL5046323
CHEMBL4427201	CHEMBL4425152
CHEMBL4734895	CHEMBL4732108
CHEMBL3436081	CHEMBL3436046
CHEMBL4004321	CHEMBL4002630
CHEMBL4730058	CHEMBL4725394
CHEMBL5030399	CHEMBL5029189
CHEMBL2071936	CHEMBL2069205
CHEMBL5347868	CHEMBL5346882
CHEMBL3993158	CHEMBL3992509
CHEMBL5609895	CHEMBL5608201
CHEMBL2389567	CHEMBL2384974
CHEMBL2327767	CHEMBL2321764
CHEMBL3638117	CHEMBL3638030
CHEMBL4047409	CHEMBL4043239
CHEMBL5582341	CHEMBL5579877
CHEMBL4044435	CHEMBL4043105
CHEMBL4137010	CHEMBL4130624
CHEMBL1052905	CHEMBL1154613
CHEMBL929421	CHEMBL1145598
CHEMBL4406249	CHEMBL4402602
CHEMBL1918380	CHEMBL1914441
CHEMBL4234954	CHEMBL4229483
CHEMBL2020462	CHEMBL2016510
CHEMBL1053972	CHEMBL1152451
CHEMBL5334826	CHEMBL5331127
CHEMBL5368552	CHEMBL5365483
CHEMBL975252	CHEMBL1153974
CHEMBL4683752	CHEMBL4680157
CHEMBL3430328	CHEMBL3430320
CHEMBL5476625	CHEMBL5465560
CHEMBL5521450	CHEMBL5518220
CHEMBL5375455	CHEMBL5370671
CHEMBL4887067	CHEMBL4507282
CHEMBL3413194	CHEMBL3407438
CHEMBL2065451	CHEMBL2062503
CHEMBL691013	CHEMBL1135758
CHEMBL3791472	CHEMBL3784951
CHEMBL944827	CHEMBL1140829
CHEMBL3430458	CHEMBL3430320
CHEMBL3378638	CHEMBL3352784
CHEMBL4396475	CHEMBL4393722
CHEMBL3999268	CHEMBL3997808
CHEMBL4040883	CHEMBL4038335
CHEMBL4734907	CHEMBL4732108
CHEMBL2330781	CHEMBL2321724
CHEMBL1120444	CHEMBL1155519
CHEMBL5732351	CHEMBL5726255
CHEMBL5326843	CHEMBL5325430
CHEMBL3430325	CHEMBL3430320
CHEMBL1955663	CHEMBL1949521
CHEMBL4678423	CHEMBL4673338
CHEMBL830651	CHEMBL1142768
CHEMBL888509	CHEMBL1145410
CHEMBL2433139	CHEMBL2429781
CHEMBL914485	CHEMBL1149290
CHEMBL1074123	CHEMBL1159083
CHEMBL1063998	CHEMBL1152417
CHEMBL3742791	CHEMBL3739265
CHEMBL3638118	CHEMBL3638030
CHEMBL3869360	CHEMBL3868596
CHEMBL3430483	CHEMBL3430320
CHEMBL4720270	CHEMBL4715816
CHEMBL948900	CHEMBL1141595
CHEMBL4605421	CHEMBL4602703
CHEMBL4011432	CHEMBL4007508
CHEMBL1817374	CHEMBL1811901
CHEMBL3436092	CHEMBL3436046
CHEMBL2044716	CHEMBL2040756
CHEMBL3429792	CHEMBL3425497
CHEMBL3624814	CHEMBL3621143
CHEMBL3594793	CHEMBL3593212
CHEMBL4813173	CHEMBL4811281
CHEMBL3880757	CHEMBL3880396
CHEMBL5136077	CHEMBL5131537
CHEMBL5530461	CHEMBL5528056
CHEMBL4701757	CHEMBL4699485
CHEMBL3430489	CHEMBL3430320
CHEMBL3430396	CHEMBL3430320
CHEMBL3430449	CHEMBL3430320
CHEMBL3430726	CHEMBL3430320
CHEMBL3813473	CHEMBL3808373
CHEMBL3879968	CHEMBL3879885
CHEMBL4841581	CHEMBL4840347
CHEMBL5512769	CHEMBL5512598
CHEMBL3859699	CHEMBL3856276
CHEMBL4324787	CHEMBL4321858
CHEMBL972461	CHEMBL1136885
CHEMBL1051824	CHEMBL1153519
CHEMBL3420425	CHEMBL3414497
CHEMBL5622380	CHEMBL5620393
CHEMBL2422129	CHEMBL2417435
CHEMBL3430390	CHEMBL3430320
CHEMBL2342062	CHEMBL2331361
CHEMBL3430547	CHEMBL3430320
CHEMBL3430586	CHEMBL3430321
CHEMBL3430481	CHEMBL3430320
CHEMBL1954402	CHEMBL1949653
CHEMBL1022593	CHEMBL1152177
CHEMBL1820828	CHEMBL1817551
CHEMBL1027668	CHEMBL1137783
CHEMBL2439896	CHEMBL2434948
CHEMBL4707280	CHEMBL4706478
CHEMBL3880276	CHEMBL3879906
CHEMBL4881636	CHEMBL4507275
CHEMBL5054227	CHEMBL5053510
CHEMBL4193795	CHEMBL4190331
CHEMBL3889096	CHEMBL3886940
CHEMBL5554826	CHEMBL5550221
CHEMBL2026526	CHEMBL2021777
CHEMBL3854736	CHEMBL3853317
CHEMBL3436128	CHEMBL3436046
CHEMBL1959251	CHEMBL1955838
CHEMBL3638115	CHEMBL3638030
CHEMBL4015500	CHEMBL4014310
CHEMBL3131986	CHEMBL3124857
CHEMBL4704384	CHEMBL4699593
CHEMBL3638137	CHEMBL3638030
CHEMBL3880243	CHEMBL3879905
CHEMBL3436057	CHEMBL3436046
CHEMBL2217333	CHEMBL2216747
CHEMBL898851	CHEMBL1137497
CHEMBL1925887	CHEMBL1921692
CHEMBL4817039	CHEMBL4813992
CHEMBL4825319	CHEMBL4823315
CHEMBL854895	CHEMBL1137586
CHEMBL4134119	CHEMBL4130451
CHEMBL5247186	CHEMBL5244277
CHEMBL1015853	CHEMBL1136872
CHEMBL829377	CHEMBL1139555
CHEMBL4189945	CHEMBL4184335
CHEMBL3638134	CHEMBL3638030
CHEMBL2160723	CHEMBL2157884
CHEMBL3638075	CHEMBL3638030
CHEMBL1647980	CHEMBL1641497
CHEMBL3116939	CHEMBL3112421
CHEMBL4677123	CHEMBL4673269
CHEMBL3638106	CHEMBL3638030
CHEMBL1827211	CHEMBL1821583
CHEMBL5100513	CHEMBL5096243
CHEMBL3436107	CHEMBL3436046
CHEMBL3430521	CHEMBL3430320
CHEMBL1227789	CHEMBL1221253
CHEMBL3430352	CHEMBL3430320
CHEMBL4032610	CHEMBL4028901
CHEMBL3635896	CHEMBL3632483
CHEMBL5530462	CHEMBL5528056
CHEMBL3430432	CHEMBL3430320
CHEMBL3873911	CHEMBL3872247
CHEMBL1803706	CHEMBL1800066
CHEMBL3880280	CHEMBL3879906
CHEMBL4736144	CHEMBL4732141
CHEMBL5534682	CHEMBL5532667
CHEMBL4036825	CHEMBL4033760
CHEMBL1959689	CHEMBL1955809
CHEMBL5732259	CHEMBL5726194
CHEMBL4478365	CHEMBL4477209
CHEMBL4616470	CHEMBL4613325
CHEMBL4329555	CHEMBL4325910
CHEMBL4840064	CHEMBL4837261
CHEMBL4041603	CHEMBL4041464
CHEMBL5534419	CHEMBL5532664
CHEMBL3376666	CHEMBL3352656
CHEMBL3404543	CHEMBL3400001
CHEMBL4235947	CHEMBL4229528
CHEMBL1936933	CHEMBL1933007
CHEMBL3430461	CHEMBL3430320
CHEMBL4813123	CHEMBL4811281
CHEMBL2217324	CHEMBL2216747
CHEMBL5334006	CHEMBL5331107
CHEMBL3292514	CHEMBL3286180
CHEMBL1107481	CHEMBL1158546
CHEMBL3807653	CHEMBL3804820
CHEMBL3599847	CHEMBL3596131
CHEMBL5217541	CHEMBL5214978
CHEMBL4706994	CHEMBL4706475
CHEMBL3999979	CHEMBL3997850
CHEMBL4765973	CHEMBL4765231
CHEMBL4053025	CHEMBL4052588
CHEMBL5697035	CHEMBL5696440
CHEMBL4373076	CHEMBL4371069
CHEMBL3865060	CHEMBL3864161
CHEMBL5502999	CHEMBL5500379
CHEMBL854534	CHEMBL1138972
CHEMBL4626005	CHEMBL4622971
CHEMBL5058864	CHEMBL5058643
CHEMBL4399583	CHEMBL4396928
CHEMBL4832310	CHEMBL4831500
CHEMBL4052295	CHEMBL4049454
CHEMBL4818032	CHEMBL4814034
CHEMBL5116012	CHEMBL5113417
CHEMBL5166943	CHEMBL5154906
CHEMBL5465596	CHEMBL5465560
CHEMBL1045136	CHEMBL1152519
CHEMBL4669513	CHEMBL4665738
CHEMBL4344564	CHEMBL4342468
CHEMBL3774209	CHEMBL3769385
CHEMBL4017761	CHEMBL4017456
CHEMBL4373387	CHEMBL4371089
CHEMBL4829594	CHEMBL4828724
CHEMBL3638148	CHEMBL3638030
CHEMBL3811000	CHEMBL3808348
CHEMBL1959249	CHEMBL1955838
CHEMBL2429415	CHEMBL2424579
CHEMBL5738788	CHEMBL5729486
CHEMBL4729806	CHEMBL4725387
CHEMBL2150540	CHEMBL2146454
CHEMBL4769898	CHEMBL4765317
CHEMBL5357496	CHEMBL5356945
CHEMBL4888259	CHEMBL4800731
CHEMBL4667481	CHEMBL4665653
CHEMBL4004312	CHEMBL4002630
CHEMBL2020267	CHEMBL2016472
CHEMBL3090926	CHEMBL3085763
CHEMBL3424409	CHEMBL3421616
CHEMBL4734894	CHEMBL4732108
CHEMBL3436079	CHEMBL3436046
CHEMBL4012329	CHEMBL4011607
CHEMBL5038084	CHEMBL5036355
CHEMBL1043534	CHEMBL1155318
CHEMBL2184032	CHEMBL2177022
CHEMBL4709255	CHEMBL4706533
CHEMBL5734394	CHEMBL5727305
CHEMBL5734466	CHEMBL5727343
CHEMBL3744110	CHEMBL3739339
CHEMBL3888490	CHEMBL3886728
CHEMBL3413736	CHEMBL3407353
CHEMBL1030632	CHEMBL1136855
CHEMBL1291557	CHEMBL1287756
CHEMBL1120719	CHEMBL1155513
CHEMBL3430450	CHEMBL3430320
CHEMBL3096729	CHEMBL3091311
CHEMBL5136713	CHEMBL5131568
CHEMBL3638114	CHEMBL3638030
CHEMBL3742792	CHEMBL3739265
CHEMBL3399089	CHEMBL3397009
CHEMBL5043763	CHEMBL5042500
CHEMBL2384851	CHEMBL2380242
CHEMBL703976	CHEMBL1128175
CHEMBL1046361	CHEMBL1155365
CHEMBL3384644	CHEMBL3351317
CHEMBL1937493	CHEMBL1932917
CHEMBL1287090	CHEMBL1275350
CHEMBL4769920	CHEMBL4765317
CHEMBL4414831	CHEMBL4414548
CHEMBL3430695	CHEMBL3430320
CHEMBL2021110	CHEMBL2016485
CHEMBL3625362	CHEMBL3621164
CHEMBL3374870	CHEMBL3352160
CHEMBL4833974	CHEMBL4831547
CHEMBL3430428	CHEMBL3430320
CHEMBL2211966	CHEMBL2203078
CHEMBL4023707	CHEMBL4020831
CHEMBL3430723	CHEMBL3430320
CHEMBL4774973	CHEMBL4765455
CHEMBL1819679	CHEMBL1817582
CHEMBL5733754	CHEMBL5726954
CHEMBL5388468	CHEMBL5385904
CHEMBL3436050	CHEMBL3436046
CHEMBL4677231	CHEMBL4673273
CHEMBL887107	CHEMBL1139198
CHEMBL1027667	CHEMBL1137783
CHEMBL1762952	CHEMBL1759932
CHEMBL4622343	CHEMBL4619807
CHEMBL1020033	CHEMBL1155077
CHEMBL5129511	CHEMBL5126594
CHEMBL4735622	CHEMBL4732124
CHEMBL3436075	CHEMBL3436046
CHEMBL5522442	CHEMBL5518235
CHEMBL4342657	CHEMBL4342403
CHEMBL2186403	CHEMBL2176916
CHEMBL5732140	CHEMBL5726143
CHEMBL1918475	CHEMBL1914324
CHEMBL4822035	CHEMBL4819093
CHEMBL3599417	CHEMBL3596134
CHEMBL1657555	CHEMBL1649104
CHEMBL5130607	CHEMBL5126626
CHEMBL3382553	CHEMBL3352744
CHEMBL5320104	CHEMBL5316345
CHEMBL4700151	CHEMBL4699418
CHEMBL1918927	CHEMBL1914304
CHEMBL4619087	CHEMBL4616704
CHEMBL815524	CHEMBL1128729
CHEMBL5043276	CHEMBL5042486
CHEMBL768696	CHEMBL1134676
CHEMBL5338534	CHEMBL5335864
CHEMBL3430418	CHEMBL3430320
CHEMBL867939	CHEMBL1145312
CHEMBL4410994	CHEMBL4406916
CHEMBL3790417	CHEMBL3785091
CHEMBL3102517	CHEMBL3098111
CHEMBL1251106	CHEMBL1250528
CHEMBL3880176	CHEMBL3879903
CHEMBL1656347	CHEMBL1649093
CHEMBL3436214	CHEMBL3436046
CHEMBL2072751	CHEMBL2069242
CHEMBL3591517	CHEMBL3588758
CHEMBL1259359	CHEMBL1255514
CHEMBL4733228	CHEMBL4732051
CHEMBL4829567	CHEMBL4828723
CHEMBL5058796	CHEMBL5058643
CHEMBL5148466	CHEMBL5143713
CHEMBL3615014	CHEMBL3611997
CHEMBL1018632	CHEMBL1152875
CHEMBL4840588	CHEMBL4840305
CHEMBL1924167	CHEMBL1921748
CHEMBL1032303	CHEMBL1140155
CHEMBL4721729	CHEMBL4715822
CHEMBL4345249	CHEMBL4342489
CHEMBL4813175	CHEMBL4811281
CHEMBL3626607	CHEMBL3621151
CHEMBL2396015	CHEMBL2390921
CHEMBL928992	CHEMBL1141544
CHEMBL3508852	CHEMBL3508693
CHEMBL5168419	CHEMBL5154936
CHEMBL3430454	CHEMBL3430320
CHEMBL4706924	CHEMBL4706475
CHEMBL791520	CHEMBL1132000
CHEMBL3636866	CHEMBL3632552
CHEMBL5056441	CHEMBL5055640
CHEMBL3100170	CHEMBL3098117
CHEMBL3385491	CHEMBL3352375
CHEMBL2429417	CHEMBL2424528
CHEMBL5528606	CHEMBL5528010
CHEMBL4012361	CHEMBL4011607
CHEMBL5155276	CHEMBL5154644
CHEMBL949428	CHEMBL1140918
CHEMBL4151929	CHEMBL4145688
CHEMBL4880831	CHEMBL4507332
CHEMBL3610078	CHEMBL3608214
CHEMBL5130108	CHEMBL5126609
CHEMBL3768879	CHEMBL3763072
CHEMBL1036922	CHEMBL1154736
CHEMBL4260965	CHEMBL4257582
CHEMBL2216274	CHEMBL2203133
CHEMBL3436085	CHEMBL3436046
CHEMBL3430537	CHEMBL3430320
CHEMBL2173968	CHEMBL2169805
CHEMBL1817370	CHEMBL1811901
CHEMBL1039122	CHEMBL1155989
CHEMBL4675511	CHEMBL4673226
CHEMBL5731265	CHEMBL5725660
CHEMBL4421204	CHEMBL4420079
CHEMBL4629738	CHEMBL4627393
CHEMBL4186479	CHEMBL4184171
CHEMBL5161391	CHEMBL5154791
CHEMBL4305236	CHEMBL4304744
CHEMBL5510269	CHEMBL5506029
CHEMBL1840136	CHEMBL1833803
CHEMBL3859779	CHEMBL3856281
CHEMBL2013362	CHEMBL2010700
CHEMBL1764797	CHEMBL1759849
CHEMBL3638143	CHEMBL3638030
CHEMBL3611634	CHEMBL3608254
CHEMBL950337	CHEMBL1144031
CHEMBL3888300	CHEMBL3886644
CHEMBL4833086	CHEMBL4831524
CHEMBL5379185	CHEMBL5375990
CHEMBL1771845	CHEMBL1770133
CHEMBL5375554	CHEMBL5370674
CHEMBL1803823	CHEMBL1800027
CHEMBL984535	CHEMBL1142499
CHEMBL1174019	CHEMBL1177831
CHEMBL4235078	CHEMBL4229492
CHEMBL3430379	CHEMBL3430320
CHEMBL820994	CHEMBL1137936
CHEMBL4015829	CHEMBL4014323
CHEMBL937361	CHEMBL1147066
CHEMBL5546325	CHEMBL5543124
CHEMBL2188237	CHEMBL2176973
CHEMBL2317752	CHEMBL2311339
CHEMBL3801065	CHEMBL3797102
CHEMBL3592068	CHEMBL3588826
CHEMBL2427694	CHEMBL2424560
CHEMBL4184989	CHEMBL4184118
CHEMBL3584390	CHEMBL3580590
CHEMBL4223041	CHEMBL4219187
CHEMBL895478	CHEMBL1148818
CHEMBL4313394	CHEMBL4311959
CHEMBL1120514	CHEMBL1155538
CHEMBL1038976	CHEMBL1156101
CHEMBL3424851	CHEMBL3421558
CHEMBL5163389	CHEMBL5154827
CHEMBL3227002	CHEMBL3217445
CHEMBL854888	CHEMBL1137586
CHEMBL5100478	CHEMBL5096242
CHEMBL1943689	CHEMBL1938371
CHEMBL3430342	CHEMBL3430320
CHEMBL1030736	CHEMBL1153351
CHEMBL5251456	CHEMBL5247650
CHEMBL4195200	CHEMBL4190390
CHEMBL2168498	CHEMBL2163233
CHEMBL5738979	CHEMBL5729563
CHEMBL2013364	CHEMBL2010700
CHEMBL1924735	CHEMBL1921678
CHEMBL5242480	CHEMBL5241094
CHEMBL5731629	CHEMBL5725870
CHEMBL1065725	CHEMBL1156870
CHEMBL1670069	CHEMBL1667819
CHEMBL3638060	CHEMBL3638030
CHEMBL4840058	CHEMBL4837261
CHEMBL4314371	CHEMBL4311986
CHEMBL4769911	CHEMBL4765317
CHEMBL2340120	CHEMBL2331548
CHEMBL766805	CHEMBL1136065
CHEMBL3638136	CHEMBL3638030
CHEMBL3810590	CHEMBL3808345
CHEMBL1106557	CHEMBL1157794
CHEMBL5503990	CHEMBL5500396
CHEMBL4734890	CHEMBL4732108
CHEMBL1763073	CHEMBL1759901
CHEMBL5130043	CHEMBL5126609
CHEMBL4628001	CHEMBL4627279
CHEMBL3880258	CHEMBL3879906
CHEMBL5260116	CHEMBL5257122
CHEMBL5303798	CHEMBL4630908
CHEMBL2173975	CHEMBL2169805
CHEMBL4406698	CHEMBL4402609
CHEMBL5133643	CHEMBL5131436
CHEMBL1685382	CHEMBL1681746
CHEMBL5291756	CHEMBL5291721
CHEMBL3430508	CHEMBL3430320
CHEMBL947755	CHEMBL1141007
CHEMBL923047	CHEMBL1140675
CHEMBL5136071	CHEMBL5131537
CHEMBL2182408	CHEMBL2177097
CHEMBL921541	CHEMBL1147066
CHEMBL3372613	CHEMBL3352784
CHEMBL2209447	CHEMBL2203126
CHEMBL934640	CHEMBL1145605
CHEMBL5476581	CHEMBL5465560
CHEMBL4611392	CHEMBL4610040
CHEMBL2217342	CHEMBL2216747
CHEMBL827842	CHEMBL1138723
CHEMBL3880275	CHEMBL3879906
CHEMBL1840125	CHEMBL1833803
CHEMBL937372	CHEMBL1147066
CHEMBL3362684	CHEMBL3351646
CHEMBL4370144	CHEMBL4368909
CHEMBL3370067	CHEMBL3352362
CHEMBL1291445	CHEMBL1287724
CHEMBL3430447	CHEMBL3430320
CHEMBL5521503	CHEMBL5518220
CHEMBL4355247	CHEMBL4354796
CHEMBL4351263	CHEMBL4350955
CHEMBL5166818	CHEMBL5154903
CHEMBL2072927	CHEMBL2069246
CHEMBL5142864	CHEMBL5137107
CHEMBL4372490	CHEMBL4371046
CHEMBL768952	CHEMBL1136064
CHEMBL3587475	CHEMBL3585315
CHEMBL4402251	CHEMBL4400569
CHEMBL3868328	CHEMBL3867477
CHEMBL4181777	CHEMBL4177680
CHEMBL4402272	CHEMBL4400569
CHEMBL4200990	CHEMBL4196174
CHEMBL5144799	CHEMBL5143540
CHEMBL3430339	CHEMBL3430320
CHEMBL3380974	CHEMBL3352465
CHEMBL1062488	CHEMBL1153484
CHEMBL3430408	CHEMBL3430320
CHEMBL1036186	CHEMBL1158476
CHEMBL1219105	CHEMBL1212923
CHEMBL3430534	CHEMBL3430320
CHEMBL1938176	CHEMBL1933032
CHEMBL870286	CHEMBL1138064
CHEMBL5368553	CHEMBL5365483
CHEMBL666481	CHEMBL1128711
CHEMBL1106981	CHEMBL1156278
CHEMBL5151164	CHEMBL5149984
CHEMBL5228308	CHEMBL5226325
CHEMBL3869648	CHEMBL3868612
CHEMBL2188943	CHEMBL2177000
CHEMBL2216925	CHEMBL2216747
CHEMBL5623240	CHEMBL5620414
CHEMBL3430504	CHEMBL3430320
CHEMBL4057949	CHEMBL4052776
CHEMBL5384136	CHEMBL5380842
CHEMBL4119873	CHEMBL4118097
CHEMBL3419127	CHEMBL3414433
CHEMBL4015830	CHEMBL4014323
CHEMBL4723905	CHEMBL4715870
CHEMBL5360427	CHEMBL5357082
CHEMBL2319401	CHEMBL2311468
CHEMBL3428433	CHEMBL3425442
CHEMBL2065232	CHEMBL2062454
CHEMBL4366089	CHEMBL4364272
CHEMBL1646064	CHEMBL1641460
CHEMBL4199666	CHEMBL4196115
CHEMBL4231477	CHEMBL4229360
CHEMBL4037979	CHEMBL4033794
CHEMBL1047209	CHEMBL1156015
CHEMBL1110020	CHEMBL1157885
CHEMBL1211976	CHEMBL1208762
CHEMBL4703517	CHEMBL4699558
CHEMBL5350354	CHEMBL5346946
CHEMBL1246028	CHEMBL1240366
CHEMBL4122310	CHEMBL4118145
CHEMBL3436093	CHEMBL3436046
CHEMBL5133272	CHEMBL5131410
CHEMBL3239685	CHEMBL3232717
CHEMBL4023192	CHEMBL4020824
CHEMBL3638162	CHEMBL3638030
CHEMBL3430698	CHEMBL3430320
CHEMBL5038079	CHEMBL5036355
CHEMBL5724455	CHEMBL5723587
CHEMBL5328741	CHEMBL5325501
CHEMBL3705667	CHEMBL3638878
CHEMBL5735028	CHEMBL5727625
CHEMBL5363737	CHEMBL5360611
CHEMBL5042052	CHEMBL5038664
CHEMBL4818301	CHEMBL4814047
CHEMBL5238525	CHEMBL5236595
CHEMBL3430541	CHEMBL3430320
CHEMBL4373140	CHEMBL4371072
CHEMBL3430456	CHEMBL3430320
CHEMBL5636427	CHEMBL5634117
CHEMBL2340399	CHEMBL2331425
CHEMBL3430471	CHEMBL3430320
CHEMBL2020459	CHEMBL2016510
CHEMBL1104217	CHEMBL1154932
CHEMBL5465572	CHEMBL5465560
CHEMBL5511808	CHEMBL5506063
CHEMBL4013657	CHEMBL4011644
CHEMBL4264708	CHEMBL4261605
CHEMBL4042408	CHEMBL4041516
CHEMBL3430640	CHEMBL3430321
CHEMBL2344005	CHEMBL2331553
CHEMBL1104518	CHEMBL1156338
CHEMBL4480014	CHEMBL4477259
CHEMBL3858908	CHEMBL3856250
CHEMBL5038401	CHEMBL5036375
CHEMBL4679820	CHEMBL4673395
CHEMBL5255855	CHEMBL5252622
CHEMBL5130606	CHEMBL5126626
CHEMBL1685790	CHEMBL1681668
CHEMBL3390017	CHEMBL3351553
CHEMBL993079	CHEMBL1143329
CHEMBL1961077	CHEMBL1955789
CHEMBL4394243	CHEMBL4393662
CHEMBL3638069	CHEMBL3638030
CHEMBL855890	CHEMBL1148680
CHEMBL4378225	CHEMBL4376816
CHEMBL4267134	CHEMBL4265900
CHEMBL1043202	CHEMBL1155197
CHEMBL5035696	CHEMBL5034031
CHEMBL4478742	CHEMBL4477219
CHEMBL5525037	CHEMBL5523716
CHEMBL2417289	CHEMBL2413065
CHEMBL3436089	CHEMBL3436046
CHEMBL3794985	CHEMBL3792299
CHEMBL2168496	CHEMBL2163233
CHEMBL3579945	CHEMBL3576800
CHEMBL2341331	CHEMBL2331109
CHEMBL2443472	CHEMBL2439970
CHEMBL4737841	CHEMBL4732202
CHEMBL5543784	CHEMBL5543072
CHEMBL1810943	CHEMBL1806458
CHEMBL860568	CHEMBL1138163
CHEMBL3742910	CHEMBL3739366
CHEMBL766803	CHEMBL1136065
CHEMBL4180611	CHEMBL4177630
CHEMBL3430642	CHEMBL3430321
CHEMBL3294274	CHEMBL3286258
CHEMBL3123626	CHEMBL3120093
CHEMBL4047405	CHEMBL4043239
CHEMBL4401938	CHEMBL4400551
CHEMBL2214096	CHEMBL2203264
CHEMBL5343262	CHEMBL5338798
CHEMBL5325079	CHEMBL5321293
CHEMBL2014232	CHEMBL2010665
CHEMBL3271187	CHEMBL3259733
CHEMBL3430431	CHEMBL3430320
CHEMBL3436226	CHEMBL3436046
CHEMBL653728	CHEMBL1125160
CHEMBL5367978	CHEMBL5365467
CHEMBL3997717	CHEMBL3994677
CHEMBL3362673	CHEMBL3351646
CHEMBL4681405	CHEMBL4680090
CHEMBL4015638	CHEMBL4014311
CHEMBL3391347	CHEMBL3390844
CHEMBL3430716	CHEMBL3430320
CHEMBL948183	CHEMBL1142271
CHEMBL899629	CHEMBL1137458
CHEMBL3610728	CHEMBL3608263
CHEMBL4769910	CHEMBL4765317
CHEMBL1810637	CHEMBL1806385
CHEMBL4714791	CHEMBL4706729
CHEMBL5361572	CHEMBL5360536
CHEMBL1021966	CHEMBL1138528
CHEMBL4406929	CHEMBL4406790
CHEMBL2168470	CHEMBL2163233
CHEMBL4734891	CHEMBL4732108
CHEMBL4009751	CHEMBL4007444
CHEMBL5055693	CHEMBL5055616
CHEMBL4881706	CHEMBL4507276
CHEMBL3829953	CHEMBL3826911
CHEMBL4882252	CHEMBL4507278
CHEMBL4015502	CHEMBL4014310
CHEMBL1115187	CHEMBL1156971
CHEMBL5392514	CHEMBL5390273
CHEMBL4809418	CHEMBL4808184
CHEMBL4022306	CHEMBL4020782
CHEMBL5133360	CHEMBL5131416
CHEMBL5160401	CHEMBL5154772
CHEMBL5535369	CHEMBL5532680
CHEMBL4396291	CHEMBL4393719
CHEMBL4235818	CHEMBL4229521
CHEMBL940379	CHEMBL1152282
CHEMBL3362132	CHEMBL3351387
CHEMBL4233917	CHEMBL4229447
CHEMBL3430441	CHEMBL3430320
CHEMBL3638170	CHEMBL3638030
CHEMBL5343484	CHEMBL5338805
CHEMBL3383693	CHEMBL3352189
CHEMBL3807184	CHEMBL3804779
CHEMBL3380165	CHEMBL3352004
CHEMBL3807654	CHEMBL3804820
CHEMBL3638091	CHEMBL3638030
CHEMBL1648563	CHEMBL1641472
CHEMBL1686824	CHEMBL1681689
CHEMBL4812957	CHEMBL4811273
CHEMBL4224424	CHEMBL4219264
CHEMBL4039280	CHEMBL4038301
CHEMBL3706371	CHEMBL3639142
CHEMBL5121851	CHEMBL5120772
CHEMBL5387422	CHEMBL5385870
CHEMBL5731991	CHEMBL5726069
CHEMBL4136264	CHEMBL4130560
CHEMBL1686924	CHEMBL1681724
CHEMBL4221872	CHEMBL4219124
CHEMBL3811493	CHEMBL3808345
CHEMBL5136758	CHEMBL5131569
CHEMBL3758047	CHEMBL3751831
CHEMBL5039672	CHEMBL5038588
CHEMBL3883129	CHEMBL3882737
CHEMBL4431163	CHEMBL4428134
CHEMBL4058760	CHEMBL4052817
CHEMBL4813164	CHEMBL4811281
CHEMBL2352554	CHEMBL2346597
CHEMBL4027423	CHEMBL4024771
CHEMBL3580169	CHEMBL3576790
CHEMBL3367865	CHEMBL3351482
CHEMBL3374659	CHEMBL3351611
CHEMBL5034690	CHEMBL5034007
CHEMBL3868329	CHEMBL3867477
CHEMBL3864496	CHEMBL3864137
CHEMBL4728777	CHEMBL4725355
CHEMBL1120664	CHEMBL1158622
CHEMBL5036958	CHEMBL5036319
CHEMBL5042359	CHEMBL5038674
CHEMBL4260925	CHEMBL4257581
CHEMBL3382404	CHEMBL3351839
CHEMBL5389101	CHEMBL5385916
CHEMBL3436133	CHEMBL3436046
CHEMBL653731	CHEMBL1124111
CHEMBL867368	CHEMBL1145325
CHEMBL4051672	CHEMBL4049438
CHEMBL3579575	CHEMBL3576831
CHEMBL4049285	CHEMBL4043307
CHEMBL5365873	CHEMBL5365408
CHEMBL916132	CHEMBL1139865
CHEMBL5538734	CHEMBL5537140
CHEMBL2060325	CHEMBL2057167
CHEMBL4026835	CHEMBL4024756
CHEMBL3370084	CHEMBL3352617
CHEMBL3366645	CHEMBL3352071
CHEMBL3430355	CHEMBL3430320
CHEMBL3430626	CHEMBL3430321
CHEMBL5291755	CHEMBL5291721
CHEMBL3859635	CHEMBL3856275
CHEMBL2032625	CHEMBL2029277
CHEMBL1069754	CHEMBL1158513
CHEMBL1833187	CHEMBL1828609
CHEMBL5119235	CHEMBL5113516
CHEMBL4004728	CHEMBL4002647
CHEMBL4352779	CHEMBL4350970
CHEMBL4481699	CHEMBL4480421
CHEMBL841101	CHEMBL1124627
CHEMBL3880255	CHEMBL3879906
CHEMBL5149776	CHEMBL5143744
CHEMBL4630255	CHEMBL4627405
CHEMBL5038533	CHEMBL5036382
CHEMBL3395555	CHEMBL3393023
CHEMBL4775409	CHEMBL4765473
CHEMBL854893	CHEMBL1137589
CHEMBL908975	CHEMBL1137352
CHEMBL4820822	CHEMBL4819034
CHEMBL5531383	CHEMBL5528073
CHEMBL906594	CHEMBL1143739
CHEMBL3880652	CHEMBL3880390
CHEMBL5734464	CHEMBL5727342
CHEMBL5481994	CHEMBL5465560
CHEMBL4414860	CHEMBL4414548
CHEMBL4184689	CHEMBL4184096
CHEMBL5125245	CHEMBL5120921
CHEMBL4809369	CHEMBL4808184
CHEMBL5121854	CHEMBL5120772
CHEMBL3295453	CHEMBL3286150
CHEMBL3871239	CHEMBL3870365
CHEMBL5521593	CHEMBL5518223
CHEMBL5731003	CHEMBL5725535
CHEMBL3436155	CHEMBL3436046
CHEMBL4429410	CHEMBL4428066
CHEMBL3638056	CHEMBL3638030
CHEMBL875187	CHEMBL1142766
CHEMBL2395381	CHEMBL2390935
CHEMBL4015501	CHEMBL4014310
CHEMBL4022938	CHEMBL4020821
CHEMBL3883135	CHEMBL3882737
CHEMBL3880278	CHEMBL3879906
CHEMBL1041067	CHEMBL1155963
CHEMBL4606283	CHEMBL4602727
CHEMBL5265321	CHEMBL5260850
CHEMBL3436147	CHEMBL3436046
CHEMBL5167771	CHEMBL5154926
CHEMBL3578413	CHEMBL3576859
CHEMBL1820160	CHEMBL1817669
CHEMBL659151	CHEMBL1132542
CHEMBL4887696	CHEMBL4800723
CHEMBL3430624	CHEMBL3430321
CHEMBL2215011	CHEMBL2203205
CHEMBL4704182	CHEMBL4699583
CHEMBL5249266	CHEMBL5247596
CHEMBL2211566	CHEMBL2203264
CHEMBL3096350	CHEMBL3091288
CHEMBL5043022	CHEMBL5042480
CHEMBL4050158	CHEMBL4049398
CHEMBL4036826	CHEMBL4033760
CHEMBL5036235	CHEMBL5034046
CHEMBL3430498	CHEMBL3430320
CHEMBL5509930	CHEMBL5506022
CHEMBL5739275	CHEMBL5729696
CHEMBL1816269	CHEMBL1811851
CHEMBL5232746	CHEMBL5230160
CHEMBL5032997	CHEMBL5032502
CHEMBL841102	CHEMBL1124627
CHEMBL3638165	CHEMBL3638030
CHEMBL5151023	CHEMBL5149982
CHEMBL4325511	CHEMBL4321877
CHEMBL5258220	CHEMBL5257040
CHEMBL4013831	CHEMBL4011651
CHEMBL4480013	CHEMBL4477259
CHEMBL990785	CHEMBL1144162
CHEMBL4270327	CHEMBL4266057
CHEMBL5586363	CHEMBL5584296
CHEMBL3430482	CHEMBL3430320
CHEMBL4830030	CHEMBL4828735
CHEMBL3606549	CHEMBL3603800
CHEMBL3887158	CHEMBL3886193
CHEMBL1633013	CHEMBL1629455
CHEMBL3789145	CHEMBL3784972
CHEMBL4015639	CHEMBL4014311
CHEMBL1175788	CHEMBL1177792
CHEMBL3638074	CHEMBL3638030
CHEMBL4201699	CHEMBL4196201
CHEMBL3296720	CHEMBL3286148
CHEMBL3430617	CHEMBL3430321
CHEMBL4769918	CHEMBL4765317
CHEMBL4223976	CHEMBL4219241
CHEMBL1024607	CHEMBL1158452
CHEMBL3638097	CHEMBL3638030
CHEMBL3430490	CHEMBL3430320
CHEMBL829576	CHEMBL1138723
CHEMBL1639762	CHEMBL1629713
CHEMBL5540457	CHEMBL5537178
CHEMBL4199971	CHEMBL4196128
CHEMBL3611882	CHEMBL3608233
CHEMBL4132515	CHEMBL4130376
CHEMBL1039578	CHEMBL1154688
CHEMBL2396050	CHEMBL2390918
CHEMBL3239967	CHEMBL3232847
CHEMBL4189946	CHEMBL4184335
CHEMBL4310146	CHEMBL4308849
CHEMBL4375127	CHEMBL4373699
CHEMBL4341372	CHEMBL4340527
CHEMBL5133258	CHEMBL5131410
CHEMBL4312668	CHEMBL4311943
CHEMBL4769908	CHEMBL4765317
CHEMBL2032908	CHEMBL2029200
CHEMBL4882199	CHEMBL4507277
CHEMBL2045044	CHEMBL2040831
CHEMBL5100299	CHEMBL5096238
CHEMBL941016	CHEMBL1139825
CHEMBL5356182	CHEMBL5352488
CHEMBL3858672	CHEMBL3856239
CHEMBL1121078	CHEMBL1158565
CHEMBL3378789	CHEMBL3352578
CHEMBL3227234	CHEMBL3217433
CHEMBL5611731	CHEMBL5608258
CHEMBL4624053	CHEMBL4622874
CHEMBL3638081	CHEMBL3638030
CHEMBL1671071	CHEMBL1667772
CHEMBL4003819	CHEMBL4002602
CHEMBL2167609	CHEMBL2163325
CHEMBL1101904	CHEMBL1155369
CHEMBL3297246	CHEMBL3286108
CHEMBL5304972	CHEMBL5303768
CHEMBL4841563	CHEMBL4840347
CHEMBL1944138	CHEMBL1938301
CHEMBL4614017	CHEMBL4613215
CHEMBL1810638	CHEMBL1806385
CHEMBL4707416	CHEMBL4706479
CHEMBL2187791	CHEMBL2176883
CHEMBL5223301	CHEMBL5223066
CHEMBL2060290	CHEMBL2057108
CHEMBL5737885	CHEMBL5728998
CHEMBL3430473	CHEMBL3430320
CHEMBL3607542	CHEMBL3603744
CHEMBL4676423	CHEMBL4673253
CHEMBL3419126	CHEMBL3414433
CHEMBL1073464	CHEMBL1157614
CHEMBL993590	CHEMBL1155858
CHEMBL4679707	CHEMBL4673392
CHEMBL5577749	CHEMBL5576108
CHEMBL5166941	CHEMBL5154906
CHEMBL4735502	CHEMBL4732120
CHEMBL5164181	CHEMBL5154849
CHEMBL5325638	CHEMBL5325394
CHEMBL832278	CHEMBL1142050
CHEMBL3411230	CHEMBL3407416
CHEMBL4019551	CHEMBL4017511
CHEMBL5151163	CHEMBL5149984
CHEMBL3430381	CHEMBL3430320
CHEMBL1820401	CHEMBL1817582
CHEMBL2051144	CHEMBL2046373
CHEMBL3225271	CHEMBL3217541
CHEMBL5335729	CHEMBL5331147
CHEMBL3624320	CHEMBL3621135
CHEMBL4815572	CHEMBL4813953
CHEMBL4622580	CHEMBL4619817
CHEMBL656260	CHEMBL1127038
CHEMBL3815826	CHEMBL3813624
CHEMBL4629737	CHEMBL4627393
CHEMBL5148609	CHEMBL5143717
CHEMBL3226254	CHEMBL3217622
CHEMBL1663293	CHEMBL1649335
CHEMBL3866778	CHEMBL3865819
CHEMBL2423441	CHEMBL2417539
CHEMBL5048947	CHEMBL5046279
CHEMBL937367	CHEMBL1147066
CHEMBL5132815	CHEMBL5131397
CHEMBL3430693	CHEMBL3430320
CHEMBL854890	CHEMBL1137588
CHEMBL975423	CHEMBL1155900
CHEMBL3436120	CHEMBL3436046
CHEMBL3430438	CHEMBL3430320
CHEMBL3106563	CHEMBL3102800
CHEMBL1767985	CHEMBL1764953
CHEMBL3242073	CHEMBL3232919
CHEMBL3430401	CHEMBL3430320
CHEMBL5168853	CHEMBL5154944
CHEMBL3430522	CHEMBL3430320
CHEMBL4260386	CHEMBL4257564
CHEMBL4667950	CHEMBL4665665
CHEMBL1103407	CHEMBL1156272
CHEMBL3430495	CHEMBL3430320
CHEMBL3430526	CHEMBL3430320
CHEMBL3815836	CHEMBL3813624
CHEMBL1110809	CHEMBL1156340
CHEMBL1648607	CHEMBL1641370
CHEMBL2072752	CHEMBL2069242
CHEMBL4196966	CHEMBL4196017
CHEMBL5548973	CHEMBL5543164
CHEMBL5036402	CHEMBL5036301
CHEMBL5130458	CHEMBL5126622
CHEMBL5119104	CHEMBL5113514
CHEMBL5366268	CHEMBL5365423
CHEMBL4053615	CHEMBL4052609
CHEMBL2160808	CHEMBL2157898
CHEMBL3635628	CHEMBL3632504
CHEMBL2447582	CHEMBL2440066
CHEMBL4845530	CHEMBL4842390
CHEMBL5151165	CHEMBL5149984
CHEMBL2156333	CHEMBL2150994
CHEMBL2072739	CHEMBL2069226
CHEMBL4004505	CHEMBL4002640
CHEMBL3372616	CHEMBL3352784
CHEMBL3868264	CHEMBL3867472
CHEMBL5710520	CHEMBL5705903
CHEMBL5682674	CHEMBL5678807
CHEMBL1942962	CHEMBL1938343
CHEMBL944718	CHEMBL1140726
CHEMBL4700474	CHEMBL4699432
CHEMBL5253806	CHEMBL5252536
CHEMBL3430354	CHEMBL3430320
CHEMBL4885622	CHEMBL4630904
CHEMBL4251894	CHEMBL4251546
CHEMBL4375199	CHEMBL4373703
CHEMBL5130514	CHEMBL5126625
CHEMBL4680981	CHEMBL4680079
CHEMBL3430515	CHEMBL3430320
CHEMBL3592072	CHEMBL3588826
CHEMBL1041068	CHEMBL1155963
CHEMBL3436059	CHEMBL3436046
CHEMBL2016219	CHEMBL2010689
CHEMBL2216323	CHEMBL2203263
CHEMBL1011676	CHEMBL1152811
CHEMBL3606931	CHEMBL3603801
CHEMBL5097928	CHEMBL5096186
CHEMBL5043275	CHEMBL5042486
CHEMBL3102518	CHEMBL3098111
CHEMBL4332944	CHEMBL4330121
CHEMBL2320519	CHEMBL2311284
CHEMBL4329871	CHEMBL4325924
CHEMBL1820252	CHEMBL1817657
CHEMBL929965	CHEMBL1141541
CHEMBL4394767	CHEMBL4393676
CHEMBL4882201	CHEMBL4507277
CHEMBL5035879	CHEMBL5034035
CHEMBL5041721	CHEMBL5038653
CHEMBL768686	CHEMBL1145042
CHEMBL5328592	CHEMBL5325498
CHEMBL5381741	CHEMBL5380790
CHEMBL4030949	CHEMBL4028852
CHEMBL766814	CHEMBL1136167
CHEMBL3614588	CHEMBL3612020
CHEMBL4040387	CHEMBL4038320
CHEMBL2021018	CHEMBL2016458
CHEMBL4235817	CHEMBL4229521
CHEMBL4004501	CHEMBL4002640
CHEMBL2149353	CHEMBL2146430
CHEMBL3638142	CHEMBL3638030
CHEMBL2025095	CHEMBL2021885
CHEMBL5104961	CHEMBL5104103
CHEMBL5521376	CHEMBL5518218
CHEMBL1225828	CHEMBL1221355
CHEMBL4047410	CHEMBL4043239
CHEMBL1918922	CHEMBL1914289
CHEMBL4410921	CHEMBL4406913
CHEMBL4670592	CHEMBL4665798
CHEMBL4381397	CHEMBL4376885
CHEMBL3865242	CHEMBL3864170
CHEMBL2173536	CHEMBL2169816
CHEMBL5047834	CHEMBL5046253
CHEMBL2188723	CHEMBL2176874
CHEMBL2445978	CHEMBL2440083
CHEMBL962309	CHEMBL1152152
CHEMBL4673099	CHEMBL4665917
CHEMBL4375191	CHEMBL4373703
CHEMBL4144963	CHEMBL4138301
CHEMBL4722405	CHEMBL4715832
CHEMBL5225675	CHEMBL5223164
CHEMBL3430598	CHEMBL3430321
CHEMBL3430724	CHEMBL3430320
CHEMBL3436150	CHEMBL3436046
CHEMBL5384015	CHEMBL5380836
CHEMBL3268319	CHEMBL3259628
CHEMBL3057170	CHEMBL3045495
CHEMBL3855279	CHEMBL3853329
CHEMBL4810713	CHEMBL4808226
CHEMBL3806692	CHEMBL3804797
CHEMBL3602656	CHEMBL3600352
CHEMBL3638121	CHEMBL3638030
CHEMBL4827861	CHEMBL4825732
CHEMBL855608	CHEMBL1138879
CHEMBL3707668	CHEMBL3638380
CHEMBL5739058	CHEMBL5729596
CHEMBL4769913	CHEMBL4765317
CHEMBL4428776	CHEMBL4428049
CHEMBL903410	CHEMBL1139118
CHEMBL2319031	CHEMBL2311449
CHEMBL1011722	CHEMBL1139268
CHEMBL768699	CHEMBL1134475
CHEMBL950430	CHEMBL1152277
CHEMBL1831776	CHEMBL1828519
CHEMBL1007876	CHEMBL1140923
CHEMBL4424856	CHEMBL4422686
CHEMBL3096515	CHEMBL3091311
CHEMBL3430415	CHEMBL3430320
CHEMBL2026855	CHEMBL2021786
CHEMBL5341349	CHEMBL5338759
CHEMBL3430500	CHEMBL3430320
CHEMBL4734905	CHEMBL4732108
CHEMBL1102324	CHEMBL1154954
CHEMBL4834166	CHEMBL4831556
CHEMBL4231478	CHEMBL4229360
CHEMBL4731940	CHEMBL4725494
CHEMBL1063374	CHEMBL1153484
CHEMBL1065722	CHEMBL1156870
CHEMBL4260509	CHEMBL4257570
CHEMBL4427519	CHEMBL4425169
CHEMBL5374430	CHEMBL5370643
CHEMBL5481124	CHEMBL5465560
CHEMBL2032591	CHEMBL2029200
CHEMBL4157558	CHEMBL4152349
CHEMBL3372614	CHEMBL3352784
CHEMBL5579616	CHEMBL5576159
CHEMBL2050026	CHEMBL2046302
CHEMBL1693505	CHEMBL1687897
CHEMBL5363739	CHEMBL5360611
CHEMBL3795100	CHEMBL3792331
CHEMBL3736641	CHEMBL3734698
CHEMBL3611375	CHEMBL3608217
CHEMBL930532	CHEMBL1142297
CHEMBL5374437	CHEMBL5370643
CHEMBL691014	CHEMBL1135758
CHEMBL4180171	CHEMBL4177611
CHEMBL1670716	CHEMBL1667846
CHEMBL3591516	CHEMBL3588758
CHEMBL5146707	CHEMBL5143623
CHEMBL5374438	CHEMBL5370643
CHEMBL3430702	CHEMBL3430320
CHEMBL2167265	CHEMBL2163188
CHEMBL4375410	CHEMBL4373707
CHEMBL3430414	CHEMBL3430320
CHEMBL2071956	CHEMBL2069205
CHEMBL4131395	CHEMBL4130359
CHEMBL4818897	CHEMBL4814074
CHEMBL4739475	CHEMBL4732263
CHEMBL2217337	CHEMBL2216747
CHEMBL869626	CHEMBL1146124
CHEMBL5548880	CHEMBL5543162
CHEMBL5133948	CHEMBL5131455
CHEMBL1119163	CHEMBL1155506
CHEMBL4817115	CHEMBL4813994
CHEMBL5359173	CHEMBL5357013
CHEMBL4412518	CHEMBL4411291
CHEMBL4223829	CHEMBL4219233
CHEMBL2328112	CHEMBL2321869
CHEMBL4200504	CHEMBL4196159
CHEMBL1274956	CHEMBL1268880
CHEMBL3430524	CHEMBL3430320
CHEMBL3855325	CHEMBL3853331
CHEMBL5710524	CHEMBL5705903
CHEMBL933610	CHEMBL1147066
CHEMBL4332023	CHEMBL4330097
CHEMBL5515077	CHEMBL5512648
CHEMBL5476787	CHEMBL5465560
CHEMBL5735271	CHEMBL5727741
CHEMBL5319826	CHEMBL5316339
CHEMBL1687592	CHEMBL1681740
CHEMBL5474488	CHEMBL5465560
CHEMBL3625553	CHEMBL3621146
CHEMBL2051179	CHEMBL2046410
CHEMBL4236893	CHEMBL4229565
CHEMBL5347182	CHEMBL5346862
CHEMBL4766385	CHEMBL4765234
CHEMBL5248063	CHEMBL5247577
CHEMBL655371	CHEMBL1132542
CHEMBL5343726	CHEMBL5338813
CHEMBL4606516	CHEMBL4602732
CHEMBL3638084	CHEMBL3638030
CHEMBL3117583	CHEMBL3112460
CHEMBL4828201	CHEMBL4825755
CHEMBL4362471	CHEMBL4359877
CHEMBL2217326	CHEMBL2216747
CHEMBL5545007	CHEMBL5543102
CHEMBL3430555	CHEMBL3430320
CHEMBL5165162	CHEMBL5154874
CHEMBL2040133	CHEMBL2034857
CHEMBL3638122	CHEMBL3638030
CHEMBL5150222	CHEMBL5149963
CHEMBL1787063	CHEMBL1781898
CHEMBL4021693	CHEMBL4020748
CHEMBL4714993	CHEMBL4706744
CHEMBL2050027	CHEMBL2046302
CHEMBL4017803	CHEMBL4017458
CHEMBL1686219	CHEMBL1681676
CHEMBL3638078	CHEMBL3638030
CHEMBL937364	CHEMBL1147066
CHEMBL5536527	CHEMBL5532744
CHEMBL1039568	CHEMBL1154688
CHEMBL5343725	CHEMBL5338813
CHEMBL5224991	CHEMBL5223125
CHEMBL2186404	CHEMBL2176916
CHEMBL3117841	CHEMBL3112503
CHEMBL5251675	CHEMBL5247653
CHEMBL5379181	CHEMBL5375990
CHEMBL3436082	CHEMBL3436046
CHEMBL5257221	CHEMBL5257017
CHEMBL3070020	CHEMBL3045789
CHEMBL5140411	CHEMBL5137044
CHEMBL5050591	CHEMBL5046316
CHEMBL3582736	CHEMBL3580660
CHEMBL4706986	CHEMBL4706475
CHEMBL5638266	CHEMBL5634161
CHEMBL2019938	CHEMBL2016555
CHEMBL1225700	CHEMBL1221332
CHEMBL1023674	CHEMBL1158373
CHEMBL876248	CHEMBL1129246
CHEMBL1073649	CHEMBL1157659
CHEMBL2328652	CHEMBL2321873
CHEMBL3369365	CHEMBL3352410
CHEMBL3430383	CHEMBL3430320
CHEMBL3430419	CHEMBL3430320
CHEMBL4629912	CHEMBL4627396
CHEMBL5041215	CHEMBL5038633
CHEMBL4364034	CHEMBL4359928
CHEMBL3430476	CHEMBL3430320
CHEMBL5381148	CHEMBL5380777
CHEMBL5730898	CHEMBL5725488
CHEMBL4416533	CHEMBL4414617
CHEMBL654575	CHEMBL1129246
CHEMBL4224591	CHEMBL4219269
CHEMBL4393835	CHEMBL4393654
CHEMBL4196392	CHEMBL4196006
CHEMBL1019587	CHEMBL1139251
CHEMBL4881707	CHEMBL4507276
CHEMBL854891	CHEMBL1137584
CHEMBL1261450	CHEMBL1255216
CHEMBL4054845	CHEMBL4052645
CHEMBL4807667	CHEMBL4806967
CHEMBL5317214	CHEMBL5316283
CHEMBL967819	CHEMBL1138521
CHEMBL4603258	CHEMBL4602617
CHEMBL3508848	CHEMBL3508693
CHEMBL1111587	CHEMBL1156291
CHEMBL4237146	CHEMBL4229569
CHEMBL4670565	CHEMBL4665796
CHEMBL659153	CHEMBL1132542
CHEMBL4190054	CHEMBL4184337
CHEMBL3638131	CHEMBL3638030
CHEMBL3888930	CHEMBL3886889
CHEMBL4047407	CHEMBL4043239
CHEMBL1045845	CHEMBL1154736
CHEMBL3757655	CHEMBL3751804
CHEMBL1069964	CHEMBL1153119
CHEMBL5116839	CHEMBL5113450
CHEMBL3100944	CHEMBL3098111
CHEMBL5043389	CHEMBL5042488
CHEMBL3430646	CHEMBL3430321
CHEMBL5539527	CHEMBL5537159
CHEMBL4047419	CHEMBL4043239
CHEMBL5734919	CHEMBL5727565
CHEMBL3638083	CHEMBL3638030
CHEMBL5029766	CHEMBL5029164
CHEMBL3430628	CHEMBL3430321
CHEMBL4704172	CHEMBL4699583
CHEMBL3436110	CHEMBL3436046
CHEMBL3436104	CHEMBL3436046
CHEMBL4040880	CHEMBL4038335
CHEMBL5225011	CHEMBL5223125
CHEMBL4769917	CHEMBL4765317
CHEMBL3999551	CHEMBL3997816
CHEMBL2034507	CHEMBL2029210
CHEMBL5343727	CHEMBL5338813
CHEMBL2167607	CHEMBL2163325
CHEMBL3430465	CHEMBL3430320
CHEMBL1118799	CHEMBL1155527
CHEMBL3371482	CHEMBL3352487
CHEMBL3430730	CHEMBL3430320
CHEMBL2424465	CHEMBL2417378
CHEMBL4834689	CHEMBL4834397
CHEMBL4373191	CHEMBL4371073
CHEMBL2090507	CHEMBL2086249
CHEMBL5248062	CHEMBL5247577
CHEMBL5047355	CHEMBL5046240
CHEMBL2155365	CHEMBL2150897
CHEMBL5609492	CHEMBL5608191
CHEMBL3430538	CHEMBL3430320
CHEMBL5058674	CHEMBL5058641
CHEMBL2394846	CHEMBL2390865
CHEMBL1647979	CHEMBL1641497
CHEMBL3999755	CHEMBL3997829
CHEMBL3636862	CHEMBL3632488
CHEMBL4415876	CHEMBL4414586
CHEMBL2160806	CHEMBL2157898
CHEMBL1226090	CHEMBL1221361
CHEMBL4001912	CHEMBL4000232
CHEMBL2211387	CHEMBL2203006
CHEMBL932572	CHEMBL1145564
CHEMBL2072706	CHEMBL2069189
CHEMBL3430551	CHEMBL3430320
CHEMBL1024606	CHEMBL1158452
CHEMBL4844934	CHEMBL4842381
CHEMBL1031436	CHEMBL1142492
CHEMBL5058795	CHEMBL5058643
CHEMBL5046094	CHEMBL5042556
CHEMBL4184507	CHEMBL4184082
CHEMBL2021111	CHEMBL2016485
CHEMBL1039909	CHEMBL1156057
CHEMBL5509956	CHEMBL5506023
CHEMBL3436217	CHEMBL3436046
CHEMBL5147244	CHEMBL5143655
CHEMBL4201404	CHEMBL4196191
CHEMBL664887	CHEMBL1123720
CHEMBL3096732	CHEMBL3091311
CHEMBL4823547	CHEMBL4823248
CHEMBL4179916	CHEMBL4177603
CHEMBL3583384	CHEMBL3580651
CHEMBL3378637	CHEMBL3352784
CHEMBL4385345	CHEMBL4382283
CHEMBL4431164	CHEMBL4428134
CHEMBL5339927	CHEMBL5338727
CHEMBL5248058	CHEMBL5247577
CHEMBL5365732	CHEMBL5365398
CHEMBL908639	CHEMBL1148680
CHEMBL4312672	CHEMBL4311943
CHEMBL1108729	CHEMBL1154904
CHEMBL4251919	CHEMBL4251546
CHEMBL3267117	CHEMBL3259706
CHEMBL986351	CHEMBL1155810
CHEMBL5145948	CHEMBL5143597
CHEMBL3430373	CHEMBL3430320
CHEMBL3430649	CHEMBL3430321
CHEMBL4887066	CHEMBL4507282
CHEMBL5239937	CHEMBL5236628
CHEMBL3819857	CHEMBL3817762
CHEMBL3430436	CHEMBL3430320
CHEMBL5628631	CHEMBL5625239
CHEMBL1114477	CHEMBL1156265
CHEMBL2026806	CHEMBL2021812
CHEMBL4825564	CHEMBL4823327
CHEMBL5731674	CHEMBL5725903
CHEMBL4039285	CHEMBL4038301
CHEMBL5050156	CHEMBL5046307
CHEMBL4358542	CHEMBL4354855
CHEMBL1107892	CHEMBL1156281
CHEMBL5538984	CHEMBL5537149
CHEMBL4623822	CHEMBL4622872
CHEMBL3430380	CHEMBL3430320
CHEMBL768698	CHEMBL1134478
CHEMBL1001517	CHEMBL1137005
CHEMBL2390363	CHEMBL2385026
CHEMBL5131296	CHEMBL5126674
CHEMBL5502998	CHEMBL5500379
CHEMBL5508893	CHEMBL5506004
CHEMBL1054528	CHEMBL1154610
CHEMBL3430705	CHEMBL3430320
CHEMBL5164183	CHEMBL5154849
CHEMBL1932266	CHEMBL1926590
CHEMBL770456	CHEMBL1126270
CHEMBL1176475	CHEMBL1177669
CHEMBL4606454	CHEMBL4602731
CHEMBL4332217	CHEMBL4330105
CHEMBL3430346	CHEMBL3430320
CHEMBL3430645	CHEMBL3430321
CHEMBL3241797	CHEMBL3232969
CHEMBL4036852	CHEMBL4033761
CHEMBL4428884	CHEMBL4428053
CHEMBL2071948	CHEMBL2069205
CHEMBL2150658	CHEMBL2146374
CHEMBL1913329	CHEMBL1909616
CHEMBL2384768	CHEMBL2380208
CHEMBL3436086	CHEMBL3436046
CHEMBL3880651	CHEMBL3880390
CHEMBL5037163	CHEMBL5036324
CHEMBL889313	CHEMBL1145378
CHEMBL4276442	CHEMBL4270669
CHEMBL4622581	CHEMBL4619817
CHEMBL3638153	CHEMBL3638030
CHEMBL888452	CHEMBL1145402
CHEMBL841079	CHEMBL1134478
CHEMBL3803792	CHEMBL3797052
CHEMBL4839020	CHEMBL4837239
CHEMBL1016403	CHEMBL1139370
CHEMBL768954	CHEMBL1134478
CHEMBL4004504	CHEMBL4002640
CHEMBL1958902	CHEMBL1955830
CHEMBL4705969	CHEMBL4699655
CHEMBL1121010	CHEMBL1157744
CHEMBL985007	CHEMBL1154397
CHEMBL4329577	CHEMBL4325911
CHEMBL4342989	CHEMBL4342410
CHEMBL4329550	CHEMBL4325910
CHEMBL5130457	CHEMBL5126622
CHEMBL5131325	CHEMBL5126674
CHEMBL1947811	CHEMBL1944599
CHEMBL2344015	CHEMBL2331553
CHEMBL5060000	CHEMBL4507332
CHEMBL5163327	CHEMBL5154826
CHEMBL856405	CHEMBL1147984
CHEMBL5112476	CHEMBL5108065
CHEMBL5609109	CHEMBL5608181
CHEMBL2188959	CHEMBL2177020
CHEMBL1292027	CHEMBL1287767
CHEMBL979037	CHEMBL1155868
CHEMBL4807665	CHEMBL4806967
CHEMBL4264023	CHEMBL4261599
CHEMBL3738365	CHEMBL3734760
CHEMBL2387963	CHEMBL2385019
CHEMBL3880847	CHEMBL3880410
CHEMBL3101858	CHEMBL3098003
CHEMBL3607065	CHEMBL3603827
CHEMBL4012230	CHEMBL4011598
CHEMBL5129939	CHEMBL5126607
CHEMBL4396476	CHEMBL4393722
CHEMBL3436051	CHEMBL3436046
CHEMBL868945	CHEMBL1146123
CHEMBL3129033	CHEMBL3124877
CHEMBL5117664	CHEMBL5113480
CHEMBL2395262	CHEMBL2390921
CHEMBL1069497	CHEMBL1159071
CHEMBL1832111	CHEMBL1828557
CHEMBL3436227	CHEMBL3436046
CHEMBL4223830	CHEMBL4219233
CHEMBL4669854	CHEMBL4665759
CHEMBL2406353	CHEMBL2401692
CHEMBL1794573	CHEMBL1201862
CHEMBL5255793	CHEMBL5252617
CHEMBL5131218	CHEMBL5126669
CHEMBL1663820	CHEMBL1649416
CHEMBL4624402	CHEMBL4622895
CHEMBL1106982	CHEMBL1156278
CHEMBL3615683	CHEMBL3612018
CHEMBL4405100	CHEMBL4402585
CHEMBL1118859	CHEMBL1155448
CHEMBL5142760	CHEMBL5137098
CHEMBL5139593	CHEMBL5137025
CHEMBL1036925	CHEMBL1154736
CHEMBL4270242	CHEMBL4266056
CHEMBL4190647	CHEMBL4190175
CHEMBL4193761	CHEMBL4190330
CHEMBL5129510	CHEMBL5126594
CHEMBL3430700	CHEMBL3430320
CHEMBL906898	CHEMBL1148680
CHEMBL4822454	CHEMBL4819115
CHEMBL4181570	CHEMBL4177668
CHEMBL5352745	CHEMBL5352387
CHEMBL2014814	CHEMBL2010768
CHEMBL4331781	CHEMBL4330091
CHEMBL4124696	CHEMBL4118248
CHEMBL4824897	CHEMBL4823289
CHEMBL3239612	CHEMBL3232717
CHEMBL4827377	CHEMBL4825708
CHEMBL4018116	CHEMBL4017471
CHEMBL4360358	CHEMBL4359817
CHEMBL931097	CHEMBL1143157
CHEMBL1918386	CHEMBL1914441
CHEMBL953566	CHEMBL1153277
CHEMBL5043587	CHEMBL5042493
CHEMBL1017620	CHEMBL1138611
CHEMBL3430359	CHEMBL3430320
CHEMBL3369983	CHEMBL3352612
CHEMBL3436084	CHEMBL3436046
CHEMBL3755637	CHEMBL3751822
CHEMBL1059865	CHEMBL1153053
CHEMBL5393081	CHEMBL5390300
CHEMBL4827914	CHEMBL4825733
CHEMBL4141973	CHEMBL4138169
CHEMBL4882397	CHEMBL4507280
CHEMBL4331793	CHEMBL4330091
CHEMBL4223826	CHEMBL4219233
CHEMBL3388483	CHEMBL3351615
CHEMBL932292	CHEMBL1143246
CHEMBL3638079	CHEMBL3638030
CHEMBL5049099	CHEMBL5046282
CHEMBL5577748	CHEMBL5576108
CHEMBL5384537	CHEMBL5380852
CHEMBL5236676	CHEMBL5236544
CHEMBL3224193	CHEMBL3217434
CHEMBL5157440	CHEMBL5154691
CHEMBL4769899	CHEMBL4765317
CHEMBL767234	CHEMBL1136064
CHEMBL4769914	CHEMBL4765317
CHEMBL5370114	CHEMBL5365534
CHEMBL929420	CHEMBL1145598
CHEMBL924360	CHEMBL1140523
CHEMBL4022285	CHEMBL4020781
CHEMBL2208576	CHEMBL2203122
CHEMBL4841815	CHEMBL4840354
CHEMBL1648362	CHEMBL1641467
CHEMBL5164097	CHEMBL5154849
CHEMBL1772132	CHEMBL1770137
CHEMBL5259448	CHEMBL5257092
CHEMBL4414323	CHEMBL4411339
CHEMBL5547883	CHEMBL5543142
CHEMBL3430532	CHEMBL3430320
CHEMBL5136760	CHEMBL5131569
CHEMBL980868	CHEMBL1140078
CHEMBL1918337	CHEMBL1914383
CHEMBL5610225	CHEMBL5608207
CHEMBL3430341	CHEMBL3430320
CHEMBL1781362	CHEMBL1777797
CHEMBL5520727	CHEMBL5518206
CHEMBL5589391	CHEMBL5584359
CHEMBL5239180	CHEMBL5236608
CHEMBL1217643	CHEMBL1212834
CHEMBL4048343	CHEMBL4043283
CHEMBL2209547	CHEMBL2203248
CHEMBL4195682	CHEMBL4190402
CHEMBL3873572	CHEMBL3872236
CHEMBL4235077	CHEMBL4229492
CHEMBL5117269	CHEMBL5113463
CHEMBL4047735	CHEMBL4043263
CHEMBL3797009	CHEMBL3792353
CHEMBL4416893	CHEMBL4414644
CHEMBL1063190	CHEMBL1152349
CHEMBL5153894	CHEMBL5150064
CHEMBL5234321	CHEMBL5233240
CHEMBL4724420	CHEMBL4715885
CHEMBL5531470	CHEMBL5528074
CHEMBL1211970	CHEMBL1208761
CHEMBL3880281	CHEMBL3879906
CHEMBL2328122	CHEMBL2321869
CHEMBL3638099	CHEMBL3638030
CHEMBL1033907	CHEMBL1140166
CHEMBL866681	CHEMBL1138045
CHEMBL1291160	CHEMBL1287744
CHEMBL2345730	CHEMBL2331457
CHEMBL4236905	CHEMBL4229566
CHEMBL985480	CHEMBL1140141
CHEMBL1060931	CHEMBL1154013
CHEMBL2032963	CHEMBL2029240
CHEMBL4270326	CHEMBL4266057
CHEMBL5105856	CHEMBL5104138
CHEMBL3430701	CHEMBL3430320
CHEMBL4121772	CHEMBL4118128
CHEMBL1105740	CHEMBL1157794
CHEMBL5548364	CHEMBL5543152
CHEMBL864914	CHEMBL1138061
CHEMBL3430523	CHEMBL3430320
CHEMBL4676425	CHEMBL4673253
CHEMBL3430746	CHEMBL3430320
CHEMBL3602779	CHEMBL3600349
CHEMBL5165550	CHEMBL5154881
CHEMBL3436066	CHEMBL3436046
CHEMBL1291240	CHEMBL1287746
CHEMBL4431079	CHEMBL4428127
CHEMBL5168509	CHEMBL5154938
CHEMBL4223820	CHEMBL4219233
CHEMBL4137526	CHEMBL4130635
CHEMBL4706261	CHEMBL4699664
CHEMBL853924	CHEMBL1139732
CHEMBL3813328	CHEMBL3808373
CHEMBL913858	CHEMBL1149259
CHEMBL1764302	CHEMBL1759846
CHEMBL1054535	CHEMBL1154611
CHEMBL1120746	CHEMBL1155515
CHEMBL3362479	CHEMBL3351750
CHEMBL864204	CHEMBL1146045
CHEMBL4840060	CHEMBL4837261
CHEMBL1063073	CHEMBL1152437
CHEMBL4769905	CHEMBL4765317
CHEMBL3430425	CHEMBL3430320
CHEMBL3436070	CHEMBL3436046
CHEMBL4010387	CHEMBL4007461
CHEMBL5715853	CHEMBL5715260
CHEMBL4705679	CHEMBL4699648
CHEMBL1247037	CHEMBL1240530
CHEMBL937365	CHEMBL1147066
CHEMBL1670487	CHEMBL1667835
CHEMBL4021708	CHEMBL4020748
CHEMBL4413880	CHEMBL4411321
CHEMBL4882497	CHEMBL4507283
CHEMBL4357092	CHEMBL4354828
CHEMBL4836099	CHEMBL4834436
CHEMBL4351578	CHEMBL4350959
CHEMBL4769909	CHEMBL4765317
CHEMBL4180610	CHEMBL4177630
CHEMBL2208575	CHEMBL2203122
CHEMBL3436144	CHEMBL3436046
CHEMBL1111711	CHEMBL1156307
CHEMBL5634413	CHEMBL5634074
CHEMBL3638059	CHEMBL3638030
CHEMBL3436088	CHEMBL3436046
CHEMBL4266935	CHEMBL4265889
CHEMBL3430694	CHEMBL3430320
CHEMBL3381617	CHEMBL3351320
CHEMBL4030035	CHEMBL4028831
CHEMBL4233115	CHEMBL4229414
CHEMBL3638138	CHEMBL3638030
CHEMBL5154397	CHEMBL5150075
CHEMBL1919843	CHEMBL1914323
CHEMBL3430501	CHEMBL3430320
CHEMBL1819702	CHEMBL1817582
CHEMBL3117581	CHEMBL3112460
CHEMBL3888739	CHEMBL3886813
CHEMBL3638130	CHEMBL3638030
CHEMBL5476368	CHEMBL5465560
CHEMBL5136902	CHEMBL5131572
CHEMBL3430423	CHEMBL3430320
CHEMBL4037342	CHEMBL4033781
CHEMBL5351164	CHEMBL5346964
CHEMBL5112832	CHEMBL5108074
CHEMBL2013360	CHEMBL2010700
CHEMBL1924405	CHEMBL1921733
CHEMBL3123230	CHEMBL3120081
CHEMBL1035711	CHEMBL1140120
CHEMBL3638150	CHEMBL3638030
CHEMBL2327304	CHEMBL2321662
CHEMBL4326143	CHEMBL4325824
CHEMBL1011669	CHEMBL1152811
CHEMBL3372615	CHEMBL3352784
CHEMBL4679763	CHEMBL4673394
CHEMBL1061682	CHEMBL1153504
CHEMBL5100514	CHEMBL5096243
CHEMBL3100173	CHEMBL3098117
CHEMBL5342418	CHEMBL5338780
CHEMBL2339143	CHEMBL2331236
CHEMBL4354224	CHEMBL4351009
CHEMBL3638108	CHEMBL3638030
CHEMBL1068017	CHEMBL1156924
CHEMBL3768210	CHEMBL3763143
CHEMBL5121855	CHEMBL5120772
CHEMBL5354037	CHEMBL5352423
CHEMBL3430340	CHEMBL3430320
CHEMBL1805938	CHEMBL1800057
CHEMBL4012201	CHEMBL4011598
CHEMBL4615095	CHEMBL4613264
CHEMBL4017760	CHEMBL4017456
CHEMBL5039908	CHEMBL5038592
CHEMBL5735025	CHEMBL5727624
CHEMBL2388202	CHEMBL2385022
CHEMBL4356657	CHEMBL4354824
CHEMBL2208784	CHEMBL2203251
CHEMBL2317008	CHEMBL2311352
CHEMBL660923	CHEMBL1134151
CHEMBL5057160	CHEMBL5055659
CHEMBL5316803	CHEMBL5316270
CHEMBL4049284	CHEMBL4043307
CHEMBL1117033	CHEMBL1156328
CHEMBL4616796	CHEMBL4616583
CHEMBL916135	CHEMBL1139865
CHEMBL2384079	CHEMBL2380307
CHEMBL5441443	CHEMBL5441442
CHEMBL5141414	CHEMBL5137069
CHEMBL5148069	CHEMBL5143691
CHEMBL4119872	CHEMBL4118097
CHEMBL2026445	CHEMBL2021798
CHEMBL1780626	CHEMBL1777689
CHEMBL4004729	CHEMBL4002647
CHEMBL4813111	CHEMBL4811281
CHEMBL2424274	CHEMBL2417378
CHEMBL896496	CHEMBL1149529
CHEMBL3241472	CHEMBL3232922
CHEMBL4321995	CHEMBL4321785
CHEMBL2032798	CHEMBL2029249
CHEMBL1106513	CHEMBL1157119
CHEMBL5328188	CHEMBL5325482
CHEMBL1937518	CHEMBL1933042
CHEMBL2400451	CHEMBL2396647
CHEMBL1031025	CHEMBL1158455
CHEMBL5389038	CHEMBL5385915
CHEMBL4223831	CHEMBL4219233
CHEMBL5544252	CHEMBL5543085
CHEMBL936408	CHEMBL1147066
CHEMBL3430453	CHEMBL3430320
CHEMBL1070850	CHEMBL1156884
CHEMBL1693396	CHEMBL1687897
CHEMBL2350555	CHEMBL2346624
CHEMBL4433285	CHEMBL4433195
CHEMBL933612	CHEMBL1147066
CHEMBL1837922	CHEMBL1833932
CHEMBL5163210	CHEMBL5154825
CHEMBL3419125	CHEMBL3414433
CHEMBL928561	CHEMBL1141522
CHEMBL4023882	CHEMBL4020832
CHEMBL4844342	CHEMBL4842364
CHEMBL3766108	CHEMBL3763140
CHEMBL4885575	CHEMBL4630903
CHEMBL5303807	CHEMBL4630908
CHEMBL5585575	CHEMBL5584243
CHEMBL3266700	CHEMBL3259727
CHEMBL3239511	CHEMBL3232939
CHEMBL4679362	CHEMBL4673373
CHEMBL4431166	CHEMBL4428134
CHEMBL3755587	CHEMBL3751803
CHEMBL2149458	CHEMBL2146409
CHEMBL902717	CHEMBL1138349
CHEMBL4384747	CHEMBL4382258
CHEMBL5516856	CHEMBL5512681
CHEMBL886475	CHEMBL1139970
CHEMBL3638063	CHEMBL3638030
CHEMBL3268488	CHEMBL3259563
CHEMBL5323854	CHEMBL5321271
CHEMBL3992711	CHEMBL3992487
CHEMBL4605420	CHEMBL4602703
CHEMBL2183479	CHEMBL2177036
CHEMBL4407343	CHEMBL4406807
CHEMBL3762781	CHEMBL3758092
CHEMBL3436136	CHEMBL3436046
CHEMBL3810566	CHEMBL3808345
CHEMBL659155	CHEMBL1132542
CHEMBL4027000	CHEMBL4024763
CHEMBL694797	CHEMBL1149193
CHEMBL2410296	CHEMBL2407043
CHEMBL5636442	CHEMBL5634118
CHEMBL5304328	CHEMBL5303763
CHEMBL5162869	CHEMBL5154820
CHEMBL4372228	CHEMBL4371034
CHEMBL3803507	CHEMBL3797186
CHEMBL4260564	CHEMBL4257571
CHEMBL2154390	CHEMBL2150960
CHEMBL933620	CHEMBL1147066
CHEMBL4424286	CHEMBL4422661
CHEMBL3430470	CHEMBL3430320
CHEMBL3618954	CHEMBL3616397
CHEMBL5037926	CHEMBL5036349
CHEMBL4433272	CHEMBL4433195
CHEMBL2021017	CHEMBL2016458
CHEMBL1285383	CHEMBL1275274
CHEMBL5516905	CHEMBL5512682
CHEMBL2390341	CHEMBL2384998
CHEMBL2217328	CHEMBL2216747
CHEMBL3638113	CHEMBL3638030
CHEMBL2340286	CHEMBL2331175
CHEMBL4312345	CHEMBL4311940
CHEMBL4668963	CHEMBL4665705
CHEMBL4712828	CHEMBL4706648
CHEMBL2176456	CHEMBL2169877
CHEMBL4223822	CHEMBL4219233
CHEMBL3430579	CHEMBL3430321
CHEMBL3582584	CHEMBL3580587
CHEMBL3616113	CHEMBL3611968
CHEMBL3430334	CHEMBL3430320
CHEMBL3887159	CHEMBL3886194
CHEMBL5154401	CHEMBL5150075
CHEMBL3436106	CHEMBL3436046
CHEMBL870287	CHEMBL1138064
CHEMBL5223847	CHEMBL5223084
CHEMBL5478935	CHEMBL5465560
CHEMBL2422533	CHEMBL2417548
CHEMBL4360771	CHEMBL4359827
CHEMBL3774049	CHEMBL3769308
CHEMBL5319037	CHEMBL5316320
CHEMBL3242071	CHEMBL3232919
CHEMBL4700515	CHEMBL4699433
CHEMBL3382984	CHEMBL3351343
CHEMBL1036928	CHEMBL1154736
CHEMBL3436074	CHEMBL3436046
CHEMBL3853583	CHEMBL3853265
CHEMBL2184669	CHEMBL2176988
CHEMBL4011543	CHEMBL4007512
CHEMBL3436121	CHEMBL3436046
CHEMBL1048091	CHEMBL1155359
CHEMBL1663427	CHEMBL1649412
CHEMBL3243209	CHEMBL3232853
CHEMBL3268527	CHEMBL3259669
CHEMBL3801067	CHEMBL3797102
CHEMBL1664415	CHEMBL1649419
CHEMBL3869655	CHEMBL3868612
CHEMBL3300819	CHEMBL3297733
CHEMBL1826008	CHEMBL1821719
CHEMBL3430749	CHEMBL3430320
CHEMBL3883126	CHEMBL3882737
CHEMBL5554281	CHEMBL5550210
CHEMBL4704175	CHEMBL4699583
CHEMBL4257703	CHEMBL4257443
CHEMBL3430349	CHEMBL3430320
CHEMBL906900	CHEMBL1148680
CHEMBL1918473	CHEMBL1914324
CHEMBL4623842	CHEMBL4622872
CHEMBL3801624	CHEMBL3797060
CHEMBL1803665	CHEMBL1799933
CHEMBL3430742	CHEMBL3430320
CHEMBL5303894	CHEMBL4630907
CHEMBL5152033	CHEMBL5150005
CHEMBL3430356	CHEMBL3430320
CHEMBL4701598	CHEMBL4699477
CHEMBL2343703	CHEMBL2331433
CHEMBL1686265	CHEMBL1681710
CHEMBL3430459	CHEMBL3430320
CHEMBL2443482	CHEMBL2439970
CHEMBL5225845	CHEMBL5223170
CHEMBL3385853	CHEMBL3351667
CHEMBL3295909	CHEMBL3286154
CHEMBL4144962	CHEMBL4138301
CHEMBL2382846	CHEMBL2380296
CHEMBL5386813	CHEMBL5385857
CHEMBL3436069	CHEMBL3436046
CHEMBL2406780	CHEMBL2401705
CHEMBL1764303	CHEMBL1759846
CHEMBL2404995	CHEMBL2401654
CHEMBL2154697	CHEMBL2150905
CHEMBL4845171	CHEMBL4842386
CHEMBL1108730	CHEMBL1154904
CHEMBL1176476	CHEMBL1177669
CHEMBL4181786	CHEMBL4177680
CHEMBL4329553	CHEMBL4325910
CHEMBL4307167	CHEMBL4304783
CHEMBL2215806	CHEMBL2202969
CHEMBL897699	CHEMBL1149643
CHEMBL3413549	CHEMBL3407464
CHEMBL3816785	CHEMBL3813689
CHEMBL4265236	CHEMBL4261634
CHEMBL1803471	CHEMBL1800027
CHEMBL4197809	CHEMBL4196046
CHEMBL3772384	CHEMBL3769384
CHEMBL5441444	CHEMBL5441442
CHEMBL4151701	CHEMBL4145681
CHEMBL3436215	CHEMBL3436046
CHEMBL3430377	CHEMBL3430320
CHEMBL4766428	CHEMBL4765235
CHEMBL4610755	CHEMBL4610003
CHEMBL4619252	CHEMBL4616714
CHEMBL3993788	CHEMBL3992534
CHEMBL3224294	CHEMBL3217600
CHEMBL962062	CHEMBL1157462
CHEMBL4834663	CHEMBL4834397
CHEMBL868944	CHEMBL1146123
CHEMBL4844694	CHEMBL4842372
CHEMBL5611059	CHEMBL5608238
CHEMBL3767769	CHEMBL3763146
CHEMBL886473	CHEMBL1139970
CHEMBL4329554	CHEMBL4325910
CHEMBL5050750	CHEMBL5046322
CHEMBL1002098	CHEMBL1138441
CHEMBL5589393	CHEMBL5584359
CHEMBL1027291	CHEMBL1136848
CHEMBL3868265	CHEMBL3867472
CHEMBL4621386	CHEMBL4619774
CHEMBL5521546	CHEMBL5518221
CHEMBL3811491	CHEMBL3808345
CHEMBL2345755	CHEMBL2331117
CHEMBL4724830	CHEMBL4715913
CHEMBL2352672	CHEMBL2346572
CHEMBL3430565	CHEMBL3430320
CHEMBL3638159	CHEMBL3638030
CHEMBL5033711	CHEMBL5032527
CHEMBL3376391	CHEMBL3352721
CHEMBL2013640	CHEMBL2010651
CHEMBL3801068	CHEMBL3797102
CHEMBL3387119	CHEMBL3351799
CHEMBL5531339	CHEMBL5528073
CHEMBL3430457	CHEMBL3430320
CHEMBL1958785	CHEMBL1955830
CHEMBL1819700	CHEMBL1817582
CHEMBL3436224	CHEMBL3436046
CHEMBL3430479	CHEMBL3430320
CHEMBL4882498	CHEMBL4507283
CHEMBL3223442	CHEMBL3217609
CHEMBL5149080	CHEMBL5143725
CHEMBL5547796	CHEMBL5543141
CHEMBL4199526	CHEMBL4196112
CHEMBL4366133	CHEMBL4364273
CHEMBL2320830	CHEMBL2311262
CHEMBL4223821	CHEMBL4219233
CHEMBL706154	CHEMBL1133009
CHEMBL1041011	CHEMBL1155340
CHEMBL3430511	CHEMBL3430320
CHEMBL993708	CHEMBL1153986
CHEMBL4343474	CHEMBL4342420
CHEMBL5547794	CHEMBL5543141
CHEMBL4769922	CHEMBL4765317
CHEMBL982875	CHEMBL1155111
CHEMBL4629796	CHEMBL4627393
CHEMBL5042780	CHEMBL5042473
CHEMBL4605642	CHEMBL4602708
CHEMBL5129991	CHEMBL5126607
CHEMBL921542	CHEMBL1147066
CHEMBL3707612	CHEMBL3638977
CHEMBL1260554	CHEMBL1255554
CHEMBL3100169	CHEMBL3098117
CHEMBL1047806	CHEMBL1152519
CHEMBL899624	CHEMBL1137458
CHEMBL4707425	CHEMBL4706479
CHEMBL937371	CHEMBL1147066
CHEMBL5366637	CHEMBL5365437
CHEMBL943380	CHEMBL1152294
CHEMBL4323804	CHEMBL4321836
CHEMBL3430350	CHEMBL3430320
CHEMBL958151	CHEMBL1151747
CHEMBL886667	CHEMBL1139157
CHEMBL1072008	CHEMBL1153244
CHEMBL1931637	CHEMBL1926647
CHEMBL5520855	CHEMBL5518207
CHEMBL4427524	CHEMBL4425169
CHEMBL1060930	CHEMBL1154013
CHEMBL866525	CHEMBL1138981
CHEMBL4030056	CHEMBL4028831
CHEMBL4016564	CHEMBL4014340
CHEMBL4122826	CHEMBL4118169
CHEMBL5516497	CHEMBL5512674
CHEMBL4307038	CHEMBL4304777
CHEMBL4605858	CHEMBL4602715
CHEMBL4329549	CHEMBL4325910
CHEMBL4370907	CHEMBL4368940
CHEMBL5552021	CHEMBL5550159
CHEMBL865568	CHEMBL1139653
CHEMBL4409081	CHEMBL4406846
CHEMBL4007981	CHEMBL4007390
CHEMBL2405371	CHEMBL2401666
CHEMBL1120660	CHEMBL1158621
CHEMBL1781363	CHEMBL1777797
CHEMBL2173630	CHEMBL2169838
CHEMBL5609721	CHEMBL5608197
CHEMBL3396797	CHEMBL3392977
CHEMBL4393244	CHEMBL4392842
CHEMBL4813178	CHEMBL4811281
CHEMBL3240911	CHEMBL3232975
CHEMBL4424241	CHEMBL4422659
CHEMBL4706987	CHEMBL4706475
CHEMBL907829	CHEMBL1137327
CHEMBL3225065	CHEMBL3217425
CHEMBL960380	CHEMBL1136958
CHEMBL2186754	CHEMBL2176900
CHEMBL5627060	CHEMBL5625201
CHEMBL4828916	CHEMBL4828707
CHEMBL4158421	CHEMBL4152377
CHEMBL3430384	CHEMBL3430320
CHEMBL3767767	CHEMBL3763146
CHEMBL4184694	CHEMBL4184096
CHEMBL4388920	CHEMBL4387734
CHEMBL5322749	CHEMBL5321226
CHEMBL5304971	CHEMBL5303768
CHEMBL3588625	CHEMBL3585260
CHEMBL5356599	CHEMBL5352500
CHEMBL2214148	CHEMBL2203249
CHEMBL4052364	CHEMBL4049457
CHEMBL3430554	CHEMBL3430320
CHEMBL4729288	CHEMBL4725363
CHEMBL1839504	CHEMBL1833916
CHEMBL963244	CHEMBL1153304
CHEMBL3807759	CHEMBL3804778
CHEMBL5105954	CHEMBL5104141
CHEMBL2393913	CHEMBL2390911
CHEMBL1821020	CHEMBL1817578
CHEMBL4831757	CHEMBL4831480
CHEMBL1804845	CHEMBL1799962
CHEMBL5117278	CHEMBL5113463
CHEMBL5539808	CHEMBL5537164
CHEMBL5139741	CHEMBL5137025
CHEMBL3128589	CHEMBL3124886
CHEMBL3858444	CHEMBL3856233
CHEMBL1780458	CHEMBL1777807
CHEMBL3430358	CHEMBL3430320
CHEMBL5735720	CHEMBL5727940
CHEMBL5654566	CHEMBL5653612
CHEMBL923065	CHEMBL1140675
CHEMBL1111479	CHEMBL1155389
CHEMBL5365659	CHEMBL5365395
CHEMBL4262357	CHEMBL4261507
CHEMBL3887163	CHEMBL3886197
CHEMBL3630432	CHEMBL3627595
CHEMBL5585808	CHEMBL5584254
CHEMBL2447591	CHEMBL2440066
CHEMBL4021025	CHEMBL4020712
CHEMBL1273916	CHEMBL1268902
CHEMBL3436112	CHEMBL3436046
CHEMBL4194218	CHEMBL4190351
CHEMBL4036812	CHEMBL4033760
CHEMBL1052485	CHEMBL1153075
CHEMBL2073329	CHEMBL2069291
CHEMBL4701061	CHEMBL4699450
CHEMBL5510789	CHEMBL5506042
CHEMBL1121059	CHEMBL1158564
CHEMBL3430353	CHEMBL3430320
CHEMBL996060	CHEMBL1156633
CHEMBL3883125	CHEMBL3882737
CHEMBL1805939	CHEMBL1800057
CHEMBL1025527	CHEMBL1143306
CHEMBL4683649	CHEMBL4680154
CHEMBL3223680	CHEMBL3217639
CHEMBL3761687	CHEMBL3758174
CHEMBL5251044	CHEMBL5247642
CHEMBL2327052	CHEMBL2321766
CHEMBL4770609	CHEMBL4765336
CHEMBL3430496	CHEMBL3430320
CHEMBL2184354	CHEMBL2176961
CHEMBL3430430	CHEMBL3430320
CHEMBL933621	CHEMBL1147066
CHEMBL4393837	CHEMBL4393654
CHEMBL5038080	CHEMBL5036355
CHEMBL2400599	CHEMBL2396632
CHEMBL3430744	CHEMBL3430320
CHEMBL3638149	CHEMBL3638030
CHEMBL5328504	CHEMBL5325493
CHEMBL4734893	CHEMBL4732108
CHEMBL854889	CHEMBL1137582
CHEMBL5511455	CHEMBL5506055
CHEMBL4049349	CHEMBL4043310
CHEMBL4123931	CHEMBL4118209
CHEMBL4052138	CHEMBL4049450
CHEMBL4416190	CHEMBL4414601
CHEMBL944709	CHEMBL1140726
CHEMBL5358238	CHEMBL5356971
CHEMBL3430497	CHEMBL3430320
CHEMBL4392959	CHEMBL4392823
CHEMBL1107480	CHEMBL1158546
CHEMBL3865682	CHEMBL3864189
CHEMBL1781193	CHEMBL1777674
CHEMBL1174519	CHEMBL1177762
CHEMBL1106923	CHEMBL1155385
CHEMBL5139600	CHEMBL5137025
CHEMBL3638168	CHEMBL3638030
CHEMBL2411862	CHEMBL2407005
CHEMBL3430372	CHEMBL3430320
CHEMBL2445975	CHEMBL2440083
CHEMBL930660	CHEMBL1141561
CHEMBL4836980	CHEMBL4834480
CHEMBL3737860	CHEMBL3734691
CHEMBL3591518	CHEMBL3588758
CHEMBL3638169	CHEMBL3638030
CHEMBL5547463	CHEMBL5543140
CHEMBL1959247	CHEMBL1955838
CHEMBL4625381	CHEMBL4622946
CHEMBL1954570	CHEMBL1949661
CHEMBL5588210	CHEMBL5584341
CHEMBL4829570	CHEMBL4828723
CHEMBL4774539	CHEMBL4765447
CHEMBL4671126	CHEMBL4665820
CHEMBL3992697	CHEMBL3992487
CHEMBL2040050	CHEMBL2034981
CHEMBL4349819	CHEMBL4346730
CHEMBL2184359	CHEMBL2176961
CHEMBL5106405	CHEMBL5104170
CHEMBL3107056	CHEMBL3102803
CHEMBL1809557	CHEMBL1806459
CHEMBL659154	CHEMBL1132542
CHEMBL2328093	CHEMBL2321869
CHEMBL4606315	CHEMBL4602728
CHEMBL5133834	CHEMBL5131445
CHEMBL3382466	CHEMBL3352258
CHEMBL2329731	CHEMBL2321795
CHEMBL5047399	CHEMBL5046241
CHEMBL5733101	CHEMBL5726655
CHEMBL3430367	CHEMBL3430320
CHEMBL3430405	CHEMBL3430320
CHEMBL4051786	CHEMBL4049439
CHEMBL4015602	CHEMBL4014311
CHEMBL3436149	CHEMBL3436046
CHEMBL3583954	CHEMBL3580617
CHEMBL3619842	CHEMBL3616440
CHEMBL5617770	CHEMBL5614450
CHEMBL4721269	CHEMBL4715821
CHEMBL5043764	CHEMBL5042500
CHEMBL928906	CHEMBL1141539
CHEMBL4224584	CHEMBL4219269
CHEMBL4341378	CHEMBL4340527
CHEMBL4739474	CHEMBL4732263
CHEMBL3813467	CHEMBL3808373
CHEMBL3624298	CHEMBL3621090
CHEMBL2034769	CHEMBL2029248
CHEMBL2211621	CHEMBL2203208
CHEMBL2033332	CHEMBL2029234
CHEMBL867451	CHEMBL1138058
CHEMBL3638092	CHEMBL3638030
CHEMBL3122291	CHEMBL3120158
CHEMBL4742499	CHEMBL4742392
CHEMBL5330686	CHEMBL5329208
CHEMBL3421062	CHEMBL3414489
CHEMBL4145269	CHEMBL4138314
CHEMBL3423653	CHEMBL3421610
CHEMBL4432005	CHEMBL4431321
CHEMBL5384797	CHEMBL5380857
CHEMBL4681980	CHEMBL4680107
CHEMBL3430455	CHEMBL3430320
CHEMBL4383351	CHEMBL4382202
CHEMBL5234322	CHEMBL5233240
CHEMBL1121076	CHEMBL1158565
CHEMBL4037368	CHEMBL4033781
CHEMBL3430442	CHEMBL3430320
CHEMBL4378053	CHEMBL4376815
CHEMBL4236906	CHEMBL4229566
CHEMBL2156882	CHEMBL2150966
CHEMBL5735869	CHEMBL5728022
CHEMBL4270328	CHEMBL4266057
CHEMBL1918710	CHEMBL1914314
CHEMBL4887184	CHEMBL4800722
CHEMBL4395516	CHEMBL4393699
CHEMBL5388467	CHEMBL5385904
CHEMBL3883127	CHEMBL3882737
CHEMBL4261225	CHEMBL4257587
CHEMBL3430416	CHEMBL3430320
CHEMBL4765911	CHEMBL4765230
CHEMBL5157217	CHEMBL5154688
CHEMBL3578665	CHEMBL3576839
CHEMBL3638085	CHEMBL3638030
CHEMBL3412836	CHEMBL3407472
CHEMBL944712	CHEMBL1140726
CHEMBL4701519	CHEMBL4699473
CHEMBL4669894	CHEMBL4665761
CHEMBL1657039	CHEMBL1649062
CHEMBL4033404	CHEMBL4028914
CHEMBL653733	CHEMBL1124881
CHEMBL5304968	CHEMBL5303768
CHEMBL5373260	CHEMBL5370606
CHEMBL1115186	CHEMBL1156971
CHEMBL1063195	CHEMBL1152349
CHEMBL2399368	CHEMBL2396637
CHEMBL5584875	CHEMBL5584226
CHEMBL4023709	CHEMBL4020831
CHEMBL4431081	CHEMBL4428127
CHEMBL4015066	CHEMBL4014298
CHEMBL1810945	CHEMBL1806458
CHEMBL861279	CHEMBL1138143
CHEMBL1837524	CHEMBL1833915
CHEMBL4370359	CHEMBL4368914
CHEMBL895464	CHEMBL1148818
CHEMBL3378646	CHEMBL3352784
CHEMBL4700775	CHEMBL4699441
CHEMBL2217336	CHEMBL2216747
CHEMBL3430655	CHEMBL3430321
CHEMBL687507	CHEMBL1130298
CHEMBL3430440	CHEMBL3430320
CHEMBL3816322	CHEMBL3813592
CHEMBL4624241	CHEMBL4622882
CHEMBL5511456	CHEMBL5506055
CHEMBL3430539	CHEMBL3430320
CHEMBL2327428	CHEMBL2321869
CHEMBL3743004	CHEMBL3739265
CHEMBL2395207	CHEMBL2390828
CHEMBL4618618	CHEMBL4616675
CHEMBL2186736	CHEMBL2176900
CHEMBL3859473	CHEMBL3856264
CHEMBL3430466	CHEMBL3430320
CHEMBL3425006	CHEMBL3421625
CHEMBL5058667	CHEMBL5058641
CHEMBL3638127	CHEMBL3638030
CHEMBL948118	CHEMBL1141563
CHEMBL5049634	CHEMBL5046296
CHEMBL5343728	CHEMBL5338813
CHEMBL4727371	CHEMBL4725307
CHEMBL5362172	CHEMBL5360556
CHEMBL3810732	CHEMBL3808345
CHEMBL4613091	CHEMBL4610127
CHEMBL930350	CHEMBL1145621
CHEMBL4810691	CHEMBL4808226
CHEMBL3117598	CHEMBL3112409
CHEMBL5638899	CHEMBL5634195
CHEMBL973619	CHEMBL1156734
CHEMBL656604	CHEMBL1135758
CHEMBL3618949	CHEMBL3616397
CHEMBL4047421	CHEMBL4043239
CHEMBL4275130	CHEMBL4270615
CHEMBL5392354	CHEMBL5390266
CHEMBL3227119	CHEMBL3217745
CHEMBL3430711	CHEMBL3430320
CHEMBL3638128	CHEMBL3638030
CHEMBL5054711	CHEMBL5053529
CHEMBL3436153	CHEMBL3436046
CHEMBL3807885	CHEMBL3804778
CHEMBL4672844	CHEMBL4665894
CHEMBL4825561	CHEMBL4823327
CHEMBL2398835	CHEMBL2396549
CHEMBL869869	CHEMBL1149519
CHEMBL4331782	CHEMBL4330091
CHEMBL3638087	CHEMBL3638030
CHEMBL2038295	CHEMBL2034922
CHEMBL5036157	CHEMBL5034039
CHEMBL3744480	CHEMBL3739386
CHEMBL2395260	CHEMBL2390921
CHEMBL5224988	CHEMBL5223125
CHEMBL4424287	CHEMBL4422661
CHEMBL4393834	CHEMBL4393654
CHEMBL2444347	CHEMBL2440084
CHEMBL4604692	CHEMBL4602676
CHEMBL3398704	CHEMBL3396997
CHEMBL686879	CHEMBL1130298
CHEMBL912233	CHEMBL1137302
CHEMBL943782	CHEMBL1140726
CHEMBL5737563	CHEMBL5728833
CHEMBL4775122	CHEMBL4765462
CHEMBL3226599	CHEMBL3217558
CHEMBL4200762	CHEMBL4196169
CHEMBL4231476	CHEMBL4229360
CHEMBL3638129	CHEMBL3638030
CHEMBL912234	CHEMBL1137302
CHEMBL3292925	CHEMBL3286275
CHEMBL3772524	CHEMBL3769359
CHEMBL1918331	CHEMBL1914383
CHEMBL941012	CHEMBL1139824
CHEMBL5503000	CHEMBL5500379
CHEMBL1112472	CHEMBL1156955
CHEMBL5323934	CHEMBL5321272
CHEMBL967818	CHEMBL1138521
CHEMBL5525513	CHEMBL5523723
CHEMBL5540022	CHEMBL5537168
CHEMBL4143419	CHEMBL4138227
CHEMBL5545677	CHEMBL5543112
CHEMBL5697033	CHEMBL5696440
CHEMBL4726747	CHEMBL4725282
CHEMBL5142723	CHEMBL5137098
CHEMBL4722406	CHEMBL4715832
CHEMBL3883134	CHEMBL3882737
CHEMBL3615686	CHEMBL3612018
CHEMBL3430365	CHEMBL3430320
CHEMBL4844935	CHEMBL4842381
CHEMBL3430707	CHEMBL3430320
CHEMBL1101945	CHEMBL1154934
CHEMBL3090534	CHEMBL3085718
CHEMBL3430553	CHEMBL3430320
CHEMBL2032545	CHEMBL2029240
CHEMBL3387384	CHEMBL3351795
CHEMBL2187790	CHEMBL2176883
CHEMBL2344471	CHEMBL2331535
CHEMBL4256617	CHEMBL4251746
CHEMBL3271184	CHEMBL3259733
CHEMBL1060824	CHEMBL1153063
CHEMBL4153191	CHEMBL4152207
CHEMBL4322077	CHEMBL4321786
CHEMBL1954142	CHEMBL1949526
CHEMBL4605958	CHEMBL4602719
CHEMBL5125534	CHEMBL5120930
CHEMBL2327410	CHEMBL2321852
CHEMBL2422133	CHEMBL2417435
CHEMBL962059	CHEMBL1157462
CHEMBL3638111	CHEMBL3638030
CHEMBL5259050	CHEMBL5257086
CHEMBL5291828	CHEMBL5291721
CHEMBL5737001	CHEMBL5728557
CHEMBL4427261	CHEMBL4425158
CHEMBL3384735	CHEMBL3351360
CHEMBL1918604	CHEMBL1914383
CHEMBL4613092	CHEMBL4610127
CHEMBL4769923	CHEMBL4765317
CHEMBL4724814	CHEMBL4715912
CHEMBL5547655	CHEMBL5543141
CHEMBL3865494	CHEMBL3864182
CHEMBL1025211	CHEMBL1158463
CHEMBL3414401	CHEMBL3407461
CHEMBL4401550	CHEMBL4400540
CHEMBL1227232	CHEMBL1221281
CHEMBL5465605	CHEMBL5465560
CHEMBL4017034	CHEMBL4014348
CHEMBL914757	CHEMBL1147155
CHEMBL3430635	CHEMBL3430321
CHEMBL5731943	CHEMBL5726048
CHEMBL3430344	CHEMBL3430320
CHEMBL908645	CHEMBL1148681
CHEMBL4478499	CHEMBL4477213
CHEMBL4015831	CHEMBL4014323
CHEMBL3579943	CHEMBL3576800
CHEMBL3889176	CHEMBL3886976
CHEMBL5682679	CHEMBL5678807
CHEMBL1066810	CHEMBL1158511
CHEMBL2034393	CHEMBL2029265
CHEMBL4684627	CHEMBL4680181
CHEMBL4195809	CHEMBL4190406
CHEMBL3813468	CHEMBL3808373
CHEMBL4373011	CHEMBL4371067
CHEMBL5041216	CHEMBL5038633
CHEMBL5638881	CHEMBL5634193
CHEMBL1068556	CHEMBL1153113
CHEMBL4042409	CHEMBL4041516
CHEMBL5156636	CHEMBL5154676
CHEMBL5536487	CHEMBL5532744
CHEMBL653729	CHEMBL1123712
CHEMBL828008	CHEMBL1144373
CHEMBL4223828	CHEMBL4219233
CHEMBL3436097	CHEMBL3436046
CHEMBL4416173	CHEMBL4414601
CHEMBL1036648	CHEMBL1154445
CHEMBL4881709	CHEMBL4507276
CHEMBL3997250	CHEMBL3994648
CHEMBL4810166	CHEMBL4808209
CHEMBL4017078	CHEMBL4014349
CHEMBL1827185	CHEMBL1821619
CHEMBL870781	CHEMBL1147650
CHEMBL4254808	CHEMBL4251643
CHEMBL4731399	CHEMBL4725465
CHEMBL3638064	CHEMBL3638030
CHEMBL1837925	CHEMBL1833932
CHEMBL5048909	CHEMBL5046279
CHEMBL3738362	CHEMBL3734760
CHEMBL1686253	CHEMBL1681708
CHEMBL899444	CHEMBL1137437
CHEMBL4144127	CHEMBL4138257
CHEMBL5734969	CHEMBL5727591
CHEMBL5136558	CHEMBL5131562
CHEMBL3361669	CHEMBL3352565
CHEMBL5539762	CHEMBL5537163
CHEMBL3436054	CHEMBL3436046
CHEMBL4181845	CHEMBL4177680
CHEMBL4199524	CHEMBL4196112
CHEMBL1050164	CHEMBL1154171
CHEMBL3370081	CHEMBL3352617
CHEMBL1645659	CHEMBL1641519
CHEMBL987763	CHEMBL1143380
CHEMBL4312208	CHEMBL4311939
CHEMBL3871742	CHEMBL3871280
CHEMBL1825563	CHEMBL1821661
CHEMBL4040885	CHEMBL4038335
CHEMBL2026493	CHEMBL2021834
CHEMBL4714207	CHEMBL4706692
