assay_chembl_id	cell_name	cell_description	cell_source_organism	cell_source_tissue
CHEMBL650906	NULL	NULL	NULL	NULL
CHEMBL659151	CHO	CHO (Ovarian cells)	Cricetulus griseus	Ovarian cells
CHEMBL659152	CHO	CHO (Ovarian cells)	Cricetulus griseus	Ovarian cells
CHEMBL659153	CHO	CHO (Ovarian cells)	Cricetulus griseus	Ovarian cells
CHEMBL659154	CHO	CHO (Ovarian cells)	Cricetulus griseus	Ovarian cells
CHEMBL659155	CHO	CHO (Ovarian cells)	Cricetulus griseus	Ovarian cells
CHEMBL655369	CHO	CHO (Ovarian cells)	Cricetulus griseus	Ovarian cells
CHEMBL655370	CHO	CHO (Ovarian cells)	Cricetulus griseus	Ovarian cells
CHEMBL655371	CHO	CHO (Ovarian cells)	Cricetulus griseus	Ovarian cells
CHEMBL656260	NULL	NULL	NULL	NULL
CHEMBL653728	NULL	NULL	NULL	NULL
CHEMBL653729	NULL	NULL	NULL	NULL
CHEMBL653730	NULL	NULL	NULL	NULL
CHEMBL653731	NULL	NULL	NULL	NULL
CHEMBL653732	NULL	NULL	NULL	NULL
CHEMBL653733	NULL	NULL	NULL	NULL
CHEMBL659866	NULL	NULL	NULL	NULL
CHEMBL660033	NULL	NULL	NULL	NULL
CHEMBL660036	NULL	NULL	NULL	NULL
CHEMBL660040	NULL	NULL	NULL	NULL
CHEMBL653771	NULL	NULL	NULL	NULL
CHEMBL654395	NULL	NULL	NULL	NULL
CHEMBL654396	NULL	NULL	NULL	NULL
CHEMBL654574	NULL	NULL	NULL	NULL
CHEMBL876248	NULL	NULL	NULL	NULL
CHEMBL654575	NULL	NULL	NULL	NULL
CHEMBL656375	COS-7	COS-7 (Kidney cells)	Chlorocebus aethiops	Kidney cells
CHEMBL656604	COS-7	COS-7 (Kidney cells)	Chlorocebus aethiops	Kidney cells
CHEMBL660921	Oocyte	Ooctyes	NULL	NULL
CHEMBL660922	CHO	CHO (Ovarian cells)	Cricetulus griseus	Ovarian cells
CHEMBL660923	CHO	CHO (Ovarian cells)	Cricetulus griseus	Ovarian cells
CHEMBL662305	NULL	NULL	NULL	NULL
CHEMBL875385	NULL	NULL	NULL	NULL
CHEMBL662311	NULL	NULL	NULL	NULL
CHEMBL660543	NULL	NULL	NULL	NULL
CHEMBL660544	NULL	NULL	NULL	NULL
CHEMBL660545	NULL	NULL	NULL	NULL
CHEMBL660546	NULL	NULL	NULL	NULL
CHEMBL660547	NULL	NULL	NULL	NULL
CHEMBL666481	NULL	NULL	NULL	NULL
CHEMBL664887	NULL	NULL	NULL	NULL
CHEMBL682313	NULL	NULL	NULL	NULL
CHEMBL682905	HEK293	HEK293 (Embryonic kidney fibroblasts)	Homo sapiens	Embryonic kidney fibroblasts
CHEMBL680747	NULL	NULL	NULL	NULL
CHEMBL687168	NULL	NULL	NULL	NULL
CHEMBL684132	NULL	NULL	NULL	NULL
CHEMBL684971	NULL	NULL	NULL	NULL
CHEMBL687333	NULL	NULL	NULL	NULL
CHEMBL686879	NULL	NULL	NULL	NULL
CHEMBL686881	NULL	NULL	NULL	NULL
CHEMBL687507	NULL	NULL	NULL	NULL
CHEMBL687508	NULL	NULL	NULL	NULL
CHEMBL877203	NULL	NULL	NULL	NULL
CHEMBL691013	NULL	NULL	NULL	NULL
CHEMBL691014	NULL	NULL	NULL	NULL
CHEMBL699347	Oocyte	Ooctyes	Xenopus laevis	NULL
CHEMBL694796	Oocyte	Ooctyes	Xenopus laevis	NULL
CHEMBL694797	Oocyte	Ooctyes	Xenopus laevis	NULL
CHEMBL700074	Ventricular myocyte	Regular ventricular cardiac myocyte	NULL	NULL
CHEMBL700075	NULL	NULL	NULL	NULL
CHEMBL703975	NULL	NULL	NULL	NULL
CHEMBL703976	NULL	NULL	NULL	NULL
CHEMBL706154	NULL	NULL	NULL	NULL
CHEMBL749472	NULL	NULL	NULL	NULL
CHEMBL767061	NULL	NULL	NULL	NULL
CHEMBL767234	Oocyte	Ooctyes	Xenopus laevis	NULL
CHEMBL767235	Oocyte	Ooctyes	Xenopus laevis	NULL
CHEMBL767236	Oocyte	Ooctyes	Xenopus laevis	NULL
CHEMBL768952	Oocyte	Ooctyes	Xenopus laevis	NULL
CHEMBL768953	Oocyte	Ooctyes	Xenopus laevis	NULL
CHEMBL768954	NULL	NULL	NULL	NULL
CHEMBL768955	Oocyte	Ooctyes	Xenopus laevis	NULL
CHEMBL766803	Oocyte	Ooctyes	Xenopus laevis	NULL
CHEMBL766804	Oocyte	Ooctyes	Xenopus laevis	NULL
CHEMBL766805	Oocyte	Ooctyes	Xenopus laevis	NULL
CHEMBL766809	NULL	NULL	NULL	NULL
CHEMBL766814	NULL	NULL	NULL	NULL
CHEMBL766815	NULL	NULL	NULL	NULL
CHEMBL766816	CHO	CHO (Ovarian cells)	Cricetulus griseus	Ovarian cells
CHEMBL768686	NULL	NULL	NULL	NULL
CHEMBL768687	NULL	NULL	NULL	NULL
CHEMBL768688	Oocyte	Ooctyes	Xenopus laevis	NULL
CHEMBL768689	NULL	NULL	NULL	NULL
CHEMBL768695	Oocyte	Ooctyes	Xenopus laevis	NULL
CHEMBL768696	Oocyte	Ooctyes	Xenopus laevis	NULL
CHEMBL768697	Oocyte	Ooctyes	Xenopus laevis	NULL
CHEMBL768698	NULL	NULL	NULL	NULL
CHEMBL768699	HEK293	HEK293 (Embryonic kidney fibroblasts)	Homo sapiens	Embryonic kidney fibroblasts
CHEMBL770203	NULL	NULL	NULL	NULL
CHEMBL771384	NULL	NULL	NULL	NULL
CHEMBL770456	NULL	NULL	NULL	NULL
CHEMBL772772	NULL	NULL	NULL	NULL
CHEMBL785241	NULL	NULL	NULL	NULL
CHEMBL791520	NULL	NULL	NULL	NULL
CHEMBL796995	NULL	NULL	NULL	NULL
CHEMBL804532	NULL	NULL	NULL	NULL
CHEMBL805186	Oocyte	Ooctyes	NULL	NULL
CHEMBL815524	NULL	NULL	NULL	NULL
CHEMBL815525	NULL	NULL	NULL	NULL
CHEMBL815527	NULL	NULL	NULL	NULL
CHEMBL816205	HEK293	HEK293 (Embryonic kidney fibroblasts)	Homo sapiens	Embryonic kidney fibroblasts
CHEMBL819393	NULL	NULL	NULL	NULL
CHEMBL819394	NULL	NULL	NULL	NULL
CHEMBL819395	NULL	NULL	NULL	NULL
CHEMBL820994	NULL	NULL	NULL	NULL
CHEMBL820995	NULL	NULL	NULL	NULL
CHEMBL820996	HEK293	HEK293 (Embryonic kidney fibroblasts)	Homo sapiens	Embryonic kidney fibroblasts
CHEMBL819364	NULL	NULL	NULL	NULL
CHEMBL819367	Oocyte	Ooctyes	Xenopus laevis	NULL
CHEMBL819650	NULL	NULL	NULL	NULL
CHEMBL822598	NULL	NULL	NULL	NULL
CHEMBL841905	HEK293	HEK293 (Embryonic kidney fibroblasts)	Homo sapiens	Embryonic kidney fibroblasts
CHEMBL841078	NULL	NULL	NULL	NULL
CHEMBL841079	NULL	NULL	NULL	NULL
CHEMBL824627	HEK293	HEK293 (Embryonic kidney fibroblasts)	Homo sapiens	Embryonic kidney fibroblasts
CHEMBL841101	NULL	NULL	NULL	NULL
CHEMBL841102	NULL	NULL	NULL	NULL
CHEMBL875187	NULL	NULL	NULL	NULL
CHEMBL828081	NULL	NULL	NULL	NULL
CHEMBL839576	NULL	NULL	NULL	NULL
CHEMBL827947	NULL	NULL	NULL	NULL
CHEMBL827855	NULL	NULL	NULL	NULL
CHEMBL828008	NULL	NULL	NULL	NULL
CHEMBL827917	NULL	NULL	NULL	NULL
CHEMBL829261	NULL	NULL	NULL	NULL
CHEMBL829377	NULL	NULL	NULL	NULL
CHEMBL827807	NULL	NULL	NULL	NULL
CHEMBL827842	NULL	NULL	NULL	NULL
CHEMBL829576	NULL	NULL	NULL	NULL
CHEMBL832717	NULL	NULL	NULL	NULL
CHEMBL828432	HEK293	HEK293 (Embryonic kidney fibroblasts)	Homo sapiens	Embryonic kidney fibroblasts
CHEMBL827704	HEK293	HEK293 (Embryonic kidney fibroblasts)	Homo sapiens	Embryonic kidney fibroblasts
CHEMBL829152	NULL	NULL	NULL	NULL
CHEMBL832277	NULL	NULL	NULL	NULL
CHEMBL832278	NULL	NULL	NULL	NULL
CHEMBL830651	NULL	NULL	NULL	NULL
CHEMBL831576	NULL	NULL	NULL	NULL
CHEMBL830529	NULL	NULL	NULL	NULL
CHEMBL835271	HEK293	HEK293 (Embryonic kidney fibroblasts)	Homo sapiens	Embryonic kidney fibroblasts
CHEMBL836212	HEK293	HEK293 (Embryonic kidney fibroblasts)	Homo sapiens	Embryonic kidney fibroblasts
CHEMBL834953	HEK293	HEK293 (Embryonic kidney fibroblasts)	Homo sapiens	Embryonic kidney fibroblasts
CHEMBL834175	HEK293	HEK293 (Embryonic kidney fibroblasts)	Homo sapiens	Embryonic kidney fibroblasts
CHEMBL826271	NULL	NULL	NULL	NULL
CHEMBL882919	NULL	NULL	NULL	NULL
CHEMBL882589	NULL	NULL	NULL	NULL
CHEMBL859701	CHO	CHO (Ovarian cells)	Cricetulus griseus	Ovarian cells
CHEMBL868799	NULL	NULL	NULL	NULL
CHEMBL862040	NULL	NULL	NULL	NULL
CHEMBL858932	HEK293	HEK293 (Embryonic kidney fibroblasts)	Homo sapiens	Embryonic kidney fibroblasts
CHEMBL861279	NULL	NULL	NULL	NULL
CHEMBL860568	NULL	NULL	NULL	NULL
CHEMBL865929	HEK293	HEK293 (Embryonic kidney fibroblasts)	Homo sapiens	Embryonic kidney fibroblasts
CHEMBL866525	NULL	NULL	NULL	NULL
CHEMBL866526	NULL	NULL	NULL	NULL
CHEMBL866509	NULL	NULL	NULL	NULL
CHEMBL867172	HEK293	HEK293 (Embryonic kidney fibroblasts)	Homo sapiens	Embryonic kidney fibroblasts
CHEMBL865567	CHO	CHO (Ovarian cells)	Cricetulus griseus	Ovarian cells
CHEMBL865568	CHO	CHO (Ovarian cells)	Cricetulus griseus	Ovarian cells
CHEMBL865594	HEK293	HEK293 (Embryonic kidney fibroblasts)	Homo sapiens	Embryonic kidney fibroblasts
CHEMBL859790	NULL	NULL	NULL	NULL
CHEMBL859791	NULL	NULL	NULL	NULL
CHEMBL868863	HEK293	HEK293 (Embryonic kidney fibroblasts)	Homo sapiens	Embryonic kidney fibroblasts
CHEMBL868944	HEK293	HEK293 (Embryonic kidney fibroblasts)	Homo sapiens	Embryonic kidney fibroblasts
CHEMBL868945	CHO	CHO (Ovarian cells)	Cricetulus griseus	Ovarian cells
CHEMBL869626	HEK293	HEK293 (Embryonic kidney fibroblasts)	Homo sapiens	Embryonic kidney fibroblasts
CHEMBL861216	NULL	NULL	NULL	NULL
CHEMBL868467	NULL	NULL	NULL	NULL
CHEMBL870781	HEK293	HEK293 (Embryonic kidney fibroblasts)	Homo sapiens	Embryonic kidney fibroblasts
CHEMBL865039	HEK293	HEK293 (Embryonic kidney fibroblasts)	Homo sapiens	Embryonic kidney fibroblasts
CHEMBL853270	HEK293	HEK293 (Embryonic kidney fibroblasts)	Homo sapiens	Embryonic kidney fibroblasts
CHEMBL853272	HEK293	HEK293 (Embryonic kidney fibroblasts)	Homo sapiens	Embryonic kidney fibroblasts
CHEMBL862268	NULL	NULL	NULL	NULL
CHEMBL871230	HEK293	HEK293 (Embryonic kidney fibroblasts)	Homo sapiens	Embryonic kidney fibroblasts
CHEMBL870149	HEK293	HEK293 (Embryonic kidney fibroblasts)	Homo sapiens	Embryonic kidney fibroblasts
CHEMBL861449	NULL	NULL	NULL	NULL
CHEMBL868204	NULL	NULL	NULL	NULL
CHEMBL868205	NULL	NULL	NULL	NULL
CHEMBL870188	NULL	NULL	NULL	NULL
CHEMBL866681	NULL	NULL	NULL	NULL
CHEMBL867451	HEK293	HEK293 (Embryonic kidney fibroblasts)	Homo sapiens	Embryonic kidney fibroblasts
CHEMBL865554	NULL	NULL	NULL	NULL
CHEMBL864914	NULL	NULL	NULL	NULL
CHEMBL870286	HEK293	HEK293 (Embryonic kidney fibroblasts)	Homo sapiens	Embryonic kidney fibroblasts
CHEMBL870287	HEK293	HEK293 (Embryonic kidney fibroblasts)	Homo sapiens	Embryonic kidney fibroblasts
CHEMBL870536	NULL	NULL	NULL	NULL
CHEMBL854534	HEK293	HEK293 (Embryonic kidney fibroblasts)	Homo sapiens	Embryonic kidney fibroblasts
CHEMBL854582	CHO	CHO (Ovarian cells)	Cricetulus griseus	Ovarian cells
CHEMBL864238	NULL	NULL	NULL	NULL
CHEMBL864852	CHO	CHO (Ovarian cells)	Cricetulus griseus	Ovarian cells
CHEMBL867936	HEK293	HEK293 (Embryonic kidney fibroblasts)	Homo sapiens	Embryonic kidney fibroblasts
CHEMBL867939	HEK293	HEK293 (Embryonic kidney fibroblasts)	Homo sapiens	Embryonic kidney fibroblasts
CHEMBL867368	NULL	NULL	NULL	NULL
CHEMBL869182	NULL	NULL	NULL	NULL
CHEMBL869183	NULL	NULL	NULL	NULL
CHEMBL869184	NULL	NULL	NULL	NULL
CHEMBL864202	NULL	NULL	NULL	NULL
CHEMBL864204	NULL	NULL	NULL	NULL
CHEMBL869839	NULL	NULL	NULL	NULL
CHEMBL869841	NULL	NULL	NULL	NULL
CHEMBL906898	HEK293	HEK293 (Embryonic kidney fibroblasts)	Homo sapiens	Embryonic kidney fibroblasts
CHEMBL906899	HEK293	HEK293 (Embryonic kidney fibroblasts)	Homo sapiens	Embryonic kidney fibroblasts
CHEMBL906900	HEK293	HEK293 (Embryonic kidney fibroblasts)	Homo sapiens	Embryonic kidney fibroblasts
CHEMBL908639	HEK293	HEK293 (Embryonic kidney fibroblasts)	Homo sapiens	Embryonic kidney fibroblasts
CHEMBL855890	HEK293	HEK293 (Embryonic kidney fibroblasts)	Homo sapiens	Embryonic kidney fibroblasts
CHEMBL908645	NULL	NULL	NULL	NULL
CHEMBL869869	HEK293	HEK293 (Embryonic kidney fibroblasts)	Homo sapiens	Embryonic kidney fibroblasts
CHEMBL909940	NULL	NULL	NULL	NULL
CHEMBL908898	HEK293	HEK293 (Embryonic kidney fibroblasts)	Homo sapiens	Embryonic kidney fibroblasts
CHEMBL907829	HEK293	HEK293 (Embryonic kidney fibroblasts)	Homo sapiens	Embryonic kidney fibroblasts
CHEMBL908975	NULL	NULL	NULL	NULL
CHEMBL908401	NULL	NULL	NULL	NULL
CHEMBL855008	NULL	NULL	NULL	NULL
CHEMBL907768	NULL	NULL	NULL	NULL
CHEMBL907769	HEK293	HEK293 (Embryonic kidney fibroblasts)	Homo sapiens	Embryonic kidney fibroblasts
CHEMBL855608	NULL	NULL	NULL	NULL
CHEMBL856405	NULL	NULL	NULL	NULL
CHEMBL854889	NULL	NULL	NULL	NULL
CHEMBL854891	NULL	NULL	NULL	NULL
CHEMBL854887	NULL	NULL	NULL	NULL
CHEMBL854888	NULL	NULL	NULL	NULL
CHEMBL854894	NULL	NULL	NULL	NULL
CHEMBL854895	NULL	NULL	NULL	NULL
CHEMBL854890	NULL	NULL	NULL	NULL
CHEMBL854892	NULL	NULL	NULL	NULL
CHEMBL854893	NULL	NULL	NULL	NULL
CHEMBL907676	HEK293	HEK293 (Embryonic kidney fibroblasts)	Homo sapiens	Embryonic kidney fibroblasts
CHEMBL907684	HEK293	HEK293 (Embryonic kidney fibroblasts)	Homo sapiens	Embryonic kidney fibroblasts
CHEMBL863591	HEK293	HEK293 (Embryonic kidney fibroblasts)	Homo sapiens	Embryonic kidney fibroblasts
CHEMBL855968	NULL	NULL	NULL	NULL
CHEMBL912233	HEK293	HEK293 (Embryonic kidney fibroblasts)	Homo sapiens	Embryonic kidney fibroblasts
CHEMBL912234	HEK293	HEK293 (Embryonic kidney fibroblasts)	Homo sapiens	Embryonic kidney fibroblasts
CHEMBL907268	HEK293	HEK293 (Embryonic kidney fibroblasts)	Homo sapiens	Embryonic kidney fibroblasts
CHEMBL907269	HEK293	HEK293 (Embryonic kidney fibroblasts)	Homo sapiens	Embryonic kidney fibroblasts
CHEMBL910704	HEK293	HEK293 (Embryonic kidney fibroblasts)	Homo sapiens	Embryonic kidney fibroblasts
CHEMBL912510	NULL	NULL	NULL	NULL
CHEMBL853924	NULL	NULL	NULL	NULL
CHEMBL856827	HEK293	HEK293 (Embryonic kidney fibroblasts)	Homo sapiens	Embryonic kidney fibroblasts
CHEMBL855770	HEK293	HEK293 (Embryonic kidney fibroblasts)	Homo sapiens	Embryonic kidney fibroblasts
CHEMBL919944	HEK293	HEK293 (Embryonic kidney fibroblasts)	Homo sapiens	Embryonic kidney fibroblasts
CHEMBL913858	HEK293	HEK293 (Embryonic kidney fibroblasts)	Homo sapiens	Embryonic kidney fibroblasts
CHEMBL914485	NULL	NULL	NULL	NULL
CHEMBL914755	HEK293	HEK293 (Embryonic kidney fibroblasts)	Homo sapiens	Embryonic kidney fibroblasts
CHEMBL914756	HEK293	HEK293 (Embryonic kidney fibroblasts)	Homo sapiens	Embryonic kidney fibroblasts
CHEMBL914757	HEK293	HEK293 (Embryonic kidney fibroblasts)	Homo sapiens	Embryonic kidney fibroblasts
CHEMBL914758	HEK293	HEK293 (Embryonic kidney fibroblasts)	Homo sapiens	Embryonic kidney fibroblasts
CHEMBL916132	NULL	NULL	NULL	NULL
CHEMBL916135	NULL	NULL	NULL	NULL
CHEMBL903920	HEK293	HEK293 (Embryonic kidney fibroblasts)	Homo sapiens	Embryonic kidney fibroblasts
CHEMBL905110	NULL	NULL	NULL	NULL
CHEMBL906593	CHO	CHO (Ovarian cells)	Cricetulus griseus	Ovarian cells
CHEMBL906594	CHO	CHO (Ovarian cells)	Cricetulus griseus	Ovarian cells
CHEMBL886338	NULL	NULL	NULL	NULL
CHEMBL887480	NULL	NULL	NULL	NULL
CHEMBL889047	NULL	NULL	NULL	NULL
CHEMBL889158	NULL	NULL	NULL	NULL
CHEMBL889269	NULL	NULL	NULL	NULL
CHEMBL889315	HEK293	HEK293 (Embryonic kidney fibroblasts)	Homo sapiens	Embryonic kidney fibroblasts
CHEMBL889314	HEK293	HEK293 (Embryonic kidney fibroblasts)	Homo sapiens	Embryonic kidney fibroblasts
CHEMBL889313	HEK293	HEK293 (Embryonic kidney fibroblasts)	Homo sapiens	Embryonic kidney fibroblasts
CHEMBL889312	HEK293	HEK293 (Embryonic kidney fibroblasts)	Homo sapiens	Embryonic kidney fibroblasts
CHEMBL889309	HEK293	HEK293 (Embryonic kidney fibroblasts)	Homo sapiens	Embryonic kidney fibroblasts
CHEMBL889308	HEK293	HEK293 (Embryonic kidney fibroblasts)	Homo sapiens	Embryonic kidney fibroblasts
CHEMBL889316	HEK293	HEK293 (Embryonic kidney fibroblasts)	Homo sapiens	Embryonic kidney fibroblasts
CHEMBL888452	NULL	NULL	NULL	NULL
CHEMBL888509	NULL	NULL	NULL	NULL
CHEMBL890380	NULL	NULL	NULL	NULL
CHEMBL889970	NULL	NULL	NULL	NULL
CHEMBL890046	NULL	NULL	NULL	NULL
CHEMBL893743	CHO	CHO (Ovarian cells)	Cricetulus griseus	Ovarian cells
CHEMBL895731	NULL	NULL	NULL	NULL
CHEMBL895464	CHO	CHO (Ovarian cells)	Cricetulus griseus	Ovarian cells
CHEMBL895478	CHO	CHO (Ovarian cells)	Cricetulus griseus	Ovarian cells
CHEMBL895925	NULL	NULL	NULL	NULL
CHEMBL896000	NULL	NULL	NULL	NULL
CHEMBL896496	NULL	NULL	NULL	NULL
CHEMBL897699	NULL	NULL	NULL	NULL
CHEMBL899444	NULL	NULL	NULL	NULL
CHEMBL899477	HEK293	HEK293 (Embryonic kidney fibroblasts)	Homo sapiens	Embryonic kidney fibroblasts
CHEMBL899478	NULL	NULL	NULL	NULL
CHEMBL899624	HEK293	HEK293 (Embryonic kidney fibroblasts)	Homo sapiens	Embryonic kidney fibroblasts
CHEMBL899629	NULL	NULL	NULL	NULL
CHEMBL898851	NULL	NULL	NULL	NULL
CHEMBL902576	NULL	NULL	NULL	NULL
CHEMBL902587	NULL	NULL	NULL	NULL
CHEMBL902717	NULL	NULL	NULL	NULL
CHEMBL903096	CHO-K1	CHO-K1 (Ovarian cells)	Cricetulus griseus	Ovarian cells
CHEMBL903410	HEK293	HEK293 (Embryonic kidney fibroblasts)	Homo sapiens	Embryonic kidney fibroblasts
CHEMBL903442	NULL	NULL	NULL	NULL
CHEMBL903467	NULL	NULL	NULL	NULL
CHEMBL903477	NULL	NULL	NULL	NULL
CHEMBL886510	NULL	NULL	NULL	NULL
CHEMBL886667	HEK293	HEK293 (Embryonic kidney fibroblasts)	Homo sapiens	Embryonic kidney fibroblasts
CHEMBL886671	HEK293	HEK293 (Embryonic kidney fibroblasts)	Homo sapiens	Embryonic kidney fibroblasts
CHEMBL886903	HEK293	HEK293 (Embryonic kidney fibroblasts)	Homo sapiens	Embryonic kidney fibroblasts
CHEMBL886905	HEK293	HEK293 (Embryonic kidney fibroblasts)	Homo sapiens	Embryonic kidney fibroblasts
CHEMBL887107	NULL	NULL	NULL	NULL
CHEMBL887108	NULL	NULL	NULL	NULL
CHEMBL887127	NULL	NULL	NULL	NULL
CHEMBL903549	NULL	NULL	NULL	NULL
CHEMBL886473	NULL	NULL	NULL	NULL
CHEMBL886475	NULL	NULL	NULL	NULL
CHEMBL923046	HEK293	HEK293 (Embryonic kidney fibroblasts)	Homo sapiens	Embryonic kidney fibroblasts
CHEMBL923047	HEK293	HEK293 (Embryonic kidney fibroblasts)	Homo sapiens	Embryonic kidney fibroblasts
CHEMBL923065	HEK293	HEK293 (Embryonic kidney fibroblasts)	Homo sapiens	Embryonic kidney fibroblasts
CHEMBL940929	HEK293	HEK293 (Embryonic kidney fibroblasts)	Homo sapiens	Embryonic kidney fibroblasts
CHEMBL940932	HEK293	HEK293 (Embryonic kidney fibroblasts)	Homo sapiens	Embryonic kidney fibroblasts
CHEMBL940933	HEK293	HEK293 (Embryonic kidney fibroblasts)	Homo sapiens	Embryonic kidney fibroblasts
CHEMBL940937	NULL	NULL	NULL	NULL
CHEMBL940938	NULL	NULL	NULL	NULL
CHEMBL940958	HEK293	HEK293 (Embryonic kidney fibroblasts)	Homo sapiens	Embryonic kidney fibroblasts
CHEMBL941012	NULL	NULL	NULL	NULL
CHEMBL941016	HEK293	HEK293 (Embryonic kidney fibroblasts)	Homo sapiens	Embryonic kidney fibroblasts
CHEMBL941018	HEK293	HEK293 (Embryonic kidney fibroblasts)	Homo sapiens	Embryonic kidney fibroblasts
CHEMBL924360	NULL	NULL	NULL	NULL
CHEMBL943026	NULL	NULL	NULL	NULL
CHEMBL943039	NULL	NULL	NULL	NULL
CHEMBL943040	NULL	NULL	NULL	NULL
CHEMBL925077	NULL	NULL	NULL	NULL
CHEMBL943782	NULL	NULL	NULL	NULL
CHEMBL943783	NULL	NULL	NULL	NULL
CHEMBL944709	NULL	NULL	NULL	NULL
CHEMBL944710	NULL	NULL	NULL	NULL
CHEMBL944711	NULL	NULL	NULL	NULL
CHEMBL944712	NULL	NULL	NULL	NULL
CHEMBL944718	CHO	CHO (Ovarian cells)	Cricetulus griseus	Ovarian cells
CHEMBL926143	NULL	NULL	NULL	NULL
CHEMBL927770	HEK293	HEK293 (Embryonic kidney fibroblasts)	Homo sapiens	Embryonic kidney fibroblasts
CHEMBL927771	HEK293	HEK293 (Embryonic kidney fibroblasts)	Homo sapiens	Embryonic kidney fibroblasts
CHEMBL944827	HEK293	HEK293 (Embryonic kidney fibroblasts)	Homo sapiens	Embryonic kidney fibroblasts
CHEMBL944859	HEK293	HEK293 (Embryonic kidney fibroblasts)	Homo sapiens	Embryonic kidney fibroblasts
CHEMBL927230	NULL	NULL	NULL	NULL
CHEMBL927257	NULL	NULL	NULL	NULL
CHEMBL928561	HEK293	HEK293 (Embryonic kidney fibroblasts)	Homo sapiens	Embryonic kidney fibroblasts
CHEMBL928570	NULL	NULL	NULL	NULL
CHEMBL928680	NULL	NULL	NULL	NULL
CHEMBL928906	NULL	NULL	NULL	NULL
CHEMBL929965	NULL	NULL	NULL	NULL
CHEMBL928992	NULL	NULL	NULL	NULL
CHEMBL928993	NULL	NULL	NULL	NULL
CHEMBL930660	NULL	NULL	NULL	NULL
CHEMBL948118	NULL	NULL	NULL	NULL
CHEMBL948900	NULL	NULL	NULL	NULL
CHEMBL933193	NULL	NULL	NULL	NULL
CHEMBL948183	NULL	NULL	NULL	NULL
CHEMBL930532	HEK293	HEK293 (Embryonic kidney fibroblasts)	Homo sapiens	Embryonic kidney fibroblasts
CHEMBL949251	HEK293	HEK293 (Embryonic kidney fibroblasts)	Homo sapiens	Embryonic kidney fibroblasts
CHEMBL948146	HEK293	HEK293 (Embryonic kidney fibroblasts)	Homo sapiens	Embryonic kidney fibroblasts
CHEMBL947993	HEK293	HEK293 (Embryonic kidney fibroblasts)	Homo sapiens	Embryonic kidney fibroblasts
CHEMBL934350	NULL	NULL	NULL	NULL
CHEMBL934351	NULL	NULL	NULL	NULL
CHEMBL931280	HEK293	HEK293 (Embryonic kidney fibroblasts)	Homo sapiens	Embryonic kidney fibroblasts
CHEMBL931281	HEK293	HEK293 (Embryonic kidney fibroblasts)	Homo sapiens	Embryonic kidney fibroblasts
CHEMBL937425	NULL	NULL	NULL	NULL
CHEMBL931097	NULL	NULL	NULL	NULL
CHEMBL947933	NULL	NULL	NULL	NULL
CHEMBL930080	NULL	NULL	NULL	NULL
CHEMBL932292	NULL	NULL	NULL	NULL
CHEMBL933468	NULL	NULL	NULL	NULL
CHEMBL922329	NULL	NULL	NULL	NULL
CHEMBL950337	NULL	NULL	NULL	NULL
CHEMBL932540	NULL	NULL	NULL	NULL
CHEMBL936408	Oocyte	Ooctyes	Xenopus laevis	NULL
CHEMBL937358	CHO	CHO (Ovarian cells)	Cricetulus griseus	Ovarian cells
CHEMBL937359	NULL	NULL	NULL	NULL
CHEMBL937360	NULL	NULL	NULL	NULL
CHEMBL937361	Oocyte	Ooctyes	Xenopus laevis	NULL
CHEMBL937362	Oocyte	Ooctyes	Xenopus laevis	NULL
CHEMBL937363	Oocyte	Ooctyes	Xenopus laevis	NULL
CHEMBL937364	Oocyte	Ooctyes	Xenopus laevis	NULL
CHEMBL937365	Oocyte	Ooctyes	Xenopus laevis	NULL
CHEMBL937366	Oocyte	Ooctyes	Xenopus laevis	NULL
CHEMBL937367	Oocyte	Ooctyes	Xenopus laevis	NULL
CHEMBL937368	Oocyte	Ooctyes	Xenopus laevis	NULL
CHEMBL937369	Oocyte	Ooctyes	Xenopus laevis	NULL
CHEMBL937370	Oocyte	Ooctyes	Xenopus laevis	NULL
CHEMBL937371	Oocyte	Ooctyes	Xenopus laevis	NULL
CHEMBL937372	Oocyte	Ooctyes	Xenopus laevis	NULL
CHEMBL937373	Oocyte	Ooctyes	Xenopus laevis	NULL
CHEMBL925855	Oocyte	Ooctyes	Xenopus laevis	NULL
CHEMBL933610	Oocyte	Ooctyes	Xenopus laevis	NULL
CHEMBL933611	Oocyte	Ooctyes	Xenopus laevis	NULL
CHEMBL933612	Oocyte	Ooctyes	Xenopus laevis	NULL
CHEMBL933613	Oocyte	Ooctyes	Xenopus laevis	NULL
CHEMBL933614	Oocyte	Ooctyes	Xenopus laevis	NULL
CHEMBL933615	Oocyte	Ooctyes	Xenopus laevis	NULL
CHEMBL933617	Oocyte	Ooctyes	Xenopus laevis	NULL
CHEMBL933618	Oocyte	Ooctyes	Xenopus laevis	NULL
CHEMBL933619	Oocyte	Ooctyes	Xenopus laevis	NULL
CHEMBL933620	Oocyte	Ooctyes	Xenopus laevis	NULL
CHEMBL933621	Oocyte	Ooctyes	Xenopus laevis	NULL
CHEMBL933622	Oocyte	Ooctyes	Xenopus laevis	NULL
CHEMBL933623	Oocyte	Ooctyes	Xenopus laevis	NULL
CHEMBL921541	Oocyte	Ooctyes	Xenopus laevis	NULL
CHEMBL921542	Oocyte	Ooctyes	Xenopus laevis	NULL
CHEMBL921543	Oocyte	Ooctyes	Xenopus laevis	NULL
CHEMBL921544	Oocyte	Ooctyes	Xenopus laevis	NULL
CHEMBL929283	Oocyte	Ooctyes	Xenopus laevis	NULL
CHEMBL929284	Oocyte	Ooctyes	Xenopus laevis	NULL
CHEMBL933616	Oocyte	Ooctyes	Xenopus laevis	NULL
CHEMBL927950	NULL	NULL	NULL	NULL
CHEMBL925955	NULL	NULL	NULL	NULL
CHEMBL932572	HEK293	HEK293 (Embryonic kidney fibroblasts)	Homo sapiens	Embryonic kidney fibroblasts
CHEMBL929420	NULL	NULL	NULL	NULL
CHEMBL929421	NULL	NULL	NULL	NULL
CHEMBL934640	NULL	NULL	NULL	NULL
CHEMBL930350	NULL	NULL	NULL	NULL
CHEMBL1021907	HEK293	HEK293 (Embryonic kidney fibroblasts)	Homo sapiens	Embryonic kidney fibroblasts
CHEMBL1020033	HEL	HEL (Embryonic lung cells)	Homo sapiens	Erythroleukemia
CHEMBL981950	HEK293	HEK293 (Embryonic kidney fibroblasts)	Homo sapiens	Embryonic kidney fibroblasts
CHEMBL982875	HEK293	HEK293 (Embryonic kidney fibroblasts)	Homo sapiens	Embryonic kidney fibroblasts
CHEMBL986351	HEK293	HEK293 (Embryonic kidney fibroblasts)	Homo sapiens	Embryonic kidney fibroblasts
CHEMBL984727	NULL	NULL	NULL	NULL
CHEMBL993590	NULL	NULL	NULL	NULL
CHEMBL948532	HEK293	HEK293 (Embryonic kidney fibroblasts)	Homo sapiens	Embryonic kidney fibroblasts
CHEMBL944218	NULL	NULL	NULL	NULL
CHEMBL945222	NULL	NULL	NULL	NULL
CHEMBL947435	NULL	NULL	NULL	NULL
CHEMBL952419	NULL	NULL	NULL	NULL
CHEMBL939609	NULL	NULL	NULL	NULL
CHEMBL950430	NULL	NULL	NULL	NULL
CHEMBL940379	HEK293	HEK293 (Embryonic kidney fibroblasts)	Homo sapiens	Embryonic kidney fibroblasts
CHEMBL944326	CHO	CHO (Ovarian cells)	Cricetulus griseus	Ovarian cells
CHEMBL948485	HEK293	HEK293 (Embryonic kidney fibroblasts)	Homo sapiens	Embryonic kidney fibroblasts
CHEMBL943380	NULL	NULL	NULL	NULL
CHEMBL944378	CHO	CHO (Ovarian cells)	Cricetulus griseus	Ovarian cells
CHEMBL949428	NULL	NULL	NULL	NULL
CHEMBL1008907	NULL	NULL	NULL	NULL
CHEMBL1006977	NULL	NULL	NULL	NULL
CHEMBL1007876	NULL	NULL	NULL	NULL
CHEMBL1004593	NULL	NULL	NULL	NULL
CHEMBL1006160	NULL	NULL	NULL	NULL
CHEMBL1008798	NULL	NULL	NULL	NULL
CHEMBL1002098	HEK293	HEK293 (Embryonic kidney fibroblasts)	Homo sapiens	Embryonic kidney fibroblasts
CHEMBL1003701	NULL	NULL	NULL	NULL
CHEMBL967818	NULL	NULL	NULL	NULL
CHEMBL967819	NULL	NULL	NULL	NULL
CHEMBL1021966	HEK293	HEK293 (Embryonic kidney fibroblasts)	Homo sapiens	Embryonic kidney fibroblasts
CHEMBL1014963	HEK293	HEK293 (Embryonic kidney fibroblasts)	Homo sapiens	Embryonic kidney fibroblasts
CHEMBL1015853	NULL	NULL	NULL	NULL
CHEMBL1021997	NULL	NULL	NULL	NULL
CHEMBL1022012	HEK293	HEK293 (Embryonic kidney fibroblasts)	Homo sapiens	Embryonic kidney fibroblasts
CHEMBL1022018	NULL	NULL	NULL	NULL
CHEMBL1022019	NULL	NULL	NULL	NULL
CHEMBL968700	NULL	NULL	NULL	NULL
CHEMBL968701	HEK293	HEK293 (Embryonic kidney fibroblasts)	Homo sapiens	Embryonic kidney fibroblasts
CHEMBL972461	NULL	NULL	NULL	NULL
CHEMBL972465	HEK293	HEK293 (Embryonic kidney fibroblasts)	Homo sapiens	Embryonic kidney fibroblasts
CHEMBL970460	NULL	NULL	NULL	NULL
CHEMBL1009664	NULL	NULL	NULL	NULL
CHEMBL1017620	HEK293	HEK293 (Embryonic kidney fibroblasts)	Homo sapiens	Embryonic kidney fibroblasts
CHEMBL975252	NULL	NULL	NULL	NULL
CHEMBL976148	CHO	CHO (Ovarian cells)	Cricetulus griseus	Ovarian cells
CHEMBL976158	NULL	NULL	NULL	NULL
CHEMBL993708	HEK293	HEK293 (Embryonic kidney fibroblasts)	Homo sapiens	Embryonic kidney fibroblasts
CHEMBL985007	NULL	NULL	NULL	NULL
CHEMBL998723	NULL	NULL	NULL	NULL
CHEMBL996060	NULL	NULL	NULL	NULL
CHEMBL968040	NULL	NULL	NULL	NULL
CHEMBL968970	NULL	NULL	NULL	NULL
CHEMBL980758	NULL	NULL	NULL	NULL
CHEMBL980868	NULL	NULL	NULL	NULL
CHEMBL973619	CHO	CHO (Ovarian cells)	Cricetulus griseus	Ovarian cells
CHEMBL978140	NULL	NULL	NULL	NULL
CHEMBL979037	NULL	NULL	NULL	NULL
CHEMBL975423	NULL	NULL	NULL	NULL
CHEMBL976349	NULL	NULL	NULL	NULL
CHEMBL979986	NULL	NULL	NULL	NULL
CHEMBL976416	COS-7	COS-7 (Kidney cells)	Chlorocebus aethiops	Kidney cells
CHEMBL1025527	NULL	NULL	NULL	NULL
CHEMBL993079	NULL	NULL	NULL	NULL
CHEMBL993087	NULL	NULL	NULL	NULL
CHEMBL987763	NULL	NULL	NULL	NULL
CHEMBL957054	NULL	NULL	NULL	NULL
CHEMBL939830	HEK293	HEK293 (Embryonic kidney fibroblasts)	Homo sapiens	Embryonic kidney fibroblasts
CHEMBL944648	NULL	NULL	NULL	NULL
CHEMBL947755	NULL	NULL	NULL	NULL
CHEMBL960380	NULL	NULL	NULL	NULL
CHEMBL939877	NULL	NULL	NULL	NULL
CHEMBL1007470	HEK293	HEK293 (Embryonic kidney fibroblasts)	Homo sapiens	Embryonic kidney fibroblasts
CHEMBL998044	CHO	CHO (Ovarian cells)	Cricetulus griseus	Ovarian cells
CHEMBL1001516	NULL	NULL	NULL	NULL
CHEMBL1001517	NULL	NULL	NULL	NULL
CHEMBL985176	Oocyte	Ooctyes	Xenopus laevis	NULL
CHEMBL988126	NULL	NULL	NULL	NULL
CHEMBL989030	HEK293	HEK293 (Embryonic kidney fibroblasts)	Homo sapiens	Embryonic kidney fibroblasts
CHEMBL985480	NULL	NULL	NULL	NULL
CHEMBL990785	NULL	NULL	NULL	NULL
CHEMBL986141	HEK293	HEK293 (Embryonic kidney fibroblasts)	Homo sapiens	Embryonic kidney fibroblasts
CHEMBL988836	HEK293	HEK293 (Embryonic kidney fibroblasts)	Homo sapiens	Embryonic kidney fibroblasts
CHEMBL984535	HEK293	HEK293 (Embryonic kidney fibroblasts)	Homo sapiens	Embryonic kidney fibroblasts
CHEMBL981857	HEK293	HEK293 (Embryonic kidney fibroblasts)	Homo sapiens	Embryonic kidney fibroblasts
CHEMBL1031436	NULL	NULL	NULL	NULL
CHEMBL1033089	NULL	NULL	NULL	NULL
CHEMBL1033907	HEK293	HEK293 (Embryonic kidney fibroblasts)	Homo sapiens	Embryonic kidney fibroblasts
CHEMBL1035711	NULL	NULL	NULL	NULL
CHEMBL1027247	HEK293	HEK293 (Embryonic kidney fibroblasts)	Homo sapiens	Embryonic kidney fibroblasts
CHEMBL1032303	NULL	NULL	NULL	NULL
CHEMBL1024839	NULL	NULL	NULL	NULL
CHEMBL1036648	HEK293	HEK293 (Embryonic kidney fibroblasts)	Homo sapiens	Embryonic kidney fibroblasts
CHEMBL1027290	NULL	NULL	NULL	NULL
CHEMBL1027291	NULL	NULL	NULL	NULL
CHEMBL1030632	NULL	NULL	NULL	NULL
CHEMBL1026571	NULL	NULL	NULL	NULL
CHEMBL1034067	HEK293	HEK293 (Embryonic kidney fibroblasts)	Homo sapiens	Embryonic kidney fibroblasts
CHEMBL1034068	HEK293	HEK293 (Embryonic kidney fibroblasts)	Homo sapiens	Embryonic kidney fibroblasts
CHEMBL1011666	HEK293	HEK293 (Embryonic kidney fibroblasts)	Homo sapiens	Embryonic kidney fibroblasts
CHEMBL1011668	HEK293	HEK293 (Embryonic kidney fibroblasts)	Homo sapiens	Embryonic kidney fibroblasts
CHEMBL1011669	HEK293	HEK293 (Embryonic kidney fibroblasts)	Homo sapiens	Embryonic kidney fibroblasts
CHEMBL1011671	HEK293	HEK293 (Embryonic kidney fibroblasts)	Homo sapiens	Embryonic kidney fibroblasts
CHEMBL1011672	HEK293	HEK293 (Embryonic kidney fibroblasts)	Homo sapiens	Embryonic kidney fibroblasts
CHEMBL1011674	HEK293	HEK293 (Embryonic kidney fibroblasts)	Homo sapiens	Embryonic kidney fibroblasts
CHEMBL1011676	HEK293	HEK293 (Embryonic kidney fibroblasts)	Homo sapiens	Embryonic kidney fibroblasts
CHEMBL1011677	HEK293	HEK293 (Embryonic kidney fibroblasts)	Homo sapiens	Embryonic kidney fibroblasts
CHEMBL1011678	HEK293	HEK293 (Embryonic kidney fibroblasts)	Homo sapiens	Embryonic kidney fibroblasts
CHEMBL1011698	NULL	NULL	NULL	NULL
CHEMBL1023104	NULL	NULL	NULL	NULL
CHEMBL1018632	NULL	NULL	NULL	NULL
CHEMBL1019465	HEK293	HEK293 (Embryonic kidney fibroblasts)	Homo sapiens	Embryonic kidney fibroblasts
CHEMBL1009827	NULL	NULL	NULL	NULL
CHEMBL1020710	Ventricular myocyte	Regular ventricular cardiac myocyte	NULL	NULL
CHEMBL1020711	Ventricular myocyte	Regular ventricular cardiac myocyte	NULL	NULL
CHEMBL1027667	NULL	NULL	NULL	NULL
CHEMBL1027668	NULL	NULL	NULL	NULL
CHEMBL1027669	NULL	NULL	NULL	NULL
CHEMBL954009	HEK293	HEK293 (Embryonic kidney fibroblasts)	Homo sapiens	Embryonic kidney fibroblasts
CHEMBL953933	HEK293	HEK293 (Embryonic kidney fibroblasts)	Homo sapiens	Embryonic kidney fibroblasts
CHEMBL962058	HEK293	HEK293 (Embryonic kidney fibroblasts)	Homo sapiens	Embryonic kidney fibroblasts
CHEMBL962059	HEK293	HEK293 (Embryonic kidney fibroblasts)	Homo sapiens	Embryonic kidney fibroblasts
CHEMBL962062	NULL	NULL	NULL	NULL
CHEMBL962063	NULL	NULL	NULL	NULL
CHEMBL953428	NULL	NULL	NULL	NULL
CHEMBL954102	CHO	CHO (Ovarian cells)	Cricetulus griseus	Ovarian cells
CHEMBL958151	CHO-K1	CHO-K1 (Ovarian cells)	Cricetulus griseus	Ovarian cells
CHEMBL958152	HEK293	HEK293 (Embryonic kidney fibroblasts)	Homo sapiens	Embryonic kidney fibroblasts
CHEMBL962309	NULL	NULL	NULL	NULL
CHEMBL956578	HEK293	HEK293 (Embryonic kidney fibroblasts)	Homo sapiens	Embryonic kidney fibroblasts
CHEMBL954169	HEK293	HEK293 (Embryonic kidney fibroblasts)	Homo sapiens	Embryonic kidney fibroblasts
CHEMBL1022593	NULL	NULL	NULL	NULL
CHEMBL1016403	NULL	NULL	NULL	NULL
CHEMBL1018131	NULL	NULL	NULL	NULL
CHEMBL1013717	NULL	NULL	NULL	NULL
CHEMBL1013741	NULL	NULL	NULL	NULL
CHEMBL1019587	NULL	NULL	NULL	NULL
CHEMBL1022279	NULL	NULL	NULL	NULL
CHEMBL1010854	NULL	NULL	NULL	NULL
CHEMBL1011722	NULL	NULL	NULL	NULL
CHEMBL1015312	NULL	NULL	NULL	NULL
CHEMBL1010978	NULL	NULL	NULL	NULL
CHEMBL1011901	NULL	NULL	NULL	NULL
CHEMBL954296	HEK293	HEK293 (Embryonic kidney fibroblasts)	Homo sapiens	Embryonic kidney fibroblasts
CHEMBL963244	NULL	NULL	NULL	NULL
CHEMBL953566	NULL	NULL	NULL	NULL
CHEMBL958338	NULL	NULL	NULL	NULL
CHEMBL1030736	NULL	NULL	NULL	NULL
CHEMBL1023476	HEK293	HEK293 (Embryonic kidney fibroblasts)	Homo sapiens	Embryonic kidney fibroblasts
CHEMBL1023674	MCF7	MCF7 (Breast carcinoma cells)	Homo sapiens	Breast carcinoma cells
CHEMBL1024606	HEK293	HEK293 (Embryonic kidney fibroblasts)	Homo sapiens	Embryonic kidney fibroblasts
CHEMBL1024607	HEK293	HEK293 (Embryonic kidney fibroblasts)	Homo sapiens	Embryonic kidney fibroblasts
CHEMBL1031025	NULL	NULL	NULL	NULL
CHEMBL1025211	HEK293	HEK293 (Embryonic kidney fibroblasts)	Homo sapiens	Embryonic kidney fibroblasts
CHEMBL1036186	NULL	NULL	NULL	NULL
CHEMBL1051458	HEK293	HEK293 (Embryonic kidney fibroblasts)	Homo sapiens	Embryonic kidney fibroblasts
CHEMBL1052982	HEK293	HEK293 (Embryonic kidney fibroblasts)	Homo sapiens	Embryonic kidney fibroblasts
CHEMBL1052984	NULL	NULL	NULL	NULL
CHEMBL1024556	NULL	NULL	NULL	NULL
CHEMBL1034538	HEK293	HEK293 (Embryonic kidney fibroblasts)	Homo sapiens	Embryonic kidney fibroblasts
CHEMBL1057876	NULL	NULL	NULL	NULL
CHEMBL1063963	NULL	NULL	NULL	NULL
CHEMBL1063998	NULL	NULL	NULL	NULL
CHEMBL1063073	NULL	NULL	NULL	NULL
CHEMBL1054706	HEK293	HEK293 (Embryonic kidney fibroblasts)	Homo sapiens	Embryonic kidney fibroblasts
CHEMBL1055593	HEK293	HEK293 (Embryonic kidney fibroblasts)	Homo sapiens	Embryonic kidney fibroblasts
CHEMBL1058832	NULL	NULL	NULL	NULL
CHEMBL1063190	CHO	CHO (Ovarian cells)	Cricetulus griseus	Ovarian cells
CHEMBL1063193	CHO	CHO (Ovarian cells)	Cricetulus griseus	Ovarian cells
CHEMBL1063195	CHO	CHO (Ovarian cells)	Cricetulus griseus	Ovarian cells
CHEMBL1061548	HEK293	HEK293 (Embryonic kidney fibroblasts)	Homo sapiens	Embryonic kidney fibroblasts
CHEMBL1059726	NULL	NULL	NULL	NULL
CHEMBL1059728	NULL	NULL	NULL	NULL
CHEMBL1063264	NULL	NULL	NULL	NULL
CHEMBL1051701	NULL	NULL	NULL	NULL
CHEMBL1051709	NULL	NULL	NULL	NULL
CHEMBL1053972	NULL	NULL	NULL	NULL
CHEMBL1052485	NULL	NULL	NULL	NULL
CHEMBL1053229	HEK293	HEK293 (Embryonic kidney fibroblasts)	Homo sapiens	Embryonic kidney fibroblasts
CHEMBL1059781	HEK293	HEK293 (Embryonic kidney fibroblasts)	Homo sapiens	Embryonic kidney fibroblasts
CHEMBL1064182	NULL	NULL	NULL	NULL
CHEMBL1062483	NULL	NULL	NULL	NULL
CHEMBL1062488	NULL	NULL	NULL	NULL
CHEMBL1063374	NULL	NULL	NULL	NULL
CHEMBL1061556	NULL	NULL	NULL	NULL
CHEMBL1054110	NULL	NULL	NULL	NULL
CHEMBL1059865	NULL	NULL	NULL	NULL
CHEMBL1060814	HEK293	HEK293 (Embryonic kidney fibroblasts)	Homo sapiens	Embryonic kidney fibroblasts
CHEMBL1060824	HEK293	HEK293 (Embryonic kidney fibroblasts)	Homo sapiens	Embryonic kidney fibroblasts
CHEMBL1051047	CHO	CHO (Ovarian cells)	Cricetulus griseus	Ovarian cells
CHEMBL1061682	NULL	NULL	NULL	NULL
CHEMBL1051824	HEK293	HEK293 (Embryonic kidney fibroblasts)	Homo sapiens	Embryonic kidney fibroblasts
CHEMBL1051852	CHO-K1	CHO-K1 (Ovarian cells)	Cricetulus griseus	Ovarian cells
CHEMBL1056550	HEK293	HEK293 (Embryonic kidney fibroblasts)	Homo sapiens	Embryonic kidney fibroblasts
CHEMBL1059036	NULL	NULL	NULL	NULL
CHEMBL1055806	NULL	NULL	NULL	NULL
CHEMBL1061741	CHO	CHO (Ovarian cells)	Cricetulus griseus	Ovarian cells
CHEMBL1060930	HEK293	HEK293 (Embryonic kidney fibroblasts)	Homo sapiens	Embryonic kidney fibroblasts
CHEMBL1060931	HEK293	HEK293 (Embryonic kidney fibroblasts)	Homo sapiens	Embryonic kidney fibroblasts
CHEMBL1062741	NULL	NULL	NULL	NULL
CHEMBL1043076	NULL	NULL	NULL	NULL
CHEMBL1043077	NULL	NULL	NULL	NULL
CHEMBL1050865	HEK293	HEK293 (Embryonic kidney fibroblasts)	Homo sapiens	Embryonic kidney fibroblasts
CHEMBL1054528	HEK293	HEK293 (Embryonic kidney fibroblasts)	Homo sapiens	Embryonic kidney fibroblasts
CHEMBL1054533	HEK293	HEK293 (Embryonic kidney fibroblasts)	Homo sapiens	Embryonic kidney fibroblasts
CHEMBL1054534	HEK293	HEK293 (Embryonic kidney fibroblasts)	Homo sapiens	Embryonic kidney fibroblasts
CHEMBL1054535	HEK293	HEK293 (Embryonic kidney fibroblasts)	Homo sapiens	Embryonic kidney fibroblasts
CHEMBL1052905	NULL	NULL	NULL	NULL
CHEMBL1042327	NULL	NULL	NULL	NULL
CHEMBL1042376	NULL	NULL	NULL	NULL
CHEMBL1050164	NULL	NULL	NULL	NULL
CHEMBL1046692	NULL	NULL	NULL	NULL
CHEMBL1043202	NULL	NULL	NULL	NULL
CHEMBL1039568	NULL	NULL	NULL	NULL
CHEMBL1039573	CHO	CHO (Ovarian cells)	Cricetulus griseus	Ovarian cells
CHEMBL1039575	CHO	CHO (Ovarian cells)	Cricetulus griseus	Ovarian cells
CHEMBL1039578	CHO	CHO (Ovarian cells)	Cricetulus griseus	Ovarian cells
CHEMBL1040540	NULL	NULL	NULL	NULL
CHEMBL1045843	CHO-K1	CHO-K1 (Ovarian cells)	Cricetulus griseus	Ovarian cells
CHEMBL1045845	CHO-K1	CHO-K1 (Ovarian cells)	Cricetulus griseus	Ovarian cells
CHEMBL1036922	CHO-K1	CHO-K1 (Ovarian cells)	Cricetulus griseus	Ovarian cells
CHEMBL1036923	CHO-K1	CHO-K1 (Ovarian cells)	Cricetulus griseus	Ovarian cells
CHEMBL1036924	CHO-K1	CHO-K1 (Ovarian cells)	Cricetulus griseus	Ovarian cells
CHEMBL1036925	CHO-K1	CHO-K1 (Ovarian cells)	Cricetulus griseus	Ovarian cells
CHEMBL1036926	CHO-K1	CHO-K1 (Ovarian cells)	Cricetulus griseus	Ovarian cells
CHEMBL1036927	CHO-K1	CHO-K1 (Ovarian cells)	Cricetulus griseus	Ovarian cells
CHEMBL1036928	CHO-K1	CHO-K1 (Ovarian cells)	Cricetulus griseus	Ovarian cells
CHEMBL1036929	HEK293	HEK293 (Embryonic kidney fibroblasts)	Homo sapiens	Embryonic kidney fibroblasts
CHEMBL1042532	HEK293	HEK293 (Embryonic kidney fibroblasts)	Homo sapiens	Embryonic kidney fibroblasts
CHEMBL1049590	NULL	NULL	NULL	NULL
CHEMBL1038976	NULL	NULL	NULL	NULL
CHEMBL1041817	NULL	NULL	NULL	NULL
CHEMBL1048874	HEK293	HEK293 (Embryonic kidney fibroblasts)	Homo sapiens	Embryonic kidney fibroblasts
CHEMBL1039906	HEK293	HEK293 (Embryonic kidney fibroblasts)	Homo sapiens	Embryonic kidney fibroblasts
CHEMBL1039907	HEK293	HEK293 (Embryonic kidney fibroblasts)	Homo sapiens	Embryonic kidney fibroblasts
CHEMBL1039908	HEK293	HEK293 (Embryonic kidney fibroblasts)	Homo sapiens	Embryonic kidney fibroblasts
CHEMBL1039909	HEK293	HEK293 (Embryonic kidney fibroblasts)	Homo sapiens	Embryonic kidney fibroblasts
CHEMBL1039910	HEK293	HEK293 (Embryonic kidney fibroblasts)	Homo sapiens	Embryonic kidney fibroblasts
CHEMBL1039911	HEK293	HEK293 (Embryonic kidney fibroblasts)	Homo sapiens	Embryonic kidney fibroblasts
CHEMBL1039912	HEK293	HEK293 (Embryonic kidney fibroblasts)	Homo sapiens	Embryonic kidney fibroblasts
CHEMBL1039970	NULL	NULL	NULL	NULL
CHEMBL1039122	HEK293	HEK293 (Embryonic kidney fibroblasts)	Homo sapiens	Embryonic kidney fibroblasts
CHEMBL1042690	HEK293	HEK293 (Embryonic kidney fibroblasts)	Homo sapiens	Embryonic kidney fibroblasts
CHEMBL1049781	NULL	NULL	NULL	NULL
CHEMBL1043534	NULL	NULL	NULL	NULL
CHEMBL1044431	NULL	NULL	NULL	NULL
CHEMBL1039315	CHO	CHO (Ovarian cells)	Cricetulus griseus	Ovarian cells
CHEMBL1047263	NULL	NULL	NULL	NULL
CHEMBL1047209	NULL	NULL	NULL	NULL
CHEMBL1041011	NULL	NULL	NULL	NULL
CHEMBL1047320	HEK293	HEK293 (Embryonic kidney fibroblasts)	Homo sapiens	Embryonic kidney fibroblasts
CHEMBL1048091	L929	L929 (Fibroblast cells)	Mus musculus	Fibroblast cells
CHEMBL1048092	L929	L929 (Fibroblast cells)	Mus musculus	Fibroblast cells
CHEMBL1046361	NULL	NULL	NULL	NULL
CHEMBL1039278	NULL	NULL	NULL	NULL
CHEMBL1041067	NULL	NULL	NULL	NULL
CHEMBL1041068	NULL	NULL	NULL	NULL
CHEMBL1047805	HEK293	HEK293 (Embryonic kidney fibroblasts)	Homo sapiens	Embryonic kidney fibroblasts
CHEMBL1047806	HEK293	HEK293 (Embryonic kidney fibroblasts)	Homo sapiens	Embryonic kidney fibroblasts
CHEMBL1045136	HEK293	HEK293 (Embryonic kidney fibroblasts)	Homo sapiens	Embryonic kidney fibroblasts
CHEMBL1068556	NULL	NULL	NULL	NULL
CHEMBL1069964	NULL	NULL	NULL	NULL
CHEMBL1070001	NULL	NULL	NULL	NULL
CHEMBL1072008	NULL	NULL	NULL	NULL
CHEMBL1072032	NULL	NULL	NULL	NULL
CHEMBL1072651	NULL	NULL	NULL	NULL
CHEMBL1074664	NULL	NULL	NULL	NULL
CHEMBL1066164	NULL	NULL	NULL	NULL
CHEMBL1066913	NULL	NULL	NULL	NULL
CHEMBL1066915	NULL	NULL	NULL	NULL
CHEMBL1069062	NULL	NULL	NULL	NULL
CHEMBL1066810	NULL	NULL	NULL	NULL
CHEMBL1070712	NULL	NULL	NULL	NULL
CHEMBL1069754	NULL	NULL	NULL	NULL
CHEMBL1070389	NULL	NULL	NULL	NULL
CHEMBL1071753	NULL	NULL	NULL	NULL
CHEMBL1068016	HEK293	HEK293 (Embryonic kidney fibroblasts)	Homo sapiens	Embryonic kidney fibroblasts
CHEMBL1068017	HEK293	HEK293 (Embryonic kidney fibroblasts)	Homo sapiens	Embryonic kidney fibroblasts
CHEMBL1071416	HEK293	HEK293 (Embryonic kidney fibroblasts)	Homo sapiens	Embryonic kidney fibroblasts
CHEMBL1073464	NULL	NULL	NULL	NULL
CHEMBL1065722	NULL	NULL	NULL	NULL
CHEMBL1065723	NULL	NULL	NULL	NULL
CHEMBL1065724	NULL	NULL	NULL	NULL
CHEMBL1065725	NULL	NULL	NULL	NULL
CHEMBL1069497	NULL	NULL	NULL	NULL
CHEMBL1070849	NULL	NULL	NULL	NULL
CHEMBL1070850	NULL	NULL	NULL	NULL
CHEMBL1073582	NULL	NULL	NULL	NULL
CHEMBL1074123	HEK293	HEK293 (Embryonic kidney fibroblasts)	Homo sapiens	Embryonic kidney fibroblasts
CHEMBL1074124	NULL	NULL	NULL	NULL
CHEMBL1073649	NULL	NULL	NULL	NULL
CHEMBL1068919	NULL	NULL	NULL	NULL
CHEMBL1068920	NULL	NULL	NULL	NULL
CHEMBL1106923	NULL	NULL	NULL	NULL
CHEMBL1108729	NULL	NULL	NULL	NULL
CHEMBL1108730	HEK293	HEK293 (Embryonic kidney fibroblasts)	Homo sapiens	Embryonic kidney fibroblasts
CHEMBL1111479	NULL	NULL	NULL	NULL
CHEMBL1104217	NULL	NULL	NULL	NULL
CHEMBL1101945	NULL	NULL	NULL	NULL
CHEMBL1102324	NULL	NULL	NULL	NULL
CHEMBL1100678	NULL	NULL	NULL	NULL
CHEMBL1103133	NULL	NULL	NULL	NULL
CHEMBL1101904	HEK293	HEK293 (Embryonic kidney fibroblasts)	Homo sapiens	Embryonic kidney fibroblasts
CHEMBL1112305	NULL	NULL	NULL	NULL
CHEMBL1114086	NULL	NULL	NULL	NULL
CHEMBL1100152	NULL	NULL	NULL	NULL
CHEMBL1113040	CHO	CHO (Ovarian cells)	Cricetulus griseus	Ovarian cells
CHEMBL1107671	NULL	NULL	NULL	NULL
CHEMBL1107673	NULL	NULL	NULL	NULL
CHEMBL1109288	NULL	NULL	NULL	NULL
CHEMBL1105838	NULL	NULL	NULL	NULL
CHEMBL1116644	NULL	NULL	NULL	NULL
CHEMBL1116645	NULL	NULL	NULL	NULL
CHEMBL1112218	HEK293	HEK293 (Embryonic kidney fibroblasts)	Homo sapiens	Embryonic kidney fibroblasts
CHEMBL1114387	COS-7	COS-7 (Kidney cells)	Chlorocebus aethiops	Kidney cells
CHEMBL1114418	COS-7	COS-7 (Kidney cells)	Chlorocebus aethiops	Kidney cells
CHEMBL1116908	CHO	CHO (Ovarian cells)	Cricetulus griseus	Ovarian cells
CHEMBL1103407	NULL	NULL	NULL	NULL
CHEMBL1106981	NULL	NULL	NULL	NULL
CHEMBL1106982	HEK293	HEK293 (Embryonic kidney fibroblasts)	Homo sapiens	Embryonic kidney fibroblasts
CHEMBL1107888	NULL	NULL	NULL	NULL
CHEMBL1107892	NULL	NULL	NULL	NULL
CHEMBL1108768	NULL	NULL	NULL	NULL
CHEMBL1111587	NULL	NULL	NULL	NULL
CHEMBL1111592	NULL	NULL	NULL	NULL
CHEMBL1112472	NULL	NULL	NULL	NULL
CHEMBL1107054	NULL	NULL	NULL	NULL
CHEMBL1107055	NULL	NULL	NULL	NULL
CHEMBL1114347	NULL	NULL	NULL	NULL
CHEMBL1115186	NULL	NULL	NULL	NULL
CHEMBL1115187	NULL	NULL	NULL	NULL
CHEMBL1111711	CHO	CHO (Ovarian cells)	Cricetulus griseus	Ovarian cells
CHEMBL1111712	HEK293	HEK293 (Embryonic kidney fibroblasts)	Homo sapiens	Embryonic kidney fibroblasts
CHEMBL1104433	NULL	NULL	NULL	NULL
CHEMBL1117016	NULL	NULL	NULL	NULL
CHEMBL1117033	NULL	NULL	NULL	NULL
CHEMBL1117034	NULL	NULL	NULL	NULL
CHEMBL1104518	NULL	NULL	NULL	NULL
CHEMBL1110809	NULL	NULL	NULL	NULL
CHEMBL1110812	NULL	NULL	NULL	NULL
CHEMBL1108890	NULL	NULL	NULL	NULL
CHEMBL1116226	NULL	NULL	NULL	NULL
CHEMBL1116227	NULL	NULL	NULL	NULL
CHEMBL1114477	NULL	NULL	NULL	NULL
CHEMBL1121010	NULL	NULL	NULL	NULL
CHEMBL1105770	NULL	NULL	NULL	NULL
CHEMBL1105771	NULL	NULL	NULL	NULL
CHEMBL1121059	NULL	NULL	NULL	NULL
CHEMBL1121074	HEK293	HEK293 (Embryonic kidney fibroblasts)	Homo sapiens	Embryonic kidney fibroblasts
CHEMBL1121075	HEK293	HEK293 (Embryonic kidney fibroblasts)	Homo sapiens	Embryonic kidney fibroblasts
CHEMBL1121076	HEK293	HEK293 (Embryonic kidney fibroblasts)	Homo sapiens	Embryonic kidney fibroblasts
CHEMBL1121077	HEK293	HEK293 (Embryonic kidney fibroblasts)	Homo sapiens	Embryonic kidney fibroblasts
CHEMBL1121078	HEK293	HEK293 (Embryonic kidney fibroblasts)	Homo sapiens	Embryonic kidney fibroblasts
CHEMBL1121085	HEK293	HEK293 (Embryonic kidney fibroblasts)	Homo sapiens	Embryonic kidney fibroblasts
CHEMBL1110017	NULL	NULL	NULL	NULL
CHEMBL1110020	HEK293	HEK293 (Embryonic kidney fibroblasts)	Homo sapiens	Embryonic kidney fibroblasts
CHEMBL1110021	NULL	NULL	NULL	NULL
CHEMBL1110022	NULL	NULL	NULL	NULL
CHEMBL1110023	NULL	NULL	NULL	NULL
CHEMBL1105740	HEK293	HEK293 (Embryonic kidney fibroblasts)	Homo sapiens	Embryonic kidney fibroblasts
CHEMBL1106557	HEK293	HEK293 (Embryonic kidney fibroblasts)	Homo sapiens	Embryonic kidney fibroblasts
CHEMBL1113809	NULL	NULL	NULL	NULL
CHEMBL1117343	NULL	NULL	NULL	NULL
CHEMBL1111982	NULL	NULL	NULL	NULL
CHEMBL1106513	HEK293	HEK293 (Embryonic kidney fibroblasts)	Homo sapiens	Embryonic kidney fibroblasts
CHEMBL1106514	NULL	NULL	NULL	NULL
CHEMBL1106530	NULL	NULL	NULL	NULL
CHEMBL1106535	HEK293	HEK293 (Embryonic kidney fibroblasts)	Homo sapiens	Embryonic kidney fibroblasts
CHEMBL1112964	HEK293	HEK293 (Embryonic kidney fibroblasts)	Homo sapiens	Embryonic kidney fibroblasts
CHEMBL1107480	CHO	CHO (Ovarian cells)	Cricetulus griseus	Ovarian cells
CHEMBL1107481	CHO	CHO (Ovarian cells)	Cricetulus griseus	Ovarian cells
CHEMBL1116382	CHO-K1	CHO-K1 (Ovarian cells)	Cricetulus griseus	Ovarian cells
CHEMBL1118606	NULL	NULL	NULL	NULL
CHEMBL1118846	NULL	NULL	NULL	NULL
CHEMBL1118858	NULL	NULL	NULL	NULL
CHEMBL1118859	NULL	NULL	NULL	NULL
CHEMBL1118860	NULL	NULL	NULL	NULL
CHEMBL1119996	NULL	NULL	NULL	NULL
CHEMBL1120468	HEK293	HEK293 (Embryonic kidney fibroblasts)	Homo sapiens	Embryonic kidney fibroblasts
CHEMBL1119163	NULL	NULL	NULL	NULL
CHEMBL1119164	NULL	NULL	NULL	NULL
CHEMBL1119165	NULL	NULL	NULL	NULL
CHEMBL1119785	NULL	NULL	NULL	NULL
CHEMBL1120719	HEK293	HEK293 (Embryonic kidney fibroblasts)	Homo sapiens	Embryonic kidney fibroblasts
CHEMBL1120746	NULL	NULL	NULL	NULL
CHEMBL1120444	CHO	CHO (Ovarian cells)	Cricetulus griseus	Ovarian cells
CHEMBL1118090	NULL	NULL	NULL	NULL
CHEMBL1118799	CHO	CHO (Ovarian cells)	Cricetulus griseus	Ovarian cells
CHEMBL1120476	NULL	NULL	NULL	NULL
CHEMBL1120514	NULL	NULL	NULL	NULL
CHEMBL1117803	HEK293	HEK293 (Embryonic kidney fibroblasts)	Homo sapiens	Embryonic kidney fibroblasts
CHEMBL1118597	NULL	NULL	NULL	NULL
CHEMBL1120057	NULL	NULL	NULL	NULL
CHEMBL1120225	NULL	NULL	NULL	NULL
CHEMBL1120660	NULL	NULL	NULL	NULL
CHEMBL1120664	NULL	NULL	NULL	NULL
CHEMBL1174018	NULL	NULL	NULL	NULL
CHEMBL1174019	NULL	NULL	NULL	NULL
CHEMBL1174519	NULL	NULL	NULL	NULL
CHEMBL1175154	HEK293	HEK293 (Embryonic kidney fibroblasts)	Homo sapiens	Embryonic kidney fibroblasts
CHEMBL1175155	HEK293	HEK293 (Embryonic kidney fibroblasts)	Homo sapiens	Embryonic kidney fibroblasts
CHEMBL1175156	HEK293	HEK293 (Embryonic kidney fibroblasts)	Homo sapiens	Embryonic kidney fibroblasts
CHEMBL1175788	NULL	NULL	NULL	NULL
CHEMBL1175789	NULL	NULL	NULL	NULL
CHEMBL1175790	NULL	NULL	NULL	NULL
CHEMBL1176445	NULL	NULL	NULL	NULL
CHEMBL1176475	NULL	NULL	NULL	NULL
CHEMBL1176476	NULL	NULL	NULL	NULL
CHEMBL1176236	HEK293	HEK293 (Embryonic kidney fibroblasts)	Homo sapiens	Embryonic kidney fibroblasts
CHEMBL1177037	CHO	CHO (Ovarian cells)	Cricetulus griseus	Ovarian cells
CHEMBL1211744	NULL	NULL	NULL	NULL
CHEMBL1211955	NULL	NULL	NULL	NULL
CHEMBL1211970	NULL	NULL	NULL	NULL
CHEMBL1211976	NULL	NULL	NULL	NULL
CHEMBL1212048	NULL	NULL	NULL	NULL
CHEMBL1211615	NULL	NULL	NULL	NULL
CHEMBL1211587	HEK293	HEK293 (Embryonic kidney fibroblasts)	Homo sapiens	Embryonic kidney fibroblasts
CHEMBL1217370	HEK293	HEK293 (Embryonic kidney fibroblasts)	Homo sapiens	Embryonic kidney fibroblasts
CHEMBL1217643	NULL	NULL	NULL	NULL
CHEMBL1217440	NULL	NULL	NULL	NULL
CHEMBL1218978	NULL	NULL	NULL	NULL
CHEMBL1219104	NULL	NULL	NULL	NULL
CHEMBL1219105	NULL	NULL	NULL	NULL
CHEMBL1219226	HEK293	HEK293 (Embryonic kidney fibroblasts)	Homo sapiens	Embryonic kidney fibroblasts
CHEMBL1219227	HEK293	HEK293 (Embryonic kidney fibroblasts)	Homo sapiens	Embryonic kidney fibroblasts
CHEMBL1219614	NULL	NULL	NULL	NULL
CHEMBL1219663	NULL	NULL	NULL	NULL
CHEMBL1227350	NULL	NULL	NULL	NULL
CHEMBL1227789	NULL	NULL	NULL	NULL
CHEMBL1227232	NULL	NULL	NULL	NULL
CHEMBL1227661	NULL	NULL	NULL	NULL
CHEMBL1228485	NULL	NULL	NULL	NULL
CHEMBL1225490	NULL	NULL	NULL	NULL
CHEMBL1225700	NULL	NULL	NULL	NULL
CHEMBL1225828	NULL	NULL	NULL	NULL
CHEMBL1225864	NULL	NULL	NULL	NULL
CHEMBL1226090	NULL	NULL	NULL	NULL
CHEMBL1246028	NULL	NULL	NULL	NULL
CHEMBL1248651	NULL	NULL	NULL	NULL
CHEMBL1248763	NULL	NULL	NULL	NULL
CHEMBL1247037	NULL	NULL	NULL	NULL
CHEMBL1247719	NULL	NULL	NULL	NULL
CHEMBL1247720	NULL	NULL	NULL	NULL
CHEMBL1247721	NULL	NULL	NULL	NULL
CHEMBL1247722	NULL	NULL	NULL	NULL
CHEMBL1251106	NULL	NULL	NULL	NULL
CHEMBL1259359	NULL	NULL	NULL	NULL
CHEMBL1260554	HEK293	HEK293 (Embryonic kidney fibroblasts)	Homo sapiens	Embryonic kidney fibroblasts
CHEMBL1260557	NULL	NULL	NULL	NULL
CHEMBL1261328	NULL	NULL	NULL	NULL
CHEMBL1261329	NULL	NULL	NULL	NULL
CHEMBL1261450	NULL	NULL	NULL	NULL
CHEMBL1274956	NULL	NULL	NULL	NULL
CHEMBL1274957	NULL	NULL	NULL	NULL
CHEMBL1275133	HEK293	HEK293 (Embryonic kidney fibroblasts)	Homo sapiens	Embryonic kidney fibroblasts
CHEMBL1275154	HEK293	HEK293 (Embryonic kidney fibroblasts)	Homo sapiens	Embryonic kidney fibroblasts
CHEMBL1275178	NULL	NULL	NULL	NULL
CHEMBL1274536	HEK293	HEK293 (Embryonic kidney fibroblasts)	Homo sapiens	Embryonic kidney fibroblasts
CHEMBL1272885	NULL	NULL	NULL	NULL
CHEMBL1272891	NULL	NULL	NULL	NULL
CHEMBL1272892	NULL	NULL	NULL	NULL
CHEMBL1272988	NULL	NULL	NULL	NULL
CHEMBL1273133	NULL	NULL	NULL	NULL
CHEMBL1273286	NULL	NULL	NULL	NULL
CHEMBL1273916	NULL	NULL	NULL	NULL
CHEMBL1273917	NULL	NULL	NULL	NULL
CHEMBL1274055	NULL	NULL	NULL	NULL
CHEMBL1272925	NULL	NULL	NULL	NULL
CHEMBL1273164	NULL	NULL	NULL	NULL
CHEMBL1273173	NULL	NULL	NULL	NULL
CHEMBL1273561	NULL	NULL	NULL	NULL
CHEMBL1287090	NULL	NULL	NULL	NULL
CHEMBL1287098	NULL	NULL	NULL	NULL
CHEMBL1285383	NULL	NULL	NULL	NULL
CHEMBL1285384	NULL	NULL	NULL	NULL
CHEMBL1293077	CHO	CHO (Ovarian cells)	Cricetulus griseus	Ovarian cells
CHEMBL1293148	CHO	CHO (Ovarian cells)	Cricetulus griseus	Ovarian cells
CHEMBL1292296	HEK293	HEK293 (Embryonic kidney fibroblasts)	Homo sapiens	Embryonic kidney fibroblasts
CHEMBL1291115	NULL	NULL	NULL	NULL
CHEMBL1291160	NULL	NULL	NULL	NULL
CHEMBL1291240	HEK293	HEK293 (Embryonic kidney fibroblasts)	Homo sapiens	Embryonic kidney fibroblasts
CHEMBL1291557	NULL	NULL	NULL	NULL
CHEMBL1291783	NULL	NULL	NULL	NULL
CHEMBL1292008	NULL	NULL	NULL	NULL
CHEMBL1292027	NULL	NULL	NULL	NULL
CHEMBL1292190	NULL	NULL	NULL	NULL
CHEMBL1291075	NULL	NULL	NULL	NULL
CHEMBL1291445	NULL	NULL	NULL	NULL
CHEMBL1614446	NULL	NULL	NULL	NULL
CHEMBL1614262	NULL	NULL	NULL	NULL
CHEMBL1614368	NULL	NULL	NULL	NULL
CHEMBL1635449	NULL	NULL	NULL	NULL
CHEMBL1639762	NULL	NULL	NULL	NULL
CHEMBL1633012	NULL	NULL	NULL	NULL
CHEMBL1633013	NULL	NULL	NULL	NULL
CHEMBL1633014	NULL	NULL	NULL	NULL
CHEMBL1633019	NULL	NULL	NULL	NULL
CHEMBL1646507	NULL	NULL	NULL	NULL
CHEMBL1646064	NULL	NULL	NULL	NULL
CHEMBL1646084	NULL	NULL	NULL	NULL
CHEMBL1647083	NULL	NULL	NULL	NULL
CHEMBL1647137	NULL	NULL	NULL	NULL
CHEMBL1647941	NULL	NULL	NULL	NULL
CHEMBL1648352	HEK293	HEK293 (Embryonic kidney fibroblasts)	Homo sapiens	Embryonic kidney fibroblasts
CHEMBL1648362	NULL	NULL	NULL	NULL
CHEMBL1648563	HEK293	HEK293 (Embryonic kidney fibroblasts)	Homo sapiens	Embryonic kidney fibroblasts
CHEMBL1645659	NULL	NULL	NULL	NULL
CHEMBL1647515	NULL	NULL	NULL	NULL
CHEMBL1647669	NULL	NULL	NULL	NULL
CHEMBL1647979	NULL	NULL	NULL	NULL
CHEMBL1647980	NULL	NULL	NULL	NULL
CHEMBL1647981	NULL	NULL	NULL	NULL
CHEMBL1648607	CHO	CHO (Ovarian cells)	Cricetulus griseus	Ovarian cells
CHEMBL1648772	NULL	NULL	NULL	NULL
CHEMBL1656176	NULL	NULL	NULL	NULL
CHEMBL1656347	NULL	NULL	NULL	NULL
CHEMBL1657555	NULL	NULL	NULL	NULL
CHEMBL1656031	NULL	NULL	NULL	NULL
CHEMBL1657039	NULL	NULL	NULL	NULL
CHEMBL1657597	HEK293	HEK293 (Embryonic kidney fibroblasts)	Homo sapiens	Embryonic kidney fibroblasts
CHEMBL1657598	HEK293	HEK293 (Embryonic kidney fibroblasts)	Homo sapiens	Embryonic kidney fibroblasts
CHEMBL1663293	HEK293	HEK293 (Embryonic kidney fibroblasts)	Homo sapiens	Embryonic kidney fibroblasts
CHEMBL1663427	NULL	NULL	NULL	NULL
CHEMBL1663820	NULL	NULL	NULL	NULL
CHEMBL1664415	NULL	NULL	NULL	NULL
CHEMBL1663351	HEK293	HEK293 (Embryonic kidney fibroblasts)	Homo sapiens	Embryonic kidney fibroblasts
CHEMBL1670069	HEK293	HEK293 (Embryonic kidney fibroblasts)	Homo sapiens	Embryonic kidney fibroblasts
CHEMBL1670484	NULL	NULL	NULL	NULL
CHEMBL1670487	NULL	NULL	NULL	NULL
CHEMBL1670716	CHO	CHO (Ovarian cells)	Cricetulus griseus	Ovarian cells
CHEMBL1670969	NULL	NULL	NULL	NULL
CHEMBL1671071	NULL	NULL	NULL	NULL
CHEMBL1671552	NULL	NULL	NULL	NULL
CHEMBL1680285	NULL	NULL	NULL	NULL
CHEMBL1680289	NULL	NULL	NULL	NULL
CHEMBL1680956	NULL	NULL	NULL	NULL
CHEMBL1681578	NULL	NULL	NULL	NULL
CHEMBL1676103	NULL	NULL	NULL	NULL
CHEMBL1686219	NULL	NULL	NULL	NULL
CHEMBL1686392	NULL	NULL	NULL	NULL
CHEMBL1686824	NULL	NULL	NULL	NULL
CHEMBL1687012	NULL	NULL	NULL	NULL
CHEMBL1687013	NULL	NULL	NULL	NULL
CHEMBL1685483	NULL	NULL	NULL	NULL
CHEMBL1686107	NULL	NULL	NULL	NULL
CHEMBL1686112	NULL	NULL	NULL	NULL
CHEMBL1686253	NULL	NULL	NULL	NULL
CHEMBL1686265	NULL	NULL	NULL	NULL
CHEMBL1686290	NULL	NULL	NULL	NULL
CHEMBL1686924	HEK293	HEK293 (Embryonic kidney fibroblasts)	Homo sapiens	Embryonic kidney fibroblasts
CHEMBL1687412	NULL	NULL	NULL	NULL
CHEMBL1687437	NULL	NULL	NULL	NULL
CHEMBL1687592	NULL	NULL	NULL	NULL
CHEMBL1685373	NULL	NULL	NULL	NULL
CHEMBL1685382	NULL	NULL	NULL	NULL
CHEMBL1685549	NULL	NULL	NULL	NULL
CHEMBL1685790	NULL	NULL	NULL	NULL
CHEMBL1695229	NULL	NULL	NULL	NULL
CHEMBL1693396	HEK293	HEK293 (Embryonic kidney fibroblasts)	Homo sapiens	Embryonic kidney fibroblasts
CHEMBL1693505	HEK293	HEK293 (Embryonic kidney fibroblasts)	Homo sapiens	Embryonic kidney fibroblasts
CHEMBL1762952	HEK293	HEK293 (Embryonic kidney fibroblasts)	Homo sapiens	Embryonic kidney fibroblasts
CHEMBL1763073	NULL	NULL	NULL	NULL
CHEMBL1763220	NULL	NULL	NULL	NULL
CHEMBL1764146	NULL	NULL	NULL	NULL
CHEMBL1764848	NULL	NULL	NULL	NULL
CHEMBL1764027	NULL	NULL	NULL	NULL
CHEMBL1764269	NULL	NULL	NULL	NULL
CHEMBL1764302	NULL	NULL	NULL	NULL
CHEMBL1764303	NULL	NULL	NULL	NULL
CHEMBL1764592	NULL	NULL	NULL	NULL
CHEMBL1764797	HEK293	HEK293 (Embryonic kidney fibroblasts)	Homo sapiens	Embryonic kidney fibroblasts
CHEMBL1769661	NULL	NULL	NULL	NULL
CHEMBL1769664	NULL	NULL	NULL	NULL
CHEMBL1769627	NULL	NULL	NULL	NULL
CHEMBL1769628	NULL	NULL	NULL	NULL
CHEMBL1767981	CHO	CHO (Ovarian cells)	Cricetulus griseus	Ovarian cells
CHEMBL1767983	CHO	CHO (Ovarian cells)	Cricetulus griseus	Ovarian cells
CHEMBL1767984	CHO	CHO (Ovarian cells)	Cricetulus griseus	Ovarian cells
CHEMBL1767985	CHO	CHO (Ovarian cells)	Cricetulus griseus	Ovarian cells
CHEMBL1767991	NULL	NULL	NULL	NULL
CHEMBL1771845	NULL	NULL	NULL	NULL
CHEMBL1771850	NULL	NULL	NULL	NULL
CHEMBL1772827	NULL	NULL	NULL	NULL
CHEMBL1772911	NULL	NULL	NULL	NULL
CHEMBL1772125	NULL	NULL	NULL	NULL
CHEMBL1772132	NULL	NULL	NULL	NULL
CHEMBL1772133	NULL	NULL	NULL	NULL
CHEMBL1772211	HEK293	HEK293 (Embryonic kidney fibroblasts)	Homo sapiens	Embryonic kidney fibroblasts
CHEMBL1772391	NULL	NULL	NULL	NULL
CHEMBL1776071	NULL	NULL	NULL	NULL
CHEMBL1775806	NULL	NULL	NULL	NULL
CHEMBL1776942	HEK293	HEK293 (Embryonic kidney fibroblasts)	Homo sapiens	Embryonic kidney fibroblasts
CHEMBL1777309	HEK293	HEK293 (Embryonic kidney fibroblasts)	Homo sapiens	Embryonic kidney fibroblasts
CHEMBL1781114	NULL	NULL	NULL	NULL
CHEMBL1781362	NULL	NULL	NULL	NULL
CHEMBL1781363	NULL	NULL	NULL	NULL
CHEMBL1781193	CHO-K1	CHO-K1 (Ovarian cells)	Cricetulus griseus	Ovarian cells
CHEMBL1780458	NULL	NULL	NULL	NULL
CHEMBL1780459	NULL	NULL	NULL	NULL
CHEMBL1780626	NULL	NULL	NULL	NULL
CHEMBL1781387	NULL	NULL	NULL	NULL
CHEMBL1781401	NULL	NULL	NULL	NULL
CHEMBL1781402	NULL	NULL	NULL	NULL
CHEMBL1781403	NULL	NULL	NULL	NULL
CHEMBL1780724	NULL	NULL	NULL	NULL
CHEMBL1781167	NULL	NULL	NULL	NULL
CHEMBL1787185	HEK293	HEK293 (Embryonic kidney fibroblasts)	Homo sapiens	Embryonic kidney fibroblasts
CHEMBL1787949	HEK293	HEK293 (Embryonic kidney fibroblasts)	Homo sapiens	Embryonic kidney fibroblasts
CHEMBL1787952	NULL	NULL	NULL	NULL
CHEMBL1787497	NULL	NULL	NULL	NULL
CHEMBL1787512	HEK293	HEK293 (Embryonic kidney fibroblasts)	Homo sapiens	Embryonic kidney fibroblasts
CHEMBL1785980	NULL	NULL	NULL	NULL
CHEMBL1786160	NULL	NULL	NULL	NULL
CHEMBL1787063	NULL	NULL	NULL	NULL
CHEMBL1788065	NULL	NULL	NULL	NULL
CHEMBL1794573	NULL	NULL	NULL	NULL
CHEMBL1799739	NULL	NULL	NULL	NULL
CHEMBL1799748	NULL	NULL	NULL	NULL
CHEMBL1799749	NULL	NULL	NULL	NULL
CHEMBL1798196	NULL	NULL	NULL	NULL
CHEMBL1798198	NULL	NULL	NULL	NULL
CHEMBL1798944	NULL	NULL	NULL	NULL
CHEMBL1805938	NULL	NULL	NULL	NULL
CHEMBL1805939	NULL	NULL	NULL	NULL
CHEMBL1804921	NULL	NULL	NULL	NULL
CHEMBL1805351	NULL	NULL	NULL	NULL
CHEMBL1803471	CHO	CHO (Ovarian cells)	Cricetulus griseus	Ovarian cells
CHEMBL1803706	NULL	NULL	NULL	NULL
CHEMBL1803823	CHO	CHO (Ovarian cells)	Cricetulus griseus	Ovarian cells
CHEMBL1805122	NULL	NULL	NULL	NULL
CHEMBL1803284	NULL	NULL	NULL	NULL
CHEMBL1803665	NULL	NULL	NULL	NULL
CHEMBL1804845	NULL	NULL	NULL	NULL
CHEMBL1809557	COS-7	COS-7 (Kidney cells)	Chlorocebus aethiops	Kidney cells
CHEMBL1810895	NULL	NULL	NULL	NULL
CHEMBL1810637	NULL	NULL	NULL	NULL
CHEMBL1810638	NULL	NULL	NULL	NULL
CHEMBL1810943	NULL	NULL	NULL	NULL
CHEMBL1810945	NULL	NULL	NULL	NULL
CHEMBL1811063	NULL	NULL	NULL	NULL
CHEMBL1810316	NULL	NULL	NULL	NULL
CHEMBL1810388	NULL	NULL	NULL	NULL
CHEMBL1815100	NULL	NULL	NULL	NULL
CHEMBL1816746	CHO	CHO (Ovarian cells)	Cricetulus griseus	Ovarian cells
CHEMBL1816830	HEK293	HEK293 (Embryonic kidney fibroblasts)	Homo sapiens	Embryonic kidney fibroblasts
CHEMBL1816131	HEK293	HEK293 (Embryonic kidney fibroblasts)	Homo sapiens	Embryonic kidney fibroblasts
CHEMBL1816132	HEK293	HEK293 (Embryonic kidney fibroblasts)	Homo sapiens	Embryonic kidney fibroblasts
CHEMBL1816265	HEK293	HEK293 (Embryonic kidney fibroblasts)	Homo sapiens	Embryonic kidney fibroblasts
CHEMBL1816269	HEK293	HEK293 (Embryonic kidney fibroblasts)	Homo sapiens	Embryonic kidney fibroblasts
CHEMBL1816994	HEK293	HEK293 (Embryonic kidney fibroblasts)	Homo sapiens	Embryonic kidney fibroblasts
CHEMBL1816995	HEK293	HEK293 (Embryonic kidney fibroblasts)	Homo sapiens	Embryonic kidney fibroblasts
CHEMBL1816996	HEK293	HEK293 (Embryonic kidney fibroblasts)	Homo sapiens	Embryonic kidney fibroblasts
CHEMBL1817370	HEK293	HEK293 (Embryonic kidney fibroblasts)	Homo sapiens	Embryonic kidney fibroblasts
CHEMBL1817371	HEK293	HEK293 (Embryonic kidney fibroblasts)	Homo sapiens	Embryonic kidney fibroblasts
CHEMBL1817372	HEK293	HEK293 (Embryonic kidney fibroblasts)	Homo sapiens	Embryonic kidney fibroblasts
CHEMBL1817373	HEK293	HEK293 (Embryonic kidney fibroblasts)	Homo sapiens	Embryonic kidney fibroblasts
CHEMBL1817374	HEK293	HEK293 (Embryonic kidney fibroblasts)	Homo sapiens	Embryonic kidney fibroblasts
CHEMBL1817375	HEK293	HEK293 (Embryonic kidney fibroblasts)	Homo sapiens	Embryonic kidney fibroblasts
CHEMBL1817376	HEK293	HEK293 (Embryonic kidney fibroblasts)	Homo sapiens	Embryonic kidney fibroblasts
CHEMBL1817377	HEK293	HEK293 (Embryonic kidney fibroblasts)	Homo sapiens	Embryonic kidney fibroblasts
CHEMBL1817378	HEK293	HEK293 (Embryonic kidney fibroblasts)	Homo sapiens	Embryonic kidney fibroblasts
CHEMBL1820828	NULL	NULL	NULL	NULL
CHEMBL1820233	NULL	NULL	NULL	NULL
CHEMBL1820248	HEK293	HEK293 (Embryonic kidney fibroblasts)	Homo sapiens	Embryonic kidney fibroblasts
CHEMBL1820249	HEK293	HEK293 (Embryonic kidney fibroblasts)	Homo sapiens	Embryonic kidney fibroblasts
CHEMBL1820250	HEK293	HEK293 (Embryonic kidney fibroblasts)	Homo sapiens	Embryonic kidney fibroblasts
CHEMBL1820251	CHO	CHO (Ovarian cells)	Cricetulus griseus	Ovarian cells
CHEMBL1820252	CHO	CHO (Ovarian cells)	Cricetulus griseus	Ovarian cells
CHEMBL1820254	HEK293	HEK293 (Embryonic kidney fibroblasts)	Homo sapiens	Embryonic kidney fibroblasts
CHEMBL1820401	NULL	NULL	NULL	NULL
CHEMBL1820402	NULL	NULL	NULL	NULL
CHEMBL1820405	NULL	NULL	NULL	NULL
CHEMBL1819679	NULL	NULL	NULL	NULL
CHEMBL1819700	NULL	NULL	NULL	NULL
CHEMBL1819701	NULL	NULL	NULL	NULL
CHEMBL1819702	NULL	NULL	NULL	NULL
CHEMBL1819703	NULL	NULL	NULL	NULL
CHEMBL1820160	HEK293	HEK293 (Embryonic kidney fibroblasts)	Homo sapiens	Embryonic kidney fibroblasts
CHEMBL1821020	NULL	NULL	NULL	NULL
CHEMBL1826877	NULL	NULL	NULL	NULL
CHEMBL1827185	HEK293	HEK293 (Embryonic kidney fibroblasts)	Homo sapiens	Embryonic kidney fibroblasts
CHEMBL1827186	HEK293	HEK293 (Embryonic kidney fibroblasts)	Homo sapiens	Embryonic kidney fibroblasts
CHEMBL1827211	NULL	NULL	NULL	NULL
CHEMBL1827361	NULL	NULL	NULL	NULL
CHEMBL1827362	NULL	NULL	NULL	NULL
CHEMBL1827878	HEK293	HEK293 (Embryonic kidney fibroblasts)	Homo sapiens	Embryonic kidney fibroblasts
CHEMBL1825563	NULL	NULL	NULL	NULL
CHEMBL1826008	NULL	NULL	NULL	NULL
CHEMBL1833187	NULL	NULL	NULL	NULL
CHEMBL1831362	NULL	NULL	NULL	NULL
CHEMBL1832757	NULL	NULL	NULL	NULL
CHEMBL1831617	HEK293	HEK293 (Embryonic kidney fibroblasts)	Homo sapiens	Embryonic kidney fibroblasts
CHEMBL1831618	HEK293	HEK293 (Embryonic kidney fibroblasts)	Homo sapiens	Embryonic kidney fibroblasts
CHEMBL1831776	NULL	NULL	NULL	NULL
CHEMBL1831807	NULL	NULL	NULL	NULL
CHEMBL1832111	HEK293	HEK293 (Embryonic kidney fibroblasts)	Homo sapiens	Embryonic kidney fibroblasts
CHEMBL1839209	NULL	NULL	NULL	NULL
CHEMBL1839210	NULL	NULL	NULL	NULL
CHEMBL1839504	NULL	NULL	NULL	NULL
CHEMBL1839633	NULL	NULL	NULL	NULL
CHEMBL1837830	NULL	NULL	NULL	NULL
CHEMBL1838399	CHO-K1	CHO-K1 (Ovarian cells)	Cricetulus griseus	Ovarian cells
CHEMBL1839299	NULL	NULL	NULL	NULL
CHEMBL1839780	NULL	NULL	NULL	NULL
CHEMBL1839401	NULL	NULL	NULL	NULL
CHEMBL1837312	NULL	NULL	NULL	NULL
CHEMBL1837361	HEK293	HEK293 (Embryonic kidney fibroblasts)	Homo sapiens	Embryonic kidney fibroblasts
CHEMBL1837522	NULL	NULL	NULL	NULL
CHEMBL1837524	NULL	NULL	NULL	NULL
CHEMBL1838283	CHO-K1	CHO-K1 (Ovarian cells)	Cricetulus griseus	Ovarian cells
CHEMBL1838313	HEK293	HEK293 (Embryonic kidney fibroblasts)	Homo sapiens	Embryonic kidney fibroblasts
CHEMBL1838314	HEK293	HEK293 (Embryonic kidney fibroblasts)	Homo sapiens	Embryonic kidney fibroblasts
CHEMBL1837909	HEK293	HEK293 (Embryonic kidney fibroblasts)	Homo sapiens	Embryonic kidney fibroblasts
CHEMBL1837910	HEK293	HEK293 (Embryonic kidney fibroblasts)	Homo sapiens	Embryonic kidney fibroblasts
CHEMBL1837922	HEK293	HEK293 (Embryonic kidney fibroblasts)	Homo sapiens	Embryonic kidney fibroblasts
CHEMBL1837923	HEK293	HEK293 (Embryonic kidney fibroblasts)	Homo sapiens	Embryonic kidney fibroblasts
CHEMBL1837924	HEK293	HEK293 (Embryonic kidney fibroblasts)	Homo sapiens	Embryonic kidney fibroblasts
CHEMBL1837925	HEK293	HEK293 (Embryonic kidney fibroblasts)	Homo sapiens	Embryonic kidney fibroblasts
CHEMBL1837926	HEK293	HEK293 (Embryonic kidney fibroblasts)	Homo sapiens	Embryonic kidney fibroblasts
CHEMBL1840125	NULL	NULL	NULL	NULL
CHEMBL1840135	NULL	NULL	NULL	NULL
CHEMBL1840136	NULL	NULL	NULL	NULL
CHEMBL1909190	HEK293	HEK293 (Embryonic kidney fibroblasts)	Homo sapiens	Embryonic kidney fibroblasts
CHEMBL1913194	NULL	NULL	NULL	NULL
CHEMBL1913479	HEK293	HEK293 (Embryonic kidney fibroblasts)	Homo sapiens	Embryonic kidney fibroblasts
CHEMBL1912915	NULL	NULL	NULL	NULL
CHEMBL1913329	NULL	NULL	NULL	NULL
CHEMBL1913067	NULL	NULL	NULL	NULL
CHEMBL1913068	NULL	NULL	NULL	NULL
CHEMBL1913542	NULL	NULL	NULL	NULL
CHEMBL1920312	NULL	NULL	NULL	NULL
CHEMBL1920313	NULL	NULL	NULL	NULL
CHEMBL1919843	NULL	NULL	NULL	NULL
CHEMBL1919844	NULL	NULL	NULL	NULL
CHEMBL1919743	NULL	NULL	NULL	NULL
CHEMBL1918054	NULL	NULL	NULL	NULL
CHEMBL1918055	NULL	NULL	NULL	NULL
CHEMBL1918331	Oocyte	Ooctyes	Xenopus laevis	NULL
CHEMBL1918337	Oocyte	Ooctyes	Xenopus laevis	NULL
CHEMBL1918473	NULL	NULL	NULL	NULL
CHEMBL1918475	NULL	NULL	NULL	NULL
CHEMBL1918580	NULL	NULL	NULL	NULL
CHEMBL1918604	Oocyte	Ooctyes	Xenopus laevis	NULL
CHEMBL1918710	NULL	NULL	NULL	NULL
CHEMBL1918740	NULL	NULL	NULL	NULL
CHEMBL1918786	NULL	NULL	NULL	NULL
CHEMBL1918787	NULL	NULL	NULL	NULL
CHEMBL1918791	NULL	NULL	NULL	NULL
CHEMBL1918793	NULL	NULL	NULL	NULL
CHEMBL1918794	NULL	NULL	NULL	NULL
CHEMBL1918922	NULL	NULL	NULL	NULL
CHEMBL1918925	CHO	CHO (Ovarian cells)	Cricetulus griseus	Ovarian cells
CHEMBL1918926	CHO	CHO (Ovarian cells)	Cricetulus griseus	Ovarian cells
CHEMBL1918927	CHO	CHO (Ovarian cells)	Cricetulus griseus	Ovarian cells
CHEMBL1919030	NULL	NULL	NULL	NULL
CHEMBL1919559	NULL	NULL	NULL	NULL
CHEMBL1918380	NULL	NULL	NULL	NULL
CHEMBL1918386	NULL	NULL	NULL	NULL
CHEMBL1924379	NULL	NULL	NULL	NULL
CHEMBL1924330	CHO	CHO (Ovarian cells)	Cricetulus griseus	Ovarian cells
CHEMBL1924405	NULL	NULL	NULL	NULL
CHEMBL1924724	NULL	NULL	NULL	NULL
CHEMBL1924735	NULL	NULL	NULL	NULL
CHEMBL1924736	NULL	NULL	NULL	NULL
CHEMBL1924167	NULL	NULL	NULL	NULL
CHEMBL1926423	NULL	NULL	NULL	NULL
CHEMBL1925825	HEK293	HEK293 (Embryonic kidney fibroblasts)	Homo sapiens	Embryonic kidney fibroblasts
CHEMBL1925887	NULL	NULL	NULL	NULL
CHEMBL1925760	NULL	NULL	NULL	NULL
CHEMBL1930402	NULL	NULL	NULL	NULL
CHEMBL1932785	NULL	NULL	NULL	NULL
CHEMBL1932786	HEK293	HEK293 (Embryonic kidney fibroblasts)	Homo sapiens	Embryonic kidney fibroblasts
CHEMBL1931604	NULL	NULL	NULL	NULL
CHEMBL1931637	NULL	NULL	NULL	NULL
CHEMBL1931723	HEK293	HEK293 (Embryonic kidney fibroblasts)	Homo sapiens	Embryonic kidney fibroblasts
CHEMBL1931724	NULL	NULL	NULL	NULL
CHEMBL1932121	NULL	NULL	NULL	NULL
CHEMBL1932266	HEK293	HEK293 (Embryonic kidney fibroblasts)	Homo sapiens	Embryonic kidney fibroblasts
CHEMBL1936096	NULL	NULL	NULL	NULL
CHEMBL1936097	NULL	NULL	NULL	NULL
CHEMBL1937279	NULL	NULL	NULL	NULL
CHEMBL1937493	NULL	NULL	NULL	NULL
CHEMBL1936658	NULL	NULL	NULL	NULL
CHEMBL1936822	NULL	NULL	NULL	NULL
CHEMBL1936933	NULL	NULL	NULL	NULL
CHEMBL1937518	NULL	NULL	NULL	NULL
CHEMBL1938176	NULL	NULL	NULL	NULL
CHEMBL1938198	NULL	NULL	NULL	NULL
CHEMBL1938199	NULL	NULL	NULL	NULL
CHEMBL1942506	NULL	NULL	NULL	NULL
CHEMBL1942803	NULL	NULL	NULL	NULL
CHEMBL1942962	NULL	NULL	NULL	NULL
CHEMBL1943910	NULL	NULL	NULL	NULL
CHEMBL1942853	HEK293	HEK293 (Embryonic kidney fibroblasts)	Homo sapiens	Embryonic kidney fibroblasts
CHEMBL1942854	NULL	NULL	NULL	NULL
CHEMBL1944138	HEK293	HEK293 (Embryonic kidney fibroblasts)	Homo sapiens	Embryonic kidney fibroblasts
CHEMBL1943689	NULL	NULL	NULL	NULL
CHEMBL1947911	NULL	NULL	NULL	NULL
CHEMBL1947928	NULL	NULL	NULL	NULL
CHEMBL1947513	HEK293	HEK293 (Embryonic kidney fibroblasts)	Homo sapiens	Embryonic kidney fibroblasts
CHEMBL1947795	NULL	NULL	NULL	NULL
CHEMBL1947811	NULL	NULL	NULL	NULL
CHEMBL1948791	NULL	NULL	NULL	NULL
CHEMBL1948885	NULL	NULL	NULL	NULL
CHEMBL1947877	NULL	NULL	NULL	NULL
CHEMBL1947996	NULL	NULL	NULL	NULL
CHEMBL1947997	NULL	NULL	NULL	NULL
CHEMBL1954705	NULL	NULL	NULL	NULL
CHEMBL1954706	NULL	NULL	NULL	NULL
CHEMBL1952936	NULL	NULL	NULL	NULL
CHEMBL1952937	NULL	NULL	NULL	NULL
CHEMBL1953525	NULL	NULL	NULL	NULL
CHEMBL1953526	NULL	NULL	NULL	NULL
CHEMBL1953695	NULL	NULL	NULL	NULL
CHEMBL1953696	NULL	NULL	NULL	NULL
CHEMBL1953697	NULL	NULL	NULL	NULL
CHEMBL1954009	NULL	NULL	NULL	NULL
CHEMBL1954529	HEK293	HEK293 (Embryonic kidney fibroblasts)	Homo sapiens	Embryonic kidney fibroblasts
CHEMBL1954560	NULL	NULL	NULL	NULL
CHEMBL1954570	CHO-K1	CHO-K1 (Ovarian cells)	Cricetulus griseus	Ovarian cells
CHEMBL1954571	CHO-K1	CHO-K1 (Ovarian cells)	Cricetulus griseus	Ovarian cells
CHEMBL1954756	NULL	NULL	NULL	NULL
CHEMBL1954226	NULL	NULL	NULL	NULL
CHEMBL1954401	NULL	NULL	NULL	NULL
CHEMBL1954402	NULL	NULL	NULL	NULL
CHEMBL1952450	HEK293	HEK293 (Embryonic kidney fibroblasts)	Homo sapiens	Embryonic kidney fibroblasts
CHEMBL1954249	NULL	NULL	NULL	NULL
CHEMBL1954425	NULL	NULL	NULL	NULL
CHEMBL1952486	NULL	NULL	NULL	NULL
CHEMBL1953186	NULL	NULL	NULL	NULL
CHEMBL1954142	NULL	NULL	NULL	NULL
CHEMBL1955663	NULL	NULL	NULL	NULL
CHEMBL1958785	NULL	NULL	NULL	NULL
CHEMBL1958902	NULL	NULL	NULL	NULL
CHEMBL1959635	HEK293	HEK293 (Embryonic kidney fibroblasts)	Homo sapiens	Embryonic kidney fibroblasts
CHEMBL1959242	HEK293	HEK293 (Embryonic kidney fibroblasts)	Homo sapiens	Embryonic kidney fibroblasts
CHEMBL1959247	NULL	NULL	NULL	NULL
CHEMBL1959248	NULL	NULL	NULL	NULL
CHEMBL1959249	NULL	NULL	NULL	NULL
CHEMBL1959250	NULL	NULL	NULL	NULL
CHEMBL1959251	NULL	NULL	NULL	NULL
CHEMBL1959689	NULL	NULL	NULL	NULL
CHEMBL1960174	NULL	NULL	NULL	NULL
CHEMBL1960000	CHO-K1	CHO-K1 (Ovarian cells)	Cricetulus griseus	Ovarian cells
CHEMBL1961077	NULL	NULL	NULL	NULL
CHEMBL1961177	NULL	NULL	NULL	NULL
CHEMBL1961127	NULL	NULL	NULL	NULL
CHEMBL2014814	CHO-K1	CHO-K1 (Ovarian cells)	Cricetulus griseus	Ovarian cells
CHEMBL2014817	NULL	NULL	NULL	NULL
CHEMBL2016219	CHO	CHO (Ovarian cells)	Cricetulus griseus	Ovarian cells
CHEMBL2014637	NULL	NULL	NULL	NULL
CHEMBL2013523	NULL	NULL	NULL	NULL
CHEMBL2013260	NULL	NULL	NULL	NULL
CHEMBL2013360	HEK293	HEK293 (Embryonic kidney fibroblasts)	Homo sapiens	Embryonic kidney fibroblasts
CHEMBL2013361	HEK293	HEK293 (Embryonic kidney fibroblasts)	Homo sapiens	Embryonic kidney fibroblasts
CHEMBL2013362	HEK293	HEK293 (Embryonic kidney fibroblasts)	Homo sapiens	Embryonic kidney fibroblasts
CHEMBL2013363	NULL	NULL	NULL	NULL
CHEMBL2013364	NULL	NULL	NULL	NULL
CHEMBL2013365	NULL	NULL	NULL	NULL
CHEMBL2013637	NULL	NULL	NULL	NULL
CHEMBL2013639	NULL	NULL	NULL	NULL
CHEMBL2013640	NULL	NULL	NULL	NULL
CHEMBL2013641	NULL	NULL	NULL	NULL
CHEMBL2014232	HEK293	HEK293 (Embryonic kidney fibroblasts)	Homo sapiens	Embryonic kidney fibroblasts
CHEMBL2014322	NULL	NULL	NULL	NULL
CHEMBL2019938	NULL	NULL	NULL	NULL
CHEMBL2019965	CHO	CHO (Ovarian cells)	Cricetulus griseus	Ovarian cells
CHEMBL2020267	NULL	NULL	NULL	NULL
CHEMBL2020459	HEK293	HEK293 (Embryonic kidney fibroblasts)	Homo sapiens	Embryonic kidney fibroblasts
CHEMBL2020460	HEK293	HEK293 (Embryonic kidney fibroblasts)	Homo sapiens	Embryonic kidney fibroblasts
CHEMBL2020461	NULL	NULL	NULL	NULL
CHEMBL2020462	NULL	NULL	NULL	NULL
CHEMBL2020831	NULL	NULL	NULL	NULL
CHEMBL2020857	NULL	NULL	NULL	NULL
CHEMBL2019592	NULL	NULL	NULL	NULL
CHEMBL2020695	NULL	NULL	NULL	NULL
CHEMBL2020788	HEK293	HEK293 (Embryonic kidney fibroblasts)	Homo sapiens	Embryonic kidney fibroblasts
CHEMBL2021017	NULL	NULL	NULL	NULL
CHEMBL2021018	NULL	NULL	NULL	NULL
CHEMBL2021104	NULL	NULL	NULL	NULL
CHEMBL2021109	HEK293	HEK293 (Embryonic kidney fibroblasts)	Homo sapiens	Embryonic kidney fibroblasts
CHEMBL2021110	HEK293	HEK293 (Embryonic kidney fibroblasts)	Homo sapiens	Embryonic kidney fibroblasts
CHEMBL2021111	HEK293	HEK293 (Embryonic kidney fibroblasts)	Homo sapiens	Embryonic kidney fibroblasts
CHEMBL2026445	NULL	NULL	NULL	NULL
CHEMBL2026806	HEK293	HEK293 (Embryonic kidney fibroblasts)	Homo sapiens	Embryonic kidney fibroblasts
CHEMBL2024805	CHO-K1	CHO-K1 (Ovarian cells)	Cricetulus griseus	Ovarian cells
CHEMBL2024833	NULL	NULL	NULL	NULL
CHEMBL2026493	HEK293	HEK293 (Embryonic kidney fibroblasts)	Homo sapiens	Embryonic kidney fibroblasts
CHEMBL2026855	NULL	NULL	NULL	NULL
CHEMBL2026856	NULL	NULL	NULL	NULL
CHEMBL2026860	CHO-K1	CHO-K1 (Ovarian cells)	Cricetulus griseus	Ovarian cells
CHEMBL2026865	NULL	NULL	NULL	NULL
CHEMBL2026526	CHO	CHO (Ovarian cells)	Cricetulus griseus	Ovarian cells
CHEMBL2024791	NULL	NULL	NULL	NULL
CHEMBL2025095	NULL	NULL	NULL	NULL
CHEMBL2025328	NULL	NULL	NULL	NULL
CHEMBL2026015	NULL	NULL	NULL	NULL
CHEMBL2027643	CHO	CHO (Ovarian cells)	Cricetulus griseus	Ovarian cells
CHEMBL2034070	NULL	NULL	NULL	NULL
CHEMBL2034479	NULL	NULL	NULL	NULL
CHEMBL2034490	NULL	NULL	NULL	NULL
CHEMBL2034507	NULL	NULL	NULL	NULL
CHEMBL2034769	NULL	NULL	NULL	NULL
CHEMBL2032591	HEK293	HEK293 (Embryonic kidney fibroblasts)	Homo sapiens	Embryonic kidney fibroblasts
CHEMBL2032908	NULL	NULL	NULL	NULL
CHEMBL2034393	NULL	NULL	NULL	NULL
CHEMBL2034394	NULL	NULL	NULL	NULL
CHEMBL2032625	NULL	NULL	NULL	NULL
CHEMBL2033832	HEK293	HEK293 (Embryonic kidney fibroblasts)	Homo sapiens	Embryonic kidney fibroblasts
CHEMBL2032544	NULL	NULL	NULL	NULL
CHEMBL2032545	NULL	NULL	NULL	NULL
CHEMBL2032798	NULL	NULL	NULL	NULL
CHEMBL2032963	NULL	NULL	NULL	NULL
CHEMBL2033879	HEK293	HEK293 (Embryonic kidney fibroblasts)	Homo sapiens	Embryonic kidney fibroblasts
CHEMBL2033332	NULL	NULL	NULL	NULL
CHEMBL2037696	HEK293	HEK293 (Embryonic kidney fibroblasts)	Homo sapiens	Embryonic kidney fibroblasts
CHEMBL2040072	NULL	NULL	NULL	NULL
CHEMBL2040331	NULL	NULL	NULL	NULL
CHEMBL2038328	NULL	NULL	NULL	NULL
CHEMBL2040132	NULL	NULL	NULL	NULL
CHEMBL2040133	NULL	NULL	NULL	NULL
CHEMBL2038379	NULL	NULL	NULL	NULL
CHEMBL2039052	NULL	NULL	NULL	NULL
CHEMBL2038956	NULL	NULL	NULL	NULL
CHEMBL2039336	CHO	CHO (Ovarian cells)	Cricetulus griseus	Ovarian cells
CHEMBL2040049	NULL	NULL	NULL	NULL
CHEMBL2040050	NULL	NULL	NULL	NULL
CHEMBL2037899	NULL	NULL	NULL	NULL
CHEMBL2038295	NULL	NULL	NULL	NULL
CHEMBL2038474	NULL	NULL	NULL	NULL
CHEMBL2039158	NULL	NULL	NULL	NULL
CHEMBL2039631	NULL	NULL	NULL	NULL
CHEMBL2046027	NULL	NULL	NULL	NULL
CHEMBL2045992	NULL	NULL	NULL	NULL
CHEMBL2044584	NULL	NULL	NULL	NULL
CHEMBL2043698	CHO	CHO (Ovarian cells)	Cricetulus griseus	Ovarian cells
CHEMBL2044875	HEK293	HEK293 (Embryonic kidney fibroblasts)	Homo sapiens	Embryonic kidney fibroblasts
CHEMBL2045039	HEK293	HEK293 (Embryonic kidney fibroblasts)	Homo sapiens	Embryonic kidney fibroblasts
CHEMBL2045044	NULL	NULL	NULL	NULL
CHEMBL2044716	HEK293	HEK293 (Embryonic kidney fibroblasts)	Homo sapiens	Embryonic kidney fibroblasts
CHEMBL2044730	NULL	NULL	NULL	NULL
CHEMBL2049550	NULL	NULL	NULL	NULL
CHEMBL2050727	CHO	CHO (Ovarian cells)	Cricetulus griseus	Ovarian cells
CHEMBL2050733	NULL	NULL	NULL	NULL
CHEMBL2050734	NULL	NULL	NULL	NULL
CHEMBL2051023	NULL	NULL	NULL	NULL
CHEMBL2051144	NULL	NULL	NULL	NULL
CHEMBL2051179	HEK293	HEK293 (Embryonic kidney fibroblasts)	Homo sapiens	Embryonic kidney fibroblasts
CHEMBL2051348	NULL	NULL	NULL	NULL
CHEMBL2049735	NULL	NULL	NULL	NULL
CHEMBL2049748	NULL	NULL	NULL	NULL
CHEMBL2050026	NULL	NULL	NULL	NULL
CHEMBL2050027	NULL	NULL	NULL	NULL
CHEMBL2060605	NULL	NULL	NULL	NULL
CHEMBL2060621	HEK293	HEK293 (Embryonic kidney fibroblasts)	Homo sapiens	Embryonic kidney fibroblasts
CHEMBL2060687	NULL	NULL	NULL	NULL
CHEMBL2060137	CHO	CHO (Ovarian cells)	Cricetulus griseus	Ovarian cells
CHEMBL2060290	CHO	CHO (Ovarian cells)	Cricetulus griseus	Ovarian cells
CHEMBL2060325	NULL	NULL	NULL	NULL
CHEMBL2061641	NULL	NULL	NULL	NULL
CHEMBL2061643	NULL	NULL	NULL	NULL
CHEMBL2060804	CHO	CHO (Ovarian cells)	Cricetulus griseus	Ovarian cells
CHEMBL2065451	NULL	NULL	NULL	NULL
CHEMBL2066265	HEK293	HEK293 (Embryonic kidney fibroblasts)	Homo sapiens	Embryonic kidney fibroblasts
CHEMBL2065232	NULL	NULL	NULL	NULL
CHEMBL2067584	NULL	NULL	NULL	NULL
CHEMBL2072491	HEK293	HEK293 (Embryonic kidney fibroblasts)	Homo sapiens	Embryonic kidney fibroblasts
CHEMBL2072739	NULL	NULL	NULL	NULL
CHEMBL2072751	CHO	CHO (Ovarian cells)	Cricetulus griseus	Ovarian cells
CHEMBL2072752	CHO	CHO (Ovarian cells)	Cricetulus griseus	Ovarian cells
CHEMBL2072927	CHO	CHO (Ovarian cells)	Cricetulus griseus	Ovarian cells
CHEMBL2072706	NULL	NULL	NULL	NULL
CHEMBL2073329	NULL	NULL	NULL	NULL
CHEMBL2073369	NULL	NULL	NULL	NULL
CHEMBL2073629	NULL	NULL	NULL	NULL
CHEMBL2071936	CHO	CHO (Ovarian cells)	Cricetulus griseus	Ovarian cells
CHEMBL2071937	CHO	CHO (Ovarian cells)	Cricetulus griseus	Ovarian cells
CHEMBL2071944	CHO	CHO (Ovarian cells)	Cricetulus griseus	Ovarian cells
CHEMBL2071948	NULL	NULL	NULL	NULL
CHEMBL2071956	CHO	CHO (Ovarian cells)	Cricetulus griseus	Ovarian cells
CHEMBL2089540	NULL	NULL	NULL	NULL
CHEMBL2089933	NULL	NULL	NULL	NULL
CHEMBL2090131	NULL	NULL	NULL	NULL
CHEMBL2090504	NULL	NULL	NULL	NULL
CHEMBL2090506	NULL	NULL	NULL	NULL
CHEMBL2090507	NULL	NULL	NULL	NULL
CHEMBL2091208	HEK293	HEK293 (Embryonic kidney fibroblasts)	Homo sapiens	Embryonic kidney fibroblasts
CHEMBL2091838	NULL	NULL	NULL	NULL
CHEMBL2092048	CHO	CHO (Ovarian cells)	Cricetulus griseus	Ovarian cells
CHEMBL2091536	HEK293	HEK293 (Embryonic kidney fibroblasts)	Homo sapiens	Embryonic kidney fibroblasts
CHEMBL2091635	CHO	CHO (Ovarian cells)	Cricetulus griseus	Ovarian cells
CHEMBL2114010	NULL	NULL	NULL	NULL
CHEMBL2150564	NULL	NULL	NULL	NULL
CHEMBL2149440	NULL	NULL	NULL	NULL
CHEMBL2149458	NULL	NULL	NULL	NULL
CHEMBL2149459	NULL	NULL	NULL	NULL
CHEMBL2149604	NULL	NULL	NULL	NULL
CHEMBL2150356	NULL	NULL	NULL	NULL
CHEMBL2150540	HEK293	HEK293 (Embryonic kidney fibroblasts)	Homo sapiens	Embryonic kidney fibroblasts
CHEMBL2148626	NULL	NULL	NULL	NULL
CHEMBL2148627	HEK293	HEK293 (Embryonic kidney fibroblasts)	Homo sapiens	Embryonic kidney fibroblasts
CHEMBL2149351	NULL	NULL	NULL	NULL
CHEMBL2149352	NULL	NULL	NULL	NULL
CHEMBL2149353	NULL	NULL	NULL	NULL
CHEMBL2150640	CHO	CHO (Ovarian cells)	Cricetulus griseus	Ovarian cells
CHEMBL2150658	HEK293	HEK293 (Embryonic kidney fibroblasts)	Homo sapiens	Embryonic kidney fibroblasts
CHEMBL2156882	CHO	CHO (Ovarian cells)	Cricetulus griseus	Ovarian cells
CHEMBL2157805	NULL	NULL	NULL	NULL
CHEMBL2157810	NULL	NULL	NULL	NULL
CHEMBL2156333	NULL	NULL	NULL	NULL
CHEMBL2156227	NULL	NULL	NULL	NULL
CHEMBL2156833	NULL	NULL	NULL	NULL
CHEMBL2154364	HEK293	HEK293 (Embryonic kidney fibroblasts)	Homo sapiens	Embryonic kidney fibroblasts
CHEMBL2154390	NULL	NULL	NULL	NULL
CHEMBL2154391	NULL	NULL	NULL	NULL
CHEMBL2154697	NULL	NULL	NULL	NULL
CHEMBL2155364	NULL	NULL	NULL	NULL
CHEMBL2155365	NULL	NULL	NULL	NULL
CHEMBL2153967	CHO-K1	CHO-K1 (Ovarian cells)	Cricetulus griseus	Ovarian cells
CHEMBL2160806	NULL	NULL	NULL	NULL
CHEMBL2160808	NULL	NULL	NULL	NULL
CHEMBL2161976	NULL	NULL	NULL	NULL
CHEMBL2162302	NULL	NULL	NULL	NULL
CHEMBL2162322	NULL	NULL	NULL	NULL
CHEMBL2162323	HEK293	HEK293 (Embryonic kidney fibroblasts)	Homo sapiens	Embryonic kidney fibroblasts
CHEMBL2162878	NULL	NULL	NULL	NULL
CHEMBL2162879	NULL	NULL	NULL	NULL
CHEMBL2160723	HEK293	HEK293 (Embryonic kidney fibroblasts)	Homo sapiens	Embryonic kidney fibroblasts
CHEMBL2160726	NULL	NULL	NULL	NULL
CHEMBL2161153	NULL	NULL	NULL	NULL
CHEMBL2163105	NULL	NULL	NULL	NULL
CHEMBL2162428	HEK293	HEK293 (Embryonic kidney fibroblasts)	Homo sapiens	Embryonic kidney fibroblasts
CHEMBL2160405	NULL	NULL	NULL	NULL
CHEMBL2160410	NULL	NULL	NULL	NULL
CHEMBL2160411	NULL	NULL	NULL	NULL
CHEMBL2160981	NULL	NULL	NULL	NULL
CHEMBL2168044	CHO	CHO (Ovarian cells)	Cricetulus griseus	Ovarian cells
CHEMBL2168045	CHO	CHO (Ovarian cells)	Cricetulus griseus	Ovarian cells
CHEMBL2166760	HEK293	HEK293 (Embryonic kidney fibroblasts)	Homo sapiens	Embryonic kidney fibroblasts
CHEMBL2166761	NULL	NULL	NULL	NULL
CHEMBL2167210	HEK293	HEK293 (Embryonic kidney fibroblasts)	Homo sapiens	Embryonic kidney fibroblasts
CHEMBL2167443	NULL	NULL	NULL	NULL
CHEMBL2167881	CHO-K1	CHO-K1 (Ovarian cells)	Cricetulus griseus	Ovarian cells
CHEMBL2168561	NULL	NULL	NULL	NULL
CHEMBL2168569	CHO	CHO (Ovarian cells)	Cricetulus griseus	Ovarian cells
CHEMBL2169519	NULL	NULL	NULL	NULL
CHEMBL2169528	CHO	CHO (Ovarian cells)	Cricetulus griseus	Ovarian cells
CHEMBL2169529	CHO	CHO (Ovarian cells)	Cricetulus griseus	Ovarian cells
CHEMBL2166000	NULL	NULL	NULL	NULL
CHEMBL2167265	NULL	NULL	NULL	NULL
CHEMBL2168600	NULL	NULL	NULL	NULL
CHEMBL2168855	HEK293	HEK293 (Embryonic kidney fibroblasts)	Homo sapiens	Embryonic kidney fibroblasts
CHEMBL2167605	CHO	CHO (Ovarian cells)	Cricetulus griseus	Ovarian cells
CHEMBL2167606	CHO	CHO (Ovarian cells)	Cricetulus griseus	Ovarian cells
CHEMBL2167607	CHO	CHO (Ovarian cells)	Cricetulus griseus	Ovarian cells
CHEMBL2167608	CHO	CHO (Ovarian cells)	Cricetulus griseus	Ovarian cells
CHEMBL2167609	CHO	CHO (Ovarian cells)	Cricetulus griseus	Ovarian cells
CHEMBL2168470	NULL	NULL	NULL	NULL
CHEMBL2168489	CHO-K1	CHO-K1 (Ovarian cells)	Cricetulus griseus	Ovarian cells
CHEMBL2168490	CHO-K1	CHO-K1 (Ovarian cells)	Cricetulus griseus	Ovarian cells
CHEMBL2168496	NULL	NULL	NULL	NULL
CHEMBL2168498	NULL	NULL	NULL	NULL
CHEMBL2169230	HEK293	HEK293 (Embryonic kidney fibroblasts)	Homo sapiens	Embryonic kidney fibroblasts
CHEMBL2173019	CHO	CHO (Ovarian cells)	Cricetulus griseus	Ovarian cells
CHEMBL2173630	HEK293	HEK293 (Embryonic kidney fibroblasts)	Homo sapiens	Embryonic kidney fibroblasts
CHEMBL2173968	CHO	CHO (Ovarian cells)	Cricetulus griseus	Ovarian cells
CHEMBL2173974	HEK293	HEK293 (Embryonic kidney fibroblasts)	Homo sapiens	Embryonic kidney fibroblasts
CHEMBL2173975	HEK293	HEK293 (Embryonic kidney fibroblasts)	Homo sapiens	Embryonic kidney fibroblasts
CHEMBL2172900	NULL	NULL	NULL	NULL
CHEMBL2173338	HEK293	HEK293 (Embryonic kidney fibroblasts)	Homo sapiens	Embryonic kidney fibroblasts
CHEMBL2173536	CHO-K1	CHO-K1 (Ovarian cells)	Cricetulus griseus	Ovarian cells
CHEMBL2173537	CHO-K1	CHO-K1 (Ovarian cells)	Cricetulus griseus	Ovarian cells
CHEMBL2174912	NULL	NULL	NULL	NULL
CHEMBL2176196	NULL	NULL	NULL	NULL
CHEMBL2176358	CHO-K1	CHO-K1 (Ovarian cells)	Cricetulus griseus	Ovarian cells
CHEMBL2176456	NULL	NULL	NULL	NULL
CHEMBL2176468	NULL	NULL	NULL	NULL
CHEMBL2176623	NULL	NULL	NULL	NULL
CHEMBL2187817	NULL	NULL	NULL	NULL
CHEMBL2188237	NULL	NULL	NULL	NULL
CHEMBL2184225	NULL	NULL	NULL	NULL
CHEMBL2184669	NULL	NULL	NULL	NULL
CHEMBL2186062	CHO	CHO (Ovarian cells)	Cricetulus griseus	Ovarian cells
CHEMBL2188723	CHO	CHO (Ovarian cells)	Cricetulus griseus	Ovarian cells
CHEMBL2184696	NULL	NULL	NULL	NULL
CHEMBL2187883	NULL	NULL	NULL	NULL
CHEMBL2184747	NULL	NULL	NULL	NULL
CHEMBL2187047	NULL	NULL	NULL	NULL
CHEMBL2188816	NULL	NULL	NULL	NULL
CHEMBL2182706	CHO	CHO (Ovarian cells)	Cricetulus griseus	Ovarian cells
CHEMBL2183479	NULL	NULL	NULL	NULL
CHEMBL2184354	NULL	NULL	NULL	NULL
CHEMBL2184356	NULL	NULL	NULL	NULL
CHEMBL2184359	NULL	NULL	NULL	NULL
CHEMBL2184863	NULL	NULL	NULL	NULL
CHEMBL2185328	NULL	NULL	NULL	NULL
CHEMBL2186736	NULL	NULL	NULL	NULL
CHEMBL2186754	HEK293	HEK293 (Embryonic kidney fibroblasts)	Homo sapiens	Embryonic kidney fibroblasts
CHEMBL2188943	CHO	CHO (Ovarian cells)	Cricetulus griseus	Ovarian cells
CHEMBL2188959	NULL	NULL	NULL	NULL
CHEMBL2183581	NULL	NULL	NULL	NULL
CHEMBL2184930	HEK293	HEK293 (Embryonic kidney fibroblasts)	Homo sapiens	Embryonic kidney fibroblasts
CHEMBL2187242	CHO	CHO (Ovarian cells)	Cricetulus griseus	Ovarian cells
CHEMBL2182407	CHO	CHO (Ovarian cells)	Cricetulus griseus	Ovarian cells
CHEMBL2182408	CHO	CHO (Ovarian cells)	Cricetulus griseus	Ovarian cells
CHEMBL2184032	NULL	NULL	NULL	NULL
CHEMBL2186403	NULL	NULL	NULL	NULL
CHEMBL2186404	NULL	NULL	NULL	NULL
CHEMBL2183278	HEK293	HEK293 (Embryonic kidney fibroblasts)	Homo sapiens	Embryonic kidney fibroblasts
CHEMBL2184102	NULL	NULL	NULL	NULL
CHEMBL2187784	NULL	NULL	NULL	NULL
CHEMBL2187785	NULL	NULL	NULL	NULL
CHEMBL2187786	NULL	NULL	NULL	NULL
CHEMBL2187790	NULL	NULL	NULL	NULL
CHEMBL2187791	NULL	NULL	NULL	NULL
CHEMBL2186472	HEK293	HEK293 (Embryonic kidney fibroblasts)	Homo sapiens	Embryonic kidney fibroblasts
CHEMBL2208508	NULL	NULL	NULL	NULL
CHEMBL2208509	NULL	NULL	NULL	NULL
CHEMBL2208511	NULL	NULL	NULL	NULL
CHEMBL2208705	NULL	NULL	NULL	NULL
CHEMBL2208784	HEK293	HEK293 (Embryonic kidney fibroblasts)	Homo sapiens	Embryonic kidney fibroblasts
CHEMBL2208575	NULL	NULL	NULL	NULL
CHEMBL2208576	NULL	NULL	NULL	NULL
CHEMBL2210522	NULL	NULL	NULL	NULL
CHEMBL2216323	HEK293	HEK293 (Embryonic kidney fibroblasts)	Homo sapiens	Embryonic kidney fibroblasts
CHEMBL2216324	HEK293	HEK293 (Embryonic kidney fibroblasts)	Homo sapiens	Embryonic kidney fibroblasts
CHEMBL2211966	NULL	NULL	NULL	NULL
CHEMBL2216345	NULL	NULL	NULL	NULL
CHEMBL2211566	NULL	NULL	NULL	NULL
CHEMBL2211621	NULL	NULL	NULL	NULL
CHEMBL2215011	HEK293	HEK293 (Embryonic kidney fibroblasts)	Homo sapiens	Embryonic kidney fibroblasts
CHEMBL2215013	HEK293	HEK293 (Embryonic kidney fibroblasts)	Homo sapiens	Embryonic kidney fibroblasts
CHEMBL2215015	HEK293	HEK293 (Embryonic kidney fibroblasts)	Homo sapiens	Embryonic kidney fibroblasts
CHEMBL2214094	NULL	NULL	NULL	NULL
CHEMBL2214095	NULL	NULL	NULL	NULL
CHEMBL2214096	NULL	NULL	NULL	NULL
CHEMBL2209447	NULL	NULL	NULL	NULL
CHEMBL2214148	NULL	NULL	NULL	NULL
CHEMBL2215143	HEK293	HEK293 (Embryonic kidney fibroblasts)	Homo sapiens	Embryonic kidney fibroblasts
CHEMBL2215146	HEK293	HEK293 (Embryonic kidney fibroblasts)	Homo sapiens	Embryonic kidney fibroblasts
CHEMBL2215193	NULL	NULL	NULL	NULL
CHEMBL2215678	NULL	NULL	NULL	NULL
CHEMBL2209547	HEK293	HEK293 (Embryonic kidney fibroblasts)	Homo sapiens	Embryonic kidney fibroblasts
CHEMBL2210902	NULL	NULL	NULL	NULL
CHEMBL2210904	NULL	NULL	NULL	NULL
CHEMBL2212824	NULL	NULL	NULL	NULL
CHEMBL2211387	NULL	NULL	NULL	NULL
CHEMBL2215781	NULL	NULL	NULL	NULL
CHEMBL2215806	HEK293	HEK293 (Embryonic kidney fibroblasts)	Homo sapiens	Embryonic kidney fibroblasts
CHEMBL2216271	NULL	NULL	NULL	NULL
CHEMBL2216273	HEK293	HEK293 (Embryonic kidney fibroblasts)	Homo sapiens	Embryonic kidney fibroblasts
CHEMBL2216274	HEK293	HEK293 (Embryonic kidney fibroblasts)	Homo sapiens	Embryonic kidney fibroblasts
CHEMBL2216275	HEK293	HEK293 (Embryonic kidney fibroblasts)	Homo sapiens	Embryonic kidney fibroblasts
CHEMBL2216282	NULL	NULL	NULL	NULL
CHEMBL2216283	NULL	NULL	NULL	NULL
CHEMBL2216713	NULL	NULL	NULL	NULL
CHEMBL2216714	NULL	NULL	NULL	NULL
CHEMBL2217322	HEK293	HEK293 (Embryonic kidney fibroblasts)	Homo sapiens	Embryonic kidney fibroblasts
CHEMBL2217323	HEK293	HEK293 (Embryonic kidney fibroblasts)	Homo sapiens	Embryonic kidney fibroblasts
CHEMBL2217324	HEK293	HEK293 (Embryonic kidney fibroblasts)	Homo sapiens	Embryonic kidney fibroblasts
CHEMBL2217325	HEK293	HEK293 (Embryonic kidney fibroblasts)	Homo sapiens	Embryonic kidney fibroblasts
CHEMBL2217326	HEK293	HEK293 (Embryonic kidney fibroblasts)	Homo sapiens	Embryonic kidney fibroblasts
CHEMBL2217327	HEK293	HEK293 (Embryonic kidney fibroblasts)	Homo sapiens	Embryonic kidney fibroblasts
CHEMBL2217328	HEK293	HEK293 (Embryonic kidney fibroblasts)	Homo sapiens	Embryonic kidney fibroblasts
CHEMBL2217329	HEK293	HEK293 (Embryonic kidney fibroblasts)	Homo sapiens	Embryonic kidney fibroblasts
CHEMBL2217330	HEK293	HEK293 (Embryonic kidney fibroblasts)	Homo sapiens	Embryonic kidney fibroblasts
CHEMBL2217331	HEK293	HEK293 (Embryonic kidney fibroblasts)	Homo sapiens	Embryonic kidney fibroblasts
CHEMBL2217332	HEK293	HEK293 (Embryonic kidney fibroblasts)	Homo sapiens	Embryonic kidney fibroblasts
CHEMBL2217333	HEK293	HEK293 (Embryonic kidney fibroblasts)	Homo sapiens	Embryonic kidney fibroblasts
CHEMBL2217334	HEK293	HEK293 (Embryonic kidney fibroblasts)	Homo sapiens	Embryonic kidney fibroblasts
CHEMBL2217335	HEK293	HEK293 (Embryonic kidney fibroblasts)	Homo sapiens	Embryonic kidney fibroblasts
CHEMBL2217336	HEK293	HEK293 (Embryonic kidney fibroblasts)	Homo sapiens	Embryonic kidney fibroblasts
CHEMBL2217337	HEK293	HEK293 (Embryonic kidney fibroblasts)	Homo sapiens	Embryonic kidney fibroblasts
CHEMBL2217338	HEK293	HEK293 (Embryonic kidney fibroblasts)	Homo sapiens	Embryonic kidney fibroblasts
CHEMBL2217339	HEK293	HEK293 (Embryonic kidney fibroblasts)	Homo sapiens	Embryonic kidney fibroblasts
CHEMBL2217340	HEK293	HEK293 (Embryonic kidney fibroblasts)	Homo sapiens	Embryonic kidney fibroblasts
CHEMBL2217341	HEK293	HEK293 (Embryonic kidney fibroblasts)	Homo sapiens	Embryonic kidney fibroblasts
CHEMBL2217342	HEK293	HEK293 (Embryonic kidney fibroblasts)	Homo sapiens	Embryonic kidney fibroblasts
CHEMBL2216925	NULL	NULL	NULL	NULL
CHEMBL3047878	NULL	NULL	NULL	NULL
CHEMBL3047075	NULL	NULL	NULL	NULL
CHEMBL3061541	NULL	NULL	NULL	NULL
CHEMBL3057170	NULL	NULL	NULL	NULL
CHEMBL3056066	NULL	NULL	NULL	NULL
CHEMBL3074981	NULL	NULL	NULL	NULL
CHEMBL3074982	NULL	NULL	NULL	NULL
CHEMBL3070020	HEK293	HEK293 (Embryonic kidney fibroblasts)	Homo sapiens	Embryonic kidney fibroblasts
CHEMBL2319401	NULL	NULL	NULL	NULL
CHEMBL2320830	NULL	NULL	NULL	NULL
CHEMBL2317752	CHO	CHO (Ovarian cells)	Cricetulus griseus	Ovarian cells
CHEMBL2318058	NULL	NULL	NULL	NULL
CHEMBL2318069	NULL	NULL	NULL	NULL
CHEMBL2318185	NULL	NULL	NULL	NULL
CHEMBL2318190	NULL	NULL	NULL	NULL
CHEMBL2318750	NULL	NULL	NULL	NULL
CHEMBL2319031	NULL	NULL	NULL	NULL
CHEMBL2320190	CHO	CHO (Ovarian cells)	Cricetulus griseus	Ovarian cells
CHEMBL2318297	NULL	NULL	NULL	NULL
CHEMBL2320518	HEK293	HEK293 (Embryonic kidney fibroblasts)	Homo sapiens	Embryonic kidney fibroblasts
CHEMBL2320519	NULL	NULL	NULL	NULL
CHEMBL2317008	NULL	NULL	NULL	NULL
CHEMBL2327882	NULL	NULL	NULL	NULL
CHEMBL2327410	CHO	CHO (Ovarian cells)	Cricetulus griseus	Ovarian cells
CHEMBL2327052	HEK293	HEK293 (Embryonic kidney fibroblasts)	Homo sapiens	Embryonic kidney fibroblasts
CHEMBL2327054	HEK293	HEK293 (Embryonic kidney fibroblasts)	Homo sapiens	Embryonic kidney fibroblasts
CHEMBL2327428	HEK293	HEK293 (Embryonic kidney fibroblasts)	Homo sapiens	Embryonic kidney fibroblasts
CHEMBL2327767	NULL	NULL	NULL	NULL
CHEMBL2328093	NULL	NULL	NULL	NULL
CHEMBL2328095	NULL	NULL	NULL	NULL
CHEMBL2328112	NULL	NULL	NULL	NULL
CHEMBL2328122	NULL	NULL	NULL	NULL
CHEMBL2329216	NULL	NULL	NULL	NULL
CHEMBL2328742	NULL	NULL	NULL	NULL
CHEMBL2327304	CHO-K1	CHO-K1 (Ovarian cells)	Cricetulus griseus	Ovarian cells
CHEMBL2328652	NULL	NULL	NULL	NULL
CHEMBL2327575	NULL	NULL	NULL	NULL
CHEMBL2327740	HEK293	HEK293 (Embryonic kidney fibroblasts)	Homo sapiens	Embryonic kidney fibroblasts
CHEMBL2330006	NULL	NULL	NULL	NULL
CHEMBL2330007	NULL	NULL	NULL	NULL
CHEMBL2330583	NULL	NULL	NULL	NULL
CHEMBL2330715	NULL	NULL	NULL	NULL
CHEMBL2330743	HEK293	HEK293 (Embryonic kidney fibroblasts)	Homo sapiens	Embryonic kidney fibroblasts
CHEMBL2330779	HEK293	HEK293 (Embryonic kidney fibroblasts)	Homo sapiens	Embryonic kidney fibroblasts
CHEMBL2330780	HEK293	HEK293 (Embryonic kidney fibroblasts)	Homo sapiens	Embryonic kidney fibroblasts
CHEMBL2330781	HEK293	HEK293 (Embryonic kidney fibroblasts)	Homo sapiens	Embryonic kidney fibroblasts
CHEMBL2330875	CHO	CHO (Ovarian cells)	Cricetulus griseus	Ovarian cells
CHEMBL2330395	CHO-K1	CHO-K1 (Ovarian cells)	Cricetulus griseus	Ovarian cells
CHEMBL2330396	CHO-K1	CHO-K1 (Ovarian cells)	Cricetulus griseus	Ovarian cells
CHEMBL2330862	NULL	NULL	NULL	NULL
CHEMBL2329729	NULL	NULL	NULL	NULL
CHEMBL2329731	NULL	NULL	NULL	NULL
CHEMBL2330319	NULL	NULL	NULL	NULL
CHEMBL2330323	NULL	NULL	NULL	NULL
CHEMBL2340286	CHO-K1	CHO-K1 (Ovarian cells)	Cricetulus griseus	Ovarian cells
CHEMBL2341331	NULL	NULL	NULL	NULL
CHEMBL2342858	NULL	NULL	NULL	NULL
CHEMBL2345730	NULL	NULL	NULL	NULL
CHEMBL2340398	HEK293	HEK293 (Embryonic kidney fibroblasts)	Homo sapiens	Embryonic kidney fibroblasts
CHEMBL2340399	HEK293	HEK293 (Embryonic kidney fibroblasts)	Homo sapiens	Embryonic kidney fibroblasts
CHEMBL2345755	NULL	NULL	NULL	NULL
CHEMBL2339897	NULL	NULL	NULL	NULL
CHEMBL2339912	NULL	NULL	NULL	NULL
CHEMBL2344471	NULL	NULL	NULL	NULL
CHEMBL2343015	NULL	NULL	NULL	NULL
CHEMBL2344005	CHO	CHO (Ovarian cells)	Cricetulus griseus	Ovarian cells
CHEMBL2344006	CHO	CHO (Ovarian cells)	Cricetulus griseus	Ovarian cells
CHEMBL2344008	CHO	CHO (Ovarian cells)	Cricetulus griseus	Ovarian cells
CHEMBL2344009	CHO	CHO (Ovarian cells)	Cricetulus griseus	Ovarian cells
CHEMBL2344015	CHO	CHO (Ovarian cells)	Cricetulus griseus	Ovarian cells
CHEMBL2339143	NULL	NULL	NULL	NULL
CHEMBL2341506	NULL	NULL	NULL	NULL
CHEMBL2342062	NULL	NULL	NULL	NULL
CHEMBL2346000	NULL	NULL	NULL	NULL
CHEMBL2346009	NULL	NULL	NULL	NULL
CHEMBL2340120	NULL	NULL	NULL	NULL
CHEMBL2342699	NULL	NULL	NULL	NULL
CHEMBL2338825	NULL	NULL	NULL	NULL
CHEMBL2340694	NULL	NULL	NULL	NULL
CHEMBL2342727	NULL	NULL	NULL	NULL
CHEMBL2343703	NULL	NULL	NULL	NULL
CHEMBL2344711	NULL	NULL	NULL	NULL
CHEMBL2350555	NULL	NULL	NULL	NULL
CHEMBL2352368	NULL	NULL	NULL	NULL
CHEMBL2352672	NULL	NULL	NULL	NULL
CHEMBL2350608	NULL	NULL	NULL	NULL
CHEMBL2350655	NULL	NULL	NULL	NULL
CHEMBL2351330	NULL	NULL	NULL	NULL
CHEMBL2352554	NULL	NULL	NULL	NULL
CHEMBL2379703	NULL	NULL	NULL	NULL
CHEMBL2378543	NULL	NULL	NULL	NULL
CHEMBL2378605	NULL	NULL	NULL	NULL
CHEMBL2384079	NULL	NULL	NULL	NULL
CHEMBL2384387	HEK293	HEK293 (Embryonic kidney fibroblasts)	Homo sapiens	Embryonic kidney fibroblasts
CHEMBL2384768	HEK293	HEK293 (Embryonic kidney fibroblasts)	Homo sapiens	Embryonic kidney fibroblasts
CHEMBL2383266	NULL	NULL	NULL	NULL
CHEMBL2384313	NULL	NULL	NULL	NULL
CHEMBL2384851	NULL	NULL	NULL	NULL
CHEMBL2382843	NULL	NULL	NULL	NULL
CHEMBL2382844	L929	L929 (Fibroblast cells)	Mus musculus	Fibroblast cells
CHEMBL2382845	L929	L929 (Fibroblast cells)	Mus musculus	Fibroblast cells
CHEMBL2382846	CHO	CHO (Ovarian cells)	Cricetulus griseus	Ovarian cells
CHEMBL2382847	CHO	CHO (Ovarian cells)	Cricetulus griseus	Ovarian cells
CHEMBL2382572	CHO	CHO (Ovarian cells)	Cricetulus griseus	Ovarian cells
CHEMBL2387961	NULL	NULL	NULL	NULL
CHEMBL2387962	NULL	NULL	NULL	NULL
CHEMBL2387963	NULL	NULL	NULL	NULL
CHEMBL2388893	NULL	NULL	NULL	NULL
CHEMBL2389350	NULL	NULL	NULL	NULL
CHEMBL2390460	NULL	NULL	NULL	NULL
CHEMBL2389567	NULL	NULL	NULL	NULL
CHEMBL2389758	CHO-K1	CHO-K1 (Ovarian cells)	Cricetulus griseus	Ovarian cells
CHEMBL2389760	HEK293	HEK293 (Embryonic kidney fibroblasts)	Homo sapiens	Embryonic kidney fibroblasts
CHEMBL2390341	HEK293	HEK293 (Embryonic kidney fibroblasts)	Homo sapiens	Embryonic kidney fibroblasts
CHEMBL2388202	HEK293	HEK293 (Embryonic kidney fibroblasts)	Homo sapiens	Embryonic kidney fibroblasts
CHEMBL2390363	HEK293	HEK293 (Embryonic kidney fibroblasts)	Homo sapiens	Embryonic kidney fibroblasts
CHEMBL2390223	HEK293	HEK293 (Embryonic kidney fibroblasts)	Homo sapiens	Embryonic kidney fibroblasts
CHEMBL2393913	NULL	NULL	NULL	NULL
CHEMBL2394789	HEK293	HEK293 (Embryonic kidney fibroblasts)	Homo sapiens	Embryonic kidney fibroblasts
CHEMBL2395206	NULL	NULL	NULL	NULL
CHEMBL2395207	HEK293	HEK293 (Embryonic kidney fibroblasts)	Homo sapiens	Embryonic kidney fibroblasts
CHEMBL2395380	HEK293	HEK293 (Embryonic kidney fibroblasts)	Homo sapiens	Embryonic kidney fibroblasts
CHEMBL2395381	HEK293	HEK293 (Embryonic kidney fibroblasts)	Homo sapiens	Embryonic kidney fibroblasts
CHEMBL2394846	NULL	NULL	NULL	NULL
CHEMBL2394847	NULL	NULL	NULL	NULL
CHEMBL2394849	NULL	NULL	NULL	NULL
CHEMBL2395260	NULL	NULL	NULL	NULL
CHEMBL2395262	NULL	NULL	NULL	NULL
CHEMBL2396015	HEK293	HEK293 (Embryonic kidney fibroblasts)	Homo sapiens	Embryonic kidney fibroblasts
CHEMBL2396019	HEK293	HEK293 (Embryonic kidney fibroblasts)	Homo sapiens	Embryonic kidney fibroblasts
CHEMBL2395084	HEK293	HEK293 (Embryonic kidney fibroblasts)	Homo sapiens	Embryonic kidney fibroblasts
CHEMBL2396050	HEK293	HEK293 (Embryonic kidney fibroblasts)	Homo sapiens	Embryonic kidney fibroblasts
CHEMBL2396234	NULL	NULL	NULL	NULL
CHEMBL2396467	NULL	NULL	NULL	NULL
CHEMBL2396468	NULL	NULL	NULL	NULL
CHEMBL2396469	NULL	NULL	NULL	NULL
CHEMBL2398835	NULL	NULL	NULL	NULL
CHEMBL2398849	NULL	NULL	NULL	NULL
CHEMBL2400450	NULL	NULL	NULL	NULL
CHEMBL2400451	HEK293	HEK293 (Embryonic kidney fibroblasts)	Homo sapiens	Embryonic kidney fibroblasts
CHEMBL2400452	HEK293	HEK293 (Embryonic kidney fibroblasts)	Homo sapiens	Embryonic kidney fibroblasts
CHEMBL2400453	HEK293	HEK293 (Embryonic kidney fibroblasts)	Homo sapiens	Embryonic kidney fibroblasts
CHEMBL2400454	HEK293	HEK293 (Embryonic kidney fibroblasts)	Homo sapiens	Embryonic kidney fibroblasts
CHEMBL2400455	HEK293	HEK293 (Embryonic kidney fibroblasts)	Homo sapiens	Embryonic kidney fibroblasts
CHEMBL2400456	HEK293	HEK293 (Embryonic kidney fibroblasts)	Homo sapiens	Embryonic kidney fibroblasts
CHEMBL2401504	HEK293	HEK293 (Embryonic kidney fibroblasts)	Homo sapiens	Embryonic kidney fibroblasts
CHEMBL2399255	HEK293	HEK293 (Embryonic kidney fibroblasts)	Homo sapiens	Embryonic kidney fibroblasts
CHEMBL2399368	HEK293	HEK293 (Embryonic kidney fibroblasts)	Homo sapiens	Embryonic kidney fibroblasts
CHEMBL2400598	NULL	NULL	NULL	NULL
CHEMBL2400599	NULL	NULL	NULL	NULL
CHEMBL2404993	CHO	CHO (Ovarian cells)	Cricetulus griseus	Ovarian cells
CHEMBL2404994	CHO	CHO (Ovarian cells)	Cricetulus griseus	Ovarian cells
CHEMBL2404995	CHO	CHO (Ovarian cells)	Cricetulus griseus	Ovarian cells
CHEMBL2405803	NULL	NULL	NULL	NULL
CHEMBL2406416	NULL	NULL	NULL	NULL
CHEMBL2406780	NULL	NULL	NULL	NULL
CHEMBL2404558	CHO	CHO (Ovarian cells)	Cricetulus griseus	Ovarian cells
CHEMBL2406353	NULL	NULL	NULL	NULL
CHEMBL2406355	NULL	NULL	NULL	NULL
CHEMBL2406366	NULL	NULL	NULL	NULL
CHEMBL2404197	HEK293	HEK293 (Embryonic kidney fibroblasts)	Homo sapiens	Embryonic kidney fibroblasts
CHEMBL2404382	NULL	NULL	NULL	NULL
CHEMBL2405371	NULL	NULL	NULL	NULL
CHEMBL2411100	CHO	CHO (Ovarian cells)	Cricetulus griseus	Ovarian cells
CHEMBL2411830	NULL	NULL	NULL	NULL
CHEMBL2411831	NULL	NULL	NULL	NULL
CHEMBL2412857	NULL	NULL	NULL	NULL
CHEMBL2410074	NULL	NULL	NULL	NULL
CHEMBL2410296	NULL	NULL	NULL	NULL
CHEMBL2411862	NULL	NULL	NULL	NULL
CHEMBL2411001	NULL	NULL	NULL	NULL
CHEMBL2412548	NULL	NULL	NULL	NULL
CHEMBL2412549	NULL	NULL	NULL	NULL
CHEMBL2412551	NULL	NULL	NULL	NULL
CHEMBL2415312	NULL	NULL	NULL	NULL
CHEMBL2415177	NULL	NULL	NULL	NULL
CHEMBL2415207	NULL	NULL	NULL	NULL
CHEMBL2415345	NULL	NULL	NULL	NULL
CHEMBL2417289	NULL	NULL	NULL	NULL
CHEMBL2417298	NULL	NULL	NULL	NULL
CHEMBL2422520	NULL	NULL	NULL	NULL
CHEMBL2422533	HEK293	HEK293 (Embryonic kidney fibroblasts)	Homo sapiens	Embryonic kidney fibroblasts
CHEMBL2422534	HEK293	HEK293 (Embryonic kidney fibroblasts)	Homo sapiens	Embryonic kidney fibroblasts
CHEMBL2422129	NULL	NULL	NULL	NULL
CHEMBL2422131	NULL	NULL	NULL	NULL
CHEMBL2422133	NULL	NULL	NULL	NULL
CHEMBL2423441	CHO	CHO (Ovarian cells)	Cricetulus griseus	Ovarian cells
CHEMBL2424139	NULL	NULL	NULL	NULL
CHEMBL2424274	NULL	NULL	NULL	NULL
CHEMBL2424275	NULL	NULL	NULL	NULL
CHEMBL2424465	NULL	NULL	NULL	NULL
CHEMBL2427694	NULL	NULL	NULL	NULL
CHEMBL2429187	NULL	NULL	NULL	NULL
CHEMBL2426900	CHO	CHO (Ovarian cells)	Cricetulus griseus	Ovarian cells
CHEMBL2427860	HEK293	HEK293 (Embryonic kidney fibroblasts)	Homo sapiens	Embryonic kidney fibroblasts
CHEMBL2427861	NULL	NULL	NULL	NULL
CHEMBL2429415	NULL	NULL	NULL	NULL
CHEMBL2429417	NULL	NULL	NULL	NULL
CHEMBL2429418	NULL	NULL	NULL	NULL
CHEMBL2432226	NULL	NULL	NULL	NULL
CHEMBL2433139	NULL	NULL	NULL	NULL
CHEMBL2432176	NULL	NULL	NULL	NULL
CHEMBL2439735	CHO	CHO (Ovarian cells)	Cricetulus griseus	Ovarian cells
CHEMBL2439737	CHO	CHO (Ovarian cells)	Cricetulus griseus	Ovarian cells
CHEMBL2437987	NULL	NULL	NULL	NULL
CHEMBL2439896	HEK293	HEK293 (Embryonic kidney fibroblasts)	Homo sapiens	Embryonic kidney fibroblasts
CHEMBL2439936	NULL	NULL	NULL	NULL
CHEMBL2446215	NULL	NULL	NULL	NULL
CHEMBL2445975	HEK293	HEK293 (Embryonic kidney fibroblasts)	Homo sapiens	Embryonic kidney fibroblasts
CHEMBL2445976	HEK293	HEK293 (Embryonic kidney fibroblasts)	Homo sapiens	Embryonic kidney fibroblasts
CHEMBL2445977	HEK293	HEK293 (Embryonic kidney fibroblasts)	Homo sapiens	Embryonic kidney fibroblasts
CHEMBL2445978	HEK293	HEK293 (Embryonic kidney fibroblasts)	Homo sapiens	Embryonic kidney fibroblasts
CHEMBL2447581	HEK293	HEK293 (Embryonic kidney fibroblasts)	Homo sapiens	Embryonic kidney fibroblasts
CHEMBL2447582	HEK293	HEK293 (Embryonic kidney fibroblasts)	Homo sapiens	Embryonic kidney fibroblasts
CHEMBL2447583	HEK293	HEK293 (Embryonic kidney fibroblasts)	Homo sapiens	Embryonic kidney fibroblasts
CHEMBL2447591	HEK293	HEK293 (Embryonic kidney fibroblasts)	Homo sapiens	Embryonic kidney fibroblasts
CHEMBL2444347	CHO	CHO (Ovarian cells)	Cricetulus griseus	Ovarian cells
CHEMBL2444927	NULL	NULL	NULL	NULL
CHEMBL2445494	HEK293	HEK293 (Embryonic kidney fibroblasts)	Homo sapiens	Embryonic kidney fibroblasts
CHEMBL2447659	NULL	NULL	NULL	NULL
CHEMBL2443472	NULL	NULL	NULL	NULL
CHEMBL2443476	NULL	NULL	NULL	NULL
CHEMBL2443479	NULL	NULL	NULL	NULL
CHEMBL2443482	NULL	NULL	NULL	NULL
CHEMBL2443511	CHO	CHO (Ovarian cells)	Cricetulus griseus	Ovarian cells
CHEMBL2444709	NULL	NULL	NULL	NULL
CHEMBL2445808	NULL	NULL	NULL	NULL
CHEMBL2444175	NULL	NULL	NULL	NULL
CHEMBL2444437	NULL	NULL	NULL	NULL
CHEMBL3090651	NULL	NULL	NULL	NULL
CHEMBL3090534	NULL	NULL	NULL	NULL
CHEMBL3090833	NULL	NULL	NULL	NULL
CHEMBL3090926	CHO	CHO (Ovarian cells)	Cricetulus griseus	Ovarian cells
CHEMBL3089255	CHO	CHO (Ovarian cells)	Cricetulus griseus	Ovarian cells
CHEMBL3089256	CHO	CHO (Ovarian cells)	Cricetulus griseus	Ovarian cells
CHEMBL3096002	NULL	NULL	NULL	NULL
CHEMBL3096209	NULL	NULL	NULL	NULL
CHEMBL3097141	NULL	NULL	NULL	NULL
CHEMBL3096515	HEK293	HEK293 (Embryonic kidney fibroblasts)	Homo sapiens	Embryonic kidney fibroblasts
CHEMBL3096729	HEK293	HEK293 (Embryonic kidney fibroblasts)	Homo sapiens	Embryonic kidney fibroblasts
CHEMBL3096730	HEK293	HEK293 (Embryonic kidney fibroblasts)	Homo sapiens	Embryonic kidney fibroblasts
CHEMBL3096731	HEK293	HEK293 (Embryonic kidney fibroblasts)	Homo sapiens	Embryonic kidney fibroblasts
CHEMBL3096732	HEK293	HEK293 (Embryonic kidney fibroblasts)	Homo sapiens	Embryonic kidney fibroblasts
CHEMBL3096733	HEK293	HEK293 (Embryonic kidney fibroblasts)	Homo sapiens	Embryonic kidney fibroblasts
CHEMBL3096350	CHO	CHO (Ovarian cells)	Cricetulus griseus	Ovarian cells
CHEMBL3096370	NULL	NULL	NULL	NULL
CHEMBL3096555	NULL	NULL	NULL	NULL
CHEMBL3094681	NULL	NULL	NULL	NULL
CHEMBL3095543	NULL	NULL	NULL	NULL
CHEMBL3102565	NULL	NULL	NULL	NULL
CHEMBL3100169	NULL	NULL	NULL	NULL
CHEMBL3100170	NULL	NULL	NULL	NULL
CHEMBL3100171	CHO	CHO (Ovarian cells)	Cricetulus griseus	Ovarian cells
CHEMBL3100172	NULL	NULL	NULL	NULL
CHEMBL3100173	CHO	CHO (Ovarian cells)	Cricetulus griseus	Ovarian cells
CHEMBL3102091	HEK293	HEK293 (Embryonic kidney fibroblasts)	Homo sapiens	Embryonic kidney fibroblasts
CHEMBL3101015	NULL	NULL	NULL	NULL
CHEMBL3101858	NULL	NULL	NULL	NULL
CHEMBL3102172	NULL	NULL	NULL	NULL
CHEMBL3102516	NULL	NULL	NULL	NULL
CHEMBL3102517	NULL	NULL	NULL	NULL
CHEMBL3102518	NULL	NULL	NULL	NULL
CHEMBL3100944	NULL	NULL	NULL	NULL
CHEMBL3107056	NULL	NULL	NULL	NULL
CHEMBL3106563	NULL	NULL	NULL	NULL
CHEMBL3108398	NULL	NULL	NULL	NULL
CHEMBL3106829	NULL	NULL	NULL	NULL
CHEMBL3107883	NULL	NULL	NULL	NULL
CHEMBL3111671	NULL	NULL	NULL	NULL
CHEMBL3112307	NULL	NULL	NULL	NULL
CHEMBL3117317	NULL	NULL	NULL	NULL
CHEMBL3117581	HEK293	HEK293 (Embryonic kidney fibroblasts)	Homo sapiens	Embryonic kidney fibroblasts
CHEMBL3117583	NULL	NULL	NULL	NULL
CHEMBL3117598	NULL	NULL	NULL	NULL
CHEMBL3117650	NULL	NULL	NULL	NULL
CHEMBL3117841	NULL	NULL	NULL	NULL
CHEMBL3116554	NULL	NULL	NULL	NULL
CHEMBL3118368	NULL	NULL	NULL	NULL
CHEMBL3118572	NULL	NULL	NULL	NULL
CHEMBL3119938	NULL	NULL	NULL	NULL
CHEMBL3119942	NULL	NULL	NULL	NULL
CHEMBL3116939	CHO	CHO (Ovarian cells)	Cricetulus griseus	Ovarian cells
CHEMBL3118388	NULL	NULL	NULL	NULL
CHEMBL3118391	NULL	NULL	NULL	NULL
CHEMBL3119345	NULL	NULL	NULL	NULL
CHEMBL3124407	NULL	NULL	NULL	NULL
CHEMBL3124427	CHO	CHO (Ovarian cells)	Cricetulus griseus	Ovarian cells
CHEMBL3122291	NULL	NULL	NULL	NULL
CHEMBL3123163	NULL	NULL	NULL	NULL
CHEMBL3123229	HEK293	HEK293 (Embryonic kidney fibroblasts)	Homo sapiens	Embryonic kidney fibroblasts
CHEMBL3123230	CHO	CHO (Ovarian cells)	Cricetulus griseus	Ovarian cells
CHEMBL3123331	NULL	NULL	NULL	NULL
CHEMBL3123626	NULL	NULL	NULL	NULL
CHEMBL3123641	NULL	NULL	NULL	NULL
CHEMBL3129033	NULL	NULL	NULL	NULL
CHEMBL3129034	NULL	NULL	NULL	NULL
CHEMBL3128589	NULL	NULL	NULL	NULL
CHEMBL3128610	NULL	NULL	NULL	NULL
CHEMBL3128676	HEK293	HEK293 (Embryonic kidney fibroblasts)	Homo sapiens	Embryonic kidney fibroblasts
CHEMBL3128678	NULL	NULL	NULL	NULL
CHEMBL3128856	NULL	NULL	NULL	NULL
CHEMBL3128857	NULL	NULL	NULL	NULL
CHEMBL3129316	NULL	NULL	NULL	NULL
CHEMBL3131949	NULL	NULL	NULL	NULL
CHEMBL3131986	NULL	NULL	NULL	NULL
CHEMBL3130896	NULL	NULL	NULL	NULL
CHEMBL3132256	CHO-K1	CHO-K1 (Ovarian cells)	Cricetulus griseus	Ovarian cells
CHEMBL3129644	NULL	NULL	NULL	NULL
CHEMBL3130759	NULL	NULL	NULL	NULL
CHEMBL3135871	NULL	NULL	NULL	NULL
CHEMBL3135109	NULL	NULL	NULL	NULL
CHEMBL3215094	NULL	NULL	NULL	NULL
CHEMBL3214886	NULL	NULL	NULL	NULL
CHEMBL3225065	CHO	CHO (Ovarian cells)	Cricetulus griseus	Ovarian cells
CHEMBL3225066	CHO	CHO (Ovarian cells)	Cricetulus griseus	Ovarian cells
CHEMBL3226215	NULL	NULL	NULL	NULL
CHEMBL3226254	NULL	NULL	NULL	NULL
CHEMBL3226599	CHO	CHO (Ovarian cells)	Cricetulus griseus	Ovarian cells
CHEMBL3223962	NULL	NULL	NULL	NULL
CHEMBL3223963	NULL	NULL	NULL	NULL
CHEMBL3224294	NULL	NULL	NULL	NULL
CHEMBL3226991	NULL	NULL	NULL	NULL
CHEMBL3227002	NULL	NULL	NULL	NULL
CHEMBL3223680	NULL	NULL	NULL	NULL
CHEMBL3225152	NULL	NULL	NULL	NULL
CHEMBL3225969	NULL	NULL	NULL	NULL
CHEMBL3225974	NULL	NULL	NULL	NULL
CHEMBL3224838	HEK293	HEK293 (Embryonic kidney fibroblasts)	Homo sapiens	Embryonic kidney fibroblasts
CHEMBL3224839	HEK293	HEK293 (Embryonic kidney fibroblasts)	Homo sapiens	Embryonic kidney fibroblasts
CHEMBL3227119	NULL	NULL	NULL	NULL
CHEMBL3223442	NULL	NULL	NULL	NULL
CHEMBL3224857	CHO	CHO (Ovarian cells)	Cricetulus griseus	Ovarian cells
CHEMBL3225271	NULL	NULL	NULL	NULL
CHEMBL3226521	NULL	NULL	NULL	NULL
CHEMBL3227234	NULL	NULL	NULL	NULL
CHEMBL3224183	NULL	NULL	NULL	NULL
CHEMBL3224193	NULL	NULL	NULL	NULL
CHEMBL3239612	NULL	NULL	NULL	NULL
CHEMBL3239613	NULL	NULL	NULL	NULL
CHEMBL3239685	NULL	NULL	NULL	NULL
CHEMBL3239686	NULL	NULL	NULL	NULL
CHEMBL3239511	NULL	NULL	NULL	NULL
CHEMBL3240534	NULL	NULL	NULL	NULL
CHEMBL3241472	HEK293	HEK293 (Embryonic kidney fibroblasts)	Homo sapiens	Embryonic kidney fibroblasts
CHEMBL3241473	HEK293	HEK293 (Embryonic kidney fibroblasts)	Homo sapiens	Embryonic kidney fibroblasts
CHEMBL3241657	NULL	NULL	NULL	NULL
CHEMBL3241658	HEK293	HEK293 (Embryonic kidney fibroblasts)	Homo sapiens	Embryonic kidney fibroblasts
CHEMBL3242069	NULL	NULL	NULL	NULL
CHEMBL3242070	NULL	NULL	NULL	NULL
CHEMBL3242071	NULL	NULL	NULL	NULL
CHEMBL3242072	NULL	NULL	NULL	NULL
CHEMBL3242073	NULL	NULL	NULL	NULL
CHEMBL3239967	NULL	NULL	NULL	NULL
CHEMBL3241723	NULL	NULL	NULL	NULL
CHEMBL3242088	NULL	NULL	NULL	NULL
CHEMBL3242637	NULL	NULL	NULL	NULL
CHEMBL3240651	NULL	NULL	NULL	NULL
CHEMBL3240911	CHO	CHO (Ovarian cells)	Cricetulus griseus	Ovarian cells
CHEMBL3241797	NULL	NULL	NULL	NULL
CHEMBL3243282	NULL	NULL	NULL	NULL
CHEMBL3243551	NULL	NULL	NULL	NULL
CHEMBL3243209	HEK293	HEK293 (Embryonic kidney fibroblasts)	Homo sapiens	Embryonic kidney fibroblasts
CHEMBL3243210	HEK293	HEK293 (Embryonic kidney fibroblasts)	Homo sapiens	Embryonic kidney fibroblasts
CHEMBL3267117	NULL	NULL	NULL	NULL
CHEMBL3268319	NULL	NULL	NULL	NULL
CHEMBL3268691	NULL	NULL	NULL	NULL
CHEMBL3268715	NULL	NULL	NULL	NULL
CHEMBL3271183	HEK293	HEK293 (Embryonic kidney fibroblasts)	Homo sapiens	Embryonic kidney fibroblasts
CHEMBL3271184	HEK293	HEK293 (Embryonic kidney fibroblasts)	Homo sapiens	Embryonic kidney fibroblasts
CHEMBL3271185	HEK293	HEK293 (Embryonic kidney fibroblasts)	Homo sapiens	Embryonic kidney fibroblasts
CHEMBL3271186	HEK293	HEK293 (Embryonic kidney fibroblasts)	Homo sapiens	Embryonic kidney fibroblasts
CHEMBL3271187	HEK293	HEK293 (Embryonic kidney fibroblasts)	Homo sapiens	Embryonic kidney fibroblasts
CHEMBL3271188	HEK293	HEK293 (Embryonic kidney fibroblasts)	Homo sapiens	Embryonic kidney fibroblasts
CHEMBL3270057	NULL	NULL	NULL	NULL
CHEMBL3270478	NULL	NULL	NULL	NULL
CHEMBL3268095	NULL	NULL	NULL	NULL
CHEMBL3268488	NULL	NULL	NULL	NULL
CHEMBL3266593	NULL	NULL	NULL	NULL
CHEMBL3268527	HEK293	HEK293 (Embryonic kidney fibroblasts)	Homo sapiens	Embryonic kidney fibroblasts
CHEMBL3268528	HEK293	HEK293 (Embryonic kidney fibroblasts)	Homo sapiens	Embryonic kidney fibroblasts
CHEMBL3270545	NULL	NULL	NULL	NULL
CHEMBL3266605	NULL	NULL	NULL	NULL
CHEMBL3267744	NULL	NULL	NULL	NULL
CHEMBL3265847	CHO	CHO (Ovarian cells)	Cricetulus griseus	Ovarian cells
CHEMBL3266651	CHO	CHO (Ovarian cells)	Cricetulus griseus	Ovarian cells
CHEMBL3269792	NULL	NULL	NULL	NULL
CHEMBL3266700	NULL	NULL	NULL	NULL
CHEMBL3268200	CHO	CHO (Ovarian cells)	Cricetulus griseus	Ovarian cells
CHEMBL3266304	NULL	NULL	NULL	NULL
CHEMBL3295404	CHO	CHO (Ovarian cells)	Cricetulus griseus	Ovarian cells
CHEMBL3292131	NULL	NULL	NULL	NULL
CHEMBL3292737	HEK293	HEK293 (Embryonic kidney fibroblasts)	Homo sapiens	Embryonic kidney fibroblasts
CHEMBL3294033	NULL	NULL	NULL	NULL
CHEMBL3295453	NULL	NULL	NULL	NULL
CHEMBL3292514	NULL	NULL	NULL	NULL
CHEMBL3291637	NULL	NULL	NULL	NULL
CHEMBL3291975	NULL	NULL	NULL	NULL
CHEMBL3293609	NULL	NULL	NULL	NULL
CHEMBL3293610	HEK293	HEK293 (Embryonic kidney fibroblasts)	Homo sapiens	Embryonic kidney fibroblasts
CHEMBL3294432	NULL	NULL	NULL	NULL
CHEMBL3295244	NULL	NULL	NULL	NULL
CHEMBL3292598	NULL	NULL	NULL	NULL
CHEMBL3292599	NULL	NULL	NULL	NULL
CHEMBL3292600	NULL	NULL	NULL	NULL
CHEMBL3293920	NULL	NULL	NULL	NULL
CHEMBL3295909	CHO	CHO (Ovarian cells)	Cricetulus griseus	Ovarian cells
CHEMBL3294274	NULL	NULL	NULL	NULL
CHEMBL3292925	NULL	NULL	NULL	NULL
CHEMBL3296755	NULL	NULL	NULL	NULL
CHEMBL3296306	NULL	NULL	NULL	NULL
CHEMBL3295963	NULL	NULL	NULL	NULL
CHEMBL3296720	NULL	NULL	NULL	NULL
CHEMBL3297246	CHO	CHO (Ovarian cells)	Cricetulus griseus	Ovarian cells
CHEMBL3300819	NULL	NULL	NULL	NULL
CHEMBL3301459	NULL	NULL	NULL	NULL
CHEMBL3301460	NULL	NULL	NULL	NULL
CHEMBL3391347	NULL	NULL	NULL	NULL
CHEMBL3391260	NULL	NULL	NULL	NULL
CHEMBL3389842	NULL	NULL	NULL	NULL
CHEMBL3383846	NULL	NULL	NULL	NULL
CHEMBL3382692	NULL	NULL	NULL	NULL
CHEMBL3382693	NULL	NULL	NULL	NULL
CHEMBL3382749	NULL	NULL	NULL	NULL
CHEMBL3390017	HEK293	HEK293 (Embryonic kidney fibroblasts)	Homo sapiens	Embryonic kidney fibroblasts
CHEMBL3383387	NULL	NULL	NULL	NULL
CHEMBL3383394	NULL	NULL	NULL	NULL
CHEMBL3385851	NULL	NULL	NULL	NULL
CHEMBL3385852	NULL	NULL	NULL	NULL
CHEMBL3385853	NULL	NULL	NULL	NULL
CHEMBL3384644	NULL	NULL	NULL	NULL
CHEMBL3387701	NULL	NULL	NULL	NULL
CHEMBL3390670	HEK293	HEK293 (Embryonic kidney fibroblasts)	Homo sapiens	Embryonic kidney fibroblasts
CHEMBL3390672	NULL	NULL	NULL	NULL
CHEMBL3387119	HEK293	HEK293 (Embryonic kidney fibroblasts)	Homo sapiens	Embryonic kidney fibroblasts
CHEMBL3387122	HEK293	HEK293 (Embryonic kidney fibroblasts)	Homo sapiens	Embryonic kidney fibroblasts
CHEMBL3387126	NULL	NULL	NULL	NULL
CHEMBL3387127	NULL	NULL	NULL	NULL
CHEMBL3381617	CHO	CHO (Ovarian cells)	Cricetulus griseus	Ovarian cells
CHEMBL3381618	CHO	CHO (Ovarian cells)	Cricetulus griseus	Ovarian cells
CHEMBL3384735	NULL	NULL	NULL	NULL
CHEMBL3382939	NULL	NULL	NULL	NULL
CHEMBL3384134	NULL	NULL	NULL	NULL
CHEMBL3385976	CHO-K1	CHO-K1 (Ovarian cells)	Cricetulus griseus	Ovarian cells
CHEMBL3389028	NULL	NULL	NULL	NULL
CHEMBL3382984	HEK293	HEK293 (Embryonic kidney fibroblasts)	Homo sapiens	Embryonic kidney fibroblasts
CHEMBL3383594	NULL	NULL	NULL	NULL
CHEMBL3383595	NULL	NULL	NULL	NULL
CHEMBL3383596	NULL	NULL	NULL	NULL
CHEMBL3383597	NULL	NULL	NULL	NULL
CHEMBL3385491	NULL	NULL	NULL	NULL
CHEMBL3388483	NULL	NULL	NULL	NULL
CHEMBL3382404	NULL	NULL	NULL	NULL
CHEMBL3386699	NULL	NULL	NULL	NULL
CHEMBL3382462	NULL	NULL	NULL	NULL
CHEMBL3382466	NULL	NULL	NULL	NULL
CHEMBL3383693	NULL	NULL	NULL	NULL
CHEMBL3387384	HEK293	HEK293 (Embryonic kidney fibroblasts)	Homo sapiens	Embryonic kidney fibroblasts
CHEMBL3381295	NULL	NULL	NULL	NULL
CHEMBL3382553	NULL	NULL	NULL	NULL
CHEMBL3382561	NULL	NULL	NULL	NULL
CHEMBL3373953	NULL	NULL	NULL	NULL
CHEMBL3377656	HEK293	HEK293 (Embryonic kidney fibroblasts)	Homo sapiens	Embryonic kidney fibroblasts
CHEMBL3374659	HEK293	HEK293 (Embryonic kidney fibroblasts)	Homo sapiens	Embryonic kidney fibroblasts
CHEMBL3372246	HEK293	HEK293 (Embryonic kidney fibroblasts)	Homo sapiens	Embryonic kidney fibroblasts
CHEMBL3377716	NULL	NULL	NULL	NULL
CHEMBL3380165	NULL	NULL	NULL	NULL
CHEMBL3376666	NULL	NULL	NULL	NULL
CHEMBL3378486	NULL	NULL	NULL	NULL
CHEMBL3378487	NULL	NULL	NULL	NULL
CHEMBL3379633	NULL	NULL	NULL	NULL
CHEMBL3372415	NULL	NULL	NULL	NULL
CHEMBL3375414	CHO	CHO (Ovarian cells)	Cricetulus griseus	Ovarian cells
CHEMBL3380974	NULL	NULL	NULL	NULL
CHEMBL3374870	NULL	NULL	NULL	NULL
CHEMBL3374871	NULL	NULL	NULL	NULL
CHEMBL3373705	NULL	NULL	NULL	NULL
CHEMBL3374278	NULL	NULL	NULL	NULL
CHEMBL3374297	HEK293	HEK293 (Embryonic kidney fibroblasts)	Homo sapiens	Embryonic kidney fibroblasts
CHEMBL3376773	NULL	NULL	NULL	NULL
CHEMBL3371912	NULL	NULL	NULL	NULL
CHEMBL3380409	NULL	NULL	NULL	NULL
CHEMBL3372547	NULL	NULL	NULL	NULL
CHEMBL3378637	NULL	NULL	NULL	NULL
CHEMBL3378638	NULL	NULL	NULL	NULL
CHEMBL3378645	NULL	NULL	NULL	NULL
CHEMBL3378646	NULL	NULL	NULL	NULL
CHEMBL3376254	NULL	NULL	NULL	NULL
CHEMBL3378079	HEK293	HEK293 (Embryonic kidney fibroblasts)	Homo sapiens	Embryonic kidney fibroblasts
CHEMBL3372613	NULL	NULL	NULL	NULL
CHEMBL3372614	NULL	NULL	NULL	NULL
CHEMBL3372615	NULL	NULL	NULL	NULL
CHEMBL3372616	NULL	NULL	NULL	NULL
CHEMBL3374453	NULL	NULL	NULL	NULL
CHEMBL3378104	NULL	NULL	NULL	NULL
CHEMBL3371482	NULL	NULL	NULL	NULL
CHEMBL3376391	NULL	NULL	NULL	NULL
CHEMBL3378789	HEK293	HEK293 (Embryonic kidney fibroblasts)	Homo sapiens	Embryonic kidney fibroblasts
CHEMBL3379378	NULL	NULL	NULL	NULL
CHEMBL3372714	NULL	NULL	NULL	NULL
CHEMBL3365826	HEK293	HEK293 (Embryonic kidney fibroblasts)	Homo sapiens	Embryonic kidney fibroblasts
CHEMBL3365839	NULL	NULL	NULL	NULL
CHEMBL3366937	NULL	NULL	NULL	NULL
CHEMBL3361668	CHO-K1	CHO-K1 (Ovarian cells)	Cricetulus griseus	Ovarian cells
CHEMBL3361669	CHO-K1	CHO-K1 (Ovarian cells)	Cricetulus griseus	Ovarian cells
CHEMBL3362479	CHO	CHO (Ovarian cells)	Cricetulus griseus	Ovarian cells
CHEMBL3362132	NULL	NULL	NULL	NULL
CHEMBL3364426	NULL	NULL	NULL	NULL
CHEMBL3366617	NULL	NULL	NULL	NULL
CHEMBL3366643	HEK293	HEK293 (Embryonic kidney fibroblasts)	Homo sapiens	Embryonic kidney fibroblasts
CHEMBL3361754	NULL	NULL	NULL	NULL
CHEMBL3366645	NULL	NULL	NULL	NULL
CHEMBL3363795	NULL	NULL	NULL	NULL
CHEMBL3363797	NULL	NULL	NULL	NULL
CHEMBL3363798	NULL	NULL	NULL	NULL
CHEMBL3363799	NULL	NULL	NULL	NULL
CHEMBL3364871	NULL	NULL	NULL	NULL
CHEMBL3362287	HEK293	HEK293 (Embryonic kidney fibroblasts)	Homo sapiens	Embryonic kidney fibroblasts
CHEMBL3362672	CHO	CHO (Ovarian cells)	Cricetulus griseus	Ovarian cells
CHEMBL3362673	CHO	CHO (Ovarian cells)	Cricetulus griseus	Ovarian cells
CHEMBL3362675	CHO	CHO (Ovarian cells)	Cricetulus griseus	Ovarian cells
CHEMBL3362684	HEK293	HEK293 (Embryonic kidney fibroblasts)	Homo sapiens	Embryonic kidney fibroblasts
CHEMBL3362989	NULL	NULL	NULL	NULL
CHEMBL3363886	NULL	NULL	NULL	NULL
CHEMBL3363907	CHO-K1	CHO-K1 (Ovarian cells)	Cricetulus griseus	Ovarian cells
CHEMBL3364596	NULL	NULL	NULL	NULL
CHEMBL3368358	CHO	CHO (Ovarian cells)	Cricetulus griseus	Ovarian cells
CHEMBL3368359	CHO	CHO (Ovarian cells)	Cricetulus griseus	Ovarian cells
CHEMBL3369983	NULL	NULL	NULL	NULL
CHEMBL3370237	NULL	NULL	NULL	NULL
CHEMBL3371004	HEK293	HEK293 (Embryonic kidney fibroblasts)	Homo sapiens	Embryonic kidney fibroblasts
CHEMBL3371044	NULL	NULL	NULL	NULL
CHEMBL3368137	NULL	NULL	NULL	NULL
CHEMBL3367864	NULL	NULL	NULL	NULL
CHEMBL3367865	NULL	NULL	NULL	NULL
CHEMBL3369560	NULL	NULL	NULL	NULL
CHEMBL3370067	NULL	NULL	NULL	NULL
CHEMBL3370081	CHO	CHO (Ovarian cells)	Cricetulus griseus	Ovarian cells
CHEMBL3370082	CHO	CHO (Ovarian cells)	Cricetulus griseus	Ovarian cells
CHEMBL3370084	CHO	CHO (Ovarian cells)	Cricetulus griseus	Ovarian cells
CHEMBL3370088	CHO	CHO (Ovarian cells)	Cricetulus griseus	Ovarian cells
CHEMBL3368253	NULL	NULL	NULL	NULL
CHEMBL3369297	NULL	NULL	NULL	NULL
CHEMBL3367517	NULL	NULL	NULL	NULL
CHEMBL3368014	HEK293	HEK293 (Embryonic kidney fibroblasts)	Homo sapiens	Embryonic kidney fibroblasts
CHEMBL3368017	NULL	NULL	NULL	NULL
CHEMBL3368018	NULL	NULL	NULL	NULL
CHEMBL3369074	HEK293	HEK293 (Embryonic kidney fibroblasts)	Homo sapiens	Embryonic kidney fibroblasts
CHEMBL3369365	NULL	NULL	NULL	NULL
CHEMBL3369373	NULL	NULL	NULL	NULL
CHEMBL3370429	CHO	CHO (Ovarian cells)	Cricetulus griseus	Ovarian cells
CHEMBL3370430	CHO	CHO (Ovarian cells)	Cricetulus griseus	Ovarian cells
CHEMBL3370463	HEK293	HEK293 (Embryonic kidney fibroblasts)	Homo sapiens	Embryonic kidney fibroblasts
CHEMBL3370466	HEK293	HEK293 (Embryonic kidney fibroblasts)	Homo sapiens	Embryonic kidney fibroblasts
CHEMBL3370467	NULL	NULL	NULL	NULL
CHEMBL3370468	NULL	NULL	NULL	NULL
CHEMBL3367333	HEK293	HEK293 (Embryonic kidney fibroblasts)	Homo sapiens	Embryonic kidney fibroblasts
CHEMBL3395908	NULL	NULL	NULL	NULL
CHEMBL3396429	NULL	NULL	NULL	NULL
CHEMBL3396520	NULL	NULL	NULL	NULL
CHEMBL3396797	NULL	NULL	NULL	NULL
CHEMBL3395117	HEK293	HEK293 (Embryonic kidney fibroblasts)	Homo sapiens	Embryonic kidney fibroblasts
CHEMBL3396351	NULL	NULL	NULL	NULL
CHEMBL3396464	HEK293	HEK293 (Embryonic kidney fibroblasts)	Homo sapiens	Embryonic kidney fibroblasts
CHEMBL3395554	NULL	NULL	NULL	NULL
CHEMBL3395555	NULL	NULL	NULL	NULL
CHEMBL3399089	NULL	NULL	NULL	NULL
CHEMBL3398704	NULL	NULL	NULL	NULL
CHEMBL3404543	NULL	NULL	NULL	NULL
CHEMBL3404544	CHO	CHO (Ovarian cells)	Cricetulus griseus	Ovarian cells
CHEMBL3407223	HEK293	HEK293 (Embryonic kidney fibroblasts)	Homo sapiens	Embryonic kidney fibroblasts
CHEMBL3407236	HEK293	HEK293 (Embryonic kidney fibroblasts)	Homo sapiens	Embryonic kidney fibroblasts
CHEMBL3407237	HEK293	HEK293 (Embryonic kidney fibroblasts)	Homo sapiens	Embryonic kidney fibroblasts
CHEMBL3404835	NULL	NULL	NULL	NULL
CHEMBL3406672	NULL	NULL	NULL	NULL
CHEMBL3406081	NULL	NULL	NULL	NULL
CHEMBL3406745	NULL	NULL	NULL	NULL
CHEMBL3406751	NULL	NULL	NULL	NULL
CHEMBL3411225	NULL	NULL	NULL	NULL
CHEMBL3411230	NULL	NULL	NULL	NULL
CHEMBL3411134	NULL	NULL	NULL	NULL
CHEMBL3413543	CHO	CHO (Ovarian cells)	Cricetulus griseus	Ovarian cells
CHEMBL3413549	CHO	CHO (Ovarian cells)	Cricetulus griseus	Ovarian cells
CHEMBL3413736	HEK293	HEK293 (Embryonic kidney fibroblasts)	Homo sapiens	Embryonic kidney fibroblasts
CHEMBL3412836	NULL	NULL	NULL	NULL
CHEMBL3413194	NULL	NULL	NULL	NULL
CHEMBL3412492	NULL	NULL	NULL	NULL
CHEMBL3413971	NULL	NULL	NULL	NULL
CHEMBL3414401	NULL	NULL	NULL	NULL
CHEMBL3414402	NULL	NULL	NULL	NULL
CHEMBL3421062	NULL	NULL	NULL	NULL
CHEMBL3420851	HEK293	HEK293 (Embryonic kidney fibroblasts)	Homo sapiens	Embryonic kidney fibroblasts
CHEMBL3419072	NULL	NULL	NULL	NULL
CHEMBL3419081	NULL	NULL	NULL	NULL
CHEMBL3419930	NULL	NULL	NULL	NULL
CHEMBL3420397	CHO	CHO (Ovarian cells)	Cricetulus griseus	Ovarian cells
CHEMBL3420642	CHO	CHO (Ovarian cells)	Cricetulus griseus	Ovarian cells
CHEMBL3420643	CHO	CHO (Ovarian cells)	Cricetulus griseus	Ovarian cells
CHEMBL3420644	CHO	CHO (Ovarian cells)	Cricetulus griseus	Ovarian cells
CHEMBL3420645	CHO	CHO (Ovarian cells)	Cricetulus griseus	Ovarian cells
CHEMBL3420646	CHO	CHO (Ovarian cells)	Cricetulus griseus	Ovarian cells
CHEMBL3419343	NULL	NULL	NULL	NULL
CHEMBL3419515	CHO	CHO (Ovarian cells)	Cricetulus griseus	Ovarian cells
CHEMBL3420425	NULL	NULL	NULL	NULL
CHEMBL3418525	NULL	NULL	NULL	NULL
CHEMBL3419125	CHO	CHO (Ovarian cells)	Cricetulus griseus	Ovarian cells
CHEMBL3419126	NULL	NULL	NULL	NULL
CHEMBL3419127	NULL	NULL	NULL	NULL
CHEMBL3419128	NULL	NULL	NULL	NULL
CHEMBL3419366	NULL	NULL	NULL	NULL
CHEMBL3424107	NULL	NULL	NULL	NULL
CHEMBL3423786	CHO	CHO (Ovarian cells)	Cricetulus griseus	Ovarian cells
CHEMBL3424160	NULL	NULL	NULL	NULL
CHEMBL3423653	NULL	NULL	NULL	NULL
CHEMBL3424409	HEK293	HEK293 (Embryonic kidney fibroblasts)	Homo sapiens	Embryonic kidney fibroblasts
CHEMBL3424851	NULL	NULL	NULL	NULL
CHEMBL3424852	CHO	CHO (Ovarian cells)	Cricetulus griseus	Ovarian cells
CHEMBL3425006	HEK293	HEK293 (Embryonic kidney fibroblasts)	Homo sapiens	Embryonic kidney fibroblasts
CHEMBL3429920	NULL	NULL	NULL	NULL
CHEMBL3428433	NULL	NULL	NULL	NULL
CHEMBL3428449	NULL	NULL	NULL	NULL
CHEMBL3428450	CHO	CHO (Ovarian cells)	Cricetulus griseus	Ovarian cells
CHEMBL3428455	CHO	CHO (Ovarian cells)	Cricetulus griseus	Ovarian cells
CHEMBL3428458	NULL	NULL	NULL	NULL
CHEMBL3429792	NULL	NULL	NULL	NULL
CHEMBL3430259	NULL	NULL	NULL	NULL
CHEMBL3430383	CHO	CHO (Ovarian cells)	Cricetulus griseus	Ovarian cells
CHEMBL3430384	CHO	CHO (Ovarian cells)	Cricetulus griseus	Ovarian cells
CHEMBL3430385	CHO	CHO (Ovarian cells)	Cricetulus griseus	Ovarian cells
CHEMBL3430386	CHO	CHO (Ovarian cells)	Cricetulus griseus	Ovarian cells
CHEMBL3430387	CHO	CHO (Ovarian cells)	Cricetulus griseus	Ovarian cells
CHEMBL3430388	HEK293	HEK293 (Embryonic kidney fibroblasts)	Homo sapiens	Embryonic kidney fibroblasts
CHEMBL3430389	HEK293	HEK293 (Embryonic kidney fibroblasts)	Homo sapiens	Embryonic kidney fibroblasts
CHEMBL3430390	HEK293	HEK293 (Embryonic kidney fibroblasts)	Homo sapiens	Embryonic kidney fibroblasts
CHEMBL3430391	HEK293	HEK293 (Embryonic kidney fibroblasts)	Homo sapiens	Embryonic kidney fibroblasts
CHEMBL3430392	HEK293	HEK293 (Embryonic kidney fibroblasts)	Homo sapiens	Embryonic kidney fibroblasts
CHEMBL3430393	HEK293	HEK293 (Embryonic kidney fibroblasts)	Homo sapiens	Embryonic kidney fibroblasts
CHEMBL3430394	HEK293	HEK293 (Embryonic kidney fibroblasts)	Homo sapiens	Embryonic kidney fibroblasts
CHEMBL3430395	HEK293	HEK293 (Embryonic kidney fibroblasts)	Homo sapiens	Embryonic kidney fibroblasts
CHEMBL3430396	HEK293	HEK293 (Embryonic kidney fibroblasts)	Homo sapiens	Embryonic kidney fibroblasts
CHEMBL3430397	HEK293	HEK293 (Embryonic kidney fibroblasts)	Homo sapiens	Embryonic kidney fibroblasts
CHEMBL3430398	HEK293	HEK293 (Embryonic kidney fibroblasts)	Homo sapiens	Embryonic kidney fibroblasts
CHEMBL3430399	HEK293	HEK293 (Embryonic kidney fibroblasts)	Homo sapiens	Embryonic kidney fibroblasts
CHEMBL3430400	HEK293	HEK293 (Embryonic kidney fibroblasts)	Homo sapiens	Embryonic kidney fibroblasts
CHEMBL3430401	HEK293	HEK293 (Embryonic kidney fibroblasts)	Homo sapiens	Embryonic kidney fibroblasts
CHEMBL3430402	HEK293	HEK293 (Embryonic kidney fibroblasts)	Homo sapiens	Embryonic kidney fibroblasts
CHEMBL3430403	HEK293	HEK293 (Embryonic kidney fibroblasts)	Homo sapiens	Embryonic kidney fibroblasts
CHEMBL3430404	HEK293	HEK293 (Embryonic kidney fibroblasts)	Homo sapiens	Embryonic kidney fibroblasts
CHEMBL3430405	HEK293	HEK293 (Embryonic kidney fibroblasts)	Homo sapiens	Embryonic kidney fibroblasts
CHEMBL3430406	HEK293	HEK293 (Embryonic kidney fibroblasts)	Homo sapiens	Embryonic kidney fibroblasts
CHEMBL3430407	HEK293	HEK293 (Embryonic kidney fibroblasts)	Homo sapiens	Embryonic kidney fibroblasts
CHEMBL3430408	HEK293	HEK293 (Embryonic kidney fibroblasts)	Homo sapiens	Embryonic kidney fibroblasts
CHEMBL3430409	HEK293	HEK293 (Embryonic kidney fibroblasts)	Homo sapiens	Embryonic kidney fibroblasts
CHEMBL3430410	HEK293	HEK293 (Embryonic kidney fibroblasts)	Homo sapiens	Embryonic kidney fibroblasts
CHEMBL3430411	HEK293	HEK293 (Embryonic kidney fibroblasts)	Homo sapiens	Embryonic kidney fibroblasts
CHEMBL3430412	HEK293	HEK293 (Embryonic kidney fibroblasts)	Homo sapiens	Embryonic kidney fibroblasts
CHEMBL3430413	HEK293	HEK293 (Embryonic kidney fibroblasts)	Homo sapiens	Embryonic kidney fibroblasts
CHEMBL3430414	CHO	CHO (Ovarian cells)	Cricetulus griseus	Ovarian cells
CHEMBL3430415	CHO	CHO (Ovarian cells)	Cricetulus griseus	Ovarian cells
CHEMBL3430416	CHO	CHO (Ovarian cells)	Cricetulus griseus	Ovarian cells
CHEMBL3430417	CHO	CHO (Ovarian cells)	Cricetulus griseus	Ovarian cells
CHEMBL3430418	CHO	CHO (Ovarian cells)	Cricetulus griseus	Ovarian cells
CHEMBL3430419	CHO	CHO (Ovarian cells)	Cricetulus griseus	Ovarian cells
CHEMBL3430420	CHO	CHO (Ovarian cells)	Cricetulus griseus	Ovarian cells
CHEMBL3430421	CHO	CHO (Ovarian cells)	Cricetulus griseus	Ovarian cells
CHEMBL3430422	CHO	CHO (Ovarian cells)	Cricetulus griseus	Ovarian cells
CHEMBL3430423	CHO	CHO (Ovarian cells)	Cricetulus griseus	Ovarian cells
CHEMBL3430424	CHO	CHO (Ovarian cells)	Cricetulus griseus	Ovarian cells
CHEMBL3430425	CHO	CHO (Ovarian cells)	Cricetulus griseus	Ovarian cells
CHEMBL3430426	CHO	CHO (Ovarian cells)	Cricetulus griseus	Ovarian cells
CHEMBL3430427	CHO	CHO (Ovarian cells)	Cricetulus griseus	Ovarian cells
CHEMBL3430428	CHO	CHO (Ovarian cells)	Cricetulus griseus	Ovarian cells
CHEMBL3430429	CHO	CHO (Ovarian cells)	Cricetulus griseus	Ovarian cells
CHEMBL3430430	CHO	CHO (Ovarian cells)	Cricetulus griseus	Ovarian cells
CHEMBL3430431	CHO	CHO (Ovarian cells)	Cricetulus griseus	Ovarian cells
CHEMBL3430432	CHO	CHO (Ovarian cells)	Cricetulus griseus	Ovarian cells
CHEMBL3430433	CHO	CHO (Ovarian cells)	Cricetulus griseus	Ovarian cells
CHEMBL3430434	CHO	CHO (Ovarian cells)	Cricetulus griseus	Ovarian cells
CHEMBL3430435	CHO	CHO (Ovarian cells)	Cricetulus griseus	Ovarian cells
CHEMBL3430436	CHO	CHO (Ovarian cells)	Cricetulus griseus	Ovarian cells
CHEMBL3430437	CHO	CHO (Ovarian cells)	Cricetulus griseus	Ovarian cells
CHEMBL3430438	CHO	CHO (Ovarian cells)	Cricetulus griseus	Ovarian cells
CHEMBL3430439	CHO	CHO (Ovarian cells)	Cricetulus griseus	Ovarian cells
CHEMBL3430440	CHO	CHO (Ovarian cells)	Cricetulus griseus	Ovarian cells
CHEMBL3430441	CHO	CHO (Ovarian cells)	Cricetulus griseus	Ovarian cells
CHEMBL3430442	CHO	CHO (Ovarian cells)	Cricetulus griseus	Ovarian cells
CHEMBL3430443	CHO	CHO (Ovarian cells)	Cricetulus griseus	Ovarian cells
CHEMBL3430444	CHO	CHO (Ovarian cells)	Cricetulus griseus	Ovarian cells
CHEMBL3430445	CHO	CHO (Ovarian cells)	Cricetulus griseus	Ovarian cells
CHEMBL3430446	CHO	CHO (Ovarian cells)	Cricetulus griseus	Ovarian cells
CHEMBL3430447	CHO	CHO (Ovarian cells)	Cricetulus griseus	Ovarian cells
CHEMBL3430448	HEK293	HEK293 (Embryonic kidney fibroblasts)	Homo sapiens	Embryonic kidney fibroblasts
CHEMBL3430449	HEK293	HEK293 (Embryonic kidney fibroblasts)	Homo sapiens	Embryonic kidney fibroblasts
CHEMBL3430450	HEK293	HEK293 (Embryonic kidney fibroblasts)	Homo sapiens	Embryonic kidney fibroblasts
CHEMBL3430451	HEK293	HEK293 (Embryonic kidney fibroblasts)	Homo sapiens	Embryonic kidney fibroblasts
CHEMBL3430452	HEK293	HEK293 (Embryonic kidney fibroblasts)	Homo sapiens	Embryonic kidney fibroblasts
CHEMBL3430453	HEK293	HEK293 (Embryonic kidney fibroblasts)	Homo sapiens	Embryonic kidney fibroblasts
CHEMBL3430454	HEK293	HEK293 (Embryonic kidney fibroblasts)	Homo sapiens	Embryonic kidney fibroblasts
CHEMBL3430455	HEK293	HEK293 (Embryonic kidney fibroblasts)	Homo sapiens	Embryonic kidney fibroblasts
CHEMBL3430456	HEK293	HEK293 (Embryonic kidney fibroblasts)	Homo sapiens	Embryonic kidney fibroblasts
CHEMBL3430457	HEK293	HEK293 (Embryonic kidney fibroblasts)	Homo sapiens	Embryonic kidney fibroblasts
CHEMBL3430458	HEK293	HEK293 (Embryonic kidney fibroblasts)	Homo sapiens	Embryonic kidney fibroblasts
CHEMBL3430459	HEK293	HEK293 (Embryonic kidney fibroblasts)	Homo sapiens	Embryonic kidney fibroblasts
CHEMBL3430460	HEK293	HEK293 (Embryonic kidney fibroblasts)	Homo sapiens	Embryonic kidney fibroblasts
CHEMBL3430461	HEK293	HEK293 (Embryonic kidney fibroblasts)	Homo sapiens	Embryonic kidney fibroblasts
CHEMBL3430462	HEK293	HEK293 (Embryonic kidney fibroblasts)	Homo sapiens	Embryonic kidney fibroblasts
CHEMBL3430463	HEK293	HEK293 (Embryonic kidney fibroblasts)	Homo sapiens	Embryonic kidney fibroblasts
CHEMBL3430464	HEK293	HEK293 (Embryonic kidney fibroblasts)	Homo sapiens	Embryonic kidney fibroblasts
CHEMBL3430465	HEK293	HEK293 (Embryonic kidney fibroblasts)	Homo sapiens	Embryonic kidney fibroblasts
CHEMBL3430466	HEK293	HEK293 (Embryonic kidney fibroblasts)	Homo sapiens	Embryonic kidney fibroblasts
CHEMBL3430467	HEK293	HEK293 (Embryonic kidney fibroblasts)	Homo sapiens	Embryonic kidney fibroblasts
CHEMBL3430468	HEK293	HEK293 (Embryonic kidney fibroblasts)	Homo sapiens	Embryonic kidney fibroblasts
CHEMBL3430469	HEK293	HEK293 (Embryonic kidney fibroblasts)	Homo sapiens	Embryonic kidney fibroblasts
CHEMBL3430470	HEK293	HEK293 (Embryonic kidney fibroblasts)	Homo sapiens	Embryonic kidney fibroblasts
CHEMBL3430471	HEK293	HEK293 (Embryonic kidney fibroblasts)	Homo sapiens	Embryonic kidney fibroblasts
CHEMBL3430472	HEK293	HEK293 (Embryonic kidney fibroblasts)	Homo sapiens	Embryonic kidney fibroblasts
CHEMBL3430473	HEK293	HEK293 (Embryonic kidney fibroblasts)	Homo sapiens	Embryonic kidney fibroblasts
CHEMBL3430474	CHO	CHO (Ovarian cells)	Cricetulus griseus	Ovarian cells
CHEMBL3430475	CHO	CHO (Ovarian cells)	Cricetulus griseus	Ovarian cells
CHEMBL3430476	CHO	CHO (Ovarian cells)	Cricetulus griseus	Ovarian cells
CHEMBL3430477	CHO	CHO (Ovarian cells)	Cricetulus griseus	Ovarian cells
CHEMBL3430478	CHO	CHO (Ovarian cells)	Cricetulus griseus	Ovarian cells
CHEMBL3430479	CHO	CHO (Ovarian cells)	Cricetulus griseus	Ovarian cells
CHEMBL3430480	CHO	CHO (Ovarian cells)	Cricetulus griseus	Ovarian cells
CHEMBL3430481	CHO	CHO (Ovarian cells)	Cricetulus griseus	Ovarian cells
CHEMBL3430482	CHO	CHO (Ovarian cells)	Cricetulus griseus	Ovarian cells
CHEMBL3430483	CHO	CHO (Ovarian cells)	Cricetulus griseus	Ovarian cells
CHEMBL3430484	CHO	CHO (Ovarian cells)	Cricetulus griseus	Ovarian cells
CHEMBL3430485	CHO	CHO (Ovarian cells)	Cricetulus griseus	Ovarian cells
CHEMBL3430486	CHO	CHO (Ovarian cells)	Cricetulus griseus	Ovarian cells
CHEMBL3430487	CHO	CHO (Ovarian cells)	Cricetulus griseus	Ovarian cells
CHEMBL3430488	CHO	CHO (Ovarian cells)	Cricetulus griseus	Ovarian cells
CHEMBL3430489	CHO	CHO (Ovarian cells)	Cricetulus griseus	Ovarian cells
CHEMBL3430490	CHO	CHO (Ovarian cells)	Cricetulus griseus	Ovarian cells
CHEMBL3430491	CHO	CHO (Ovarian cells)	Cricetulus griseus	Ovarian cells
CHEMBL3430492	CHO	CHO (Ovarian cells)	Cricetulus griseus	Ovarian cells
CHEMBL3430493	CHO	CHO (Ovarian cells)	Cricetulus griseus	Ovarian cells
CHEMBL3430494	CHO	CHO (Ovarian cells)	Cricetulus griseus	Ovarian cells
CHEMBL3430495	CHO	CHO (Ovarian cells)	Cricetulus griseus	Ovarian cells
CHEMBL3430496	CHO	CHO (Ovarian cells)	Cricetulus griseus	Ovarian cells
CHEMBL3430497	CHO	CHO (Ovarian cells)	Cricetulus griseus	Ovarian cells
CHEMBL3430498	CHO	CHO (Ovarian cells)	Cricetulus griseus	Ovarian cells
CHEMBL3430499	CHO	CHO (Ovarian cells)	Cricetulus griseus	Ovarian cells
CHEMBL3430500	CHO	CHO (Ovarian cells)	Cricetulus griseus	Ovarian cells
CHEMBL3430501	CHO	CHO (Ovarian cells)	Cricetulus griseus	Ovarian cells
CHEMBL3430502	CHO	CHO (Ovarian cells)	Cricetulus griseus	Ovarian cells
CHEMBL3430503	CHO	CHO (Ovarian cells)	Cricetulus griseus	Ovarian cells
CHEMBL3430504	CHO	CHO (Ovarian cells)	Cricetulus griseus	Ovarian cells
CHEMBL3430505	CHO	CHO (Ovarian cells)	Cricetulus griseus	Ovarian cells
CHEMBL3430506	CHO	CHO (Ovarian cells)	Cricetulus griseus	Ovarian cells
CHEMBL3430507	CHO	CHO (Ovarian cells)	Cricetulus griseus	Ovarian cells
CHEMBL3430508	CHO	CHO (Ovarian cells)	Cricetulus griseus	Ovarian cells
CHEMBL3430509	CHO	CHO (Ovarian cells)	Cricetulus griseus	Ovarian cells
CHEMBL3430510	CHO	CHO (Ovarian cells)	Cricetulus griseus	Ovarian cells
CHEMBL3430511	CHO	CHO (Ovarian cells)	Cricetulus griseus	Ovarian cells
CHEMBL3430512	CHO	CHO (Ovarian cells)	Cricetulus griseus	Ovarian cells
CHEMBL3430513	CHO	CHO (Ovarian cells)	Cricetulus griseus	Ovarian cells
CHEMBL3430514	CHO	CHO (Ovarian cells)	Cricetulus griseus	Ovarian cells
CHEMBL3430515	CHO	CHO (Ovarian cells)	Cricetulus griseus	Ovarian cells
CHEMBL3430516	CHO	CHO (Ovarian cells)	Cricetulus griseus	Ovarian cells
CHEMBL3430517	CHO	CHO (Ovarian cells)	Cricetulus griseus	Ovarian cells
CHEMBL3430518	CHO	CHO (Ovarian cells)	Cricetulus griseus	Ovarian cells
CHEMBL3430519	CHO	CHO (Ovarian cells)	Cricetulus griseus	Ovarian cells
CHEMBL3430520	CHO	CHO (Ovarian cells)	Cricetulus griseus	Ovarian cells
CHEMBL3430521	CHO	CHO (Ovarian cells)	Cricetulus griseus	Ovarian cells
CHEMBL3430522	CHO	CHO (Ovarian cells)	Cricetulus griseus	Ovarian cells
CHEMBL3430523	CHO	CHO (Ovarian cells)	Cricetulus griseus	Ovarian cells
CHEMBL3430524	CHO	CHO (Ovarian cells)	Cricetulus griseus	Ovarian cells
CHEMBL3430525	CHO	CHO (Ovarian cells)	Cricetulus griseus	Ovarian cells
CHEMBL3430526	CHO	CHO (Ovarian cells)	Cricetulus griseus	Ovarian cells
CHEMBL3430527	CHO	CHO (Ovarian cells)	Cricetulus griseus	Ovarian cells
CHEMBL3430528	CHO	CHO (Ovarian cells)	Cricetulus griseus	Ovarian cells
CHEMBL3430529	CHO	CHO (Ovarian cells)	Cricetulus griseus	Ovarian cells
CHEMBL3430530	CHO	CHO (Ovarian cells)	Cricetulus griseus	Ovarian cells
CHEMBL3430531	CHO	CHO (Ovarian cells)	Cricetulus griseus	Ovarian cells
CHEMBL3430532	CHO	CHO (Ovarian cells)	Cricetulus griseus	Ovarian cells
CHEMBL3430533	CHO	CHO (Ovarian cells)	Cricetulus griseus	Ovarian cells
CHEMBL3430534	CHO	CHO (Ovarian cells)	Cricetulus griseus	Ovarian cells
CHEMBL3430535	CHO	CHO (Ovarian cells)	Cricetulus griseus	Ovarian cells
CHEMBL3430536	CHO	CHO (Ovarian cells)	Cricetulus griseus	Ovarian cells
CHEMBL3430537	CHO	CHO (Ovarian cells)	Cricetulus griseus	Ovarian cells
CHEMBL3430538	CHO	CHO (Ovarian cells)	Cricetulus griseus	Ovarian cells
CHEMBL3430539	CHO	CHO (Ovarian cells)	Cricetulus griseus	Ovarian cells
CHEMBL3430540	CHO	CHO (Ovarian cells)	Cricetulus griseus	Ovarian cells
CHEMBL3430541	CHO	CHO (Ovarian cells)	Cricetulus griseus	Ovarian cells
CHEMBL3430542	CHO	CHO (Ovarian cells)	Cricetulus griseus	Ovarian cells
CHEMBL3430543	CHO	CHO (Ovarian cells)	Cricetulus griseus	Ovarian cells
CHEMBL3430544	CHO	CHO (Ovarian cells)	Cricetulus griseus	Ovarian cells
CHEMBL3430545	CHO	CHO (Ovarian cells)	Cricetulus griseus	Ovarian cells
CHEMBL3430546	CHO	CHO (Ovarian cells)	Cricetulus griseus	Ovarian cells
CHEMBL3430547	CHO	CHO (Ovarian cells)	Cricetulus griseus	Ovarian cells
CHEMBL3430548	CHO	CHO (Ovarian cells)	Cricetulus griseus	Ovarian cells
CHEMBL3430549	CHO	CHO (Ovarian cells)	Cricetulus griseus	Ovarian cells
CHEMBL3430550	CHO	CHO (Ovarian cells)	Cricetulus griseus	Ovarian cells
CHEMBL3430551	CHO	CHO (Ovarian cells)	Cricetulus griseus	Ovarian cells
CHEMBL3430552	CHO	CHO (Ovarian cells)	Cricetulus griseus	Ovarian cells
CHEMBL3430553	CHO	CHO (Ovarian cells)	Cricetulus griseus	Ovarian cells
CHEMBL3430554	CHO	CHO (Ovarian cells)	Cricetulus griseus	Ovarian cells
CHEMBL3430555	CHO	CHO (Ovarian cells)	Cricetulus griseus	Ovarian cells
CHEMBL3430556	CHO	CHO (Ovarian cells)	Cricetulus griseus	Ovarian cells
CHEMBL3430557	CHO	CHO (Ovarian cells)	Cricetulus griseus	Ovarian cells
CHEMBL3430558	CHO	CHO (Ovarian cells)	Cricetulus griseus	Ovarian cells
CHEMBL3430559	CHO	CHO (Ovarian cells)	Cricetulus griseus	Ovarian cells
CHEMBL3430560	CHO	CHO (Ovarian cells)	Cricetulus griseus	Ovarian cells
CHEMBL3430561	CHO	CHO (Ovarian cells)	Cricetulus griseus	Ovarian cells
CHEMBL3430562	CHO	CHO (Ovarian cells)	Cricetulus griseus	Ovarian cells
CHEMBL3430563	CHO	CHO (Ovarian cells)	Cricetulus griseus	Ovarian cells
CHEMBL3430564	CHO	CHO (Ovarian cells)	Cricetulus griseus	Ovarian cells
CHEMBL3430565	CHO	CHO (Ovarian cells)	Cricetulus griseus	Ovarian cells
CHEMBL3430566	CHO	CHO (Ovarian cells)	Cricetulus griseus	Ovarian cells
CHEMBL3430567	CHO	CHO (Ovarian cells)	Cricetulus griseus	Ovarian cells
CHEMBL3430571	HEK293	HEK293 (Embryonic kidney fibroblasts)	Homo sapiens	Embryonic kidney fibroblasts
CHEMBL3430574	HEK293	HEK293 (Embryonic kidney fibroblasts)	Homo sapiens	Embryonic kidney fibroblasts
CHEMBL3430575	HEK293	HEK293 (Embryonic kidney fibroblasts)	Homo sapiens	Embryonic kidney fibroblasts
CHEMBL3430577	HEK293	HEK293 (Embryonic kidney fibroblasts)	Homo sapiens	Embryonic kidney fibroblasts
CHEMBL3430579	HEK293	HEK293 (Embryonic kidney fibroblasts)	Homo sapiens	Embryonic kidney fibroblasts
CHEMBL3430586	HEK293	HEK293 (Embryonic kidney fibroblasts)	Homo sapiens	Embryonic kidney fibroblasts
CHEMBL3430588	HEK293	HEK293 (Embryonic kidney fibroblasts)	Homo sapiens	Embryonic kidney fibroblasts
CHEMBL3430589	HEK293	HEK293 (Embryonic kidney fibroblasts)	Homo sapiens	Embryonic kidney fibroblasts
CHEMBL3430590	HEK293	HEK293 (Embryonic kidney fibroblasts)	Homo sapiens	Embryonic kidney fibroblasts
CHEMBL3430591	HEK293	HEK293 (Embryonic kidney fibroblasts)	Homo sapiens	Embryonic kidney fibroblasts
CHEMBL3430592	HEK293	HEK293 (Embryonic kidney fibroblasts)	Homo sapiens	Embryonic kidney fibroblasts
CHEMBL3430593	HEK293	HEK293 (Embryonic kidney fibroblasts)	Homo sapiens	Embryonic kidney fibroblasts
CHEMBL3430596	HEK293	HEK293 (Embryonic kidney fibroblasts)	Homo sapiens	Embryonic kidney fibroblasts
CHEMBL3430597	HEK293	HEK293 (Embryonic kidney fibroblasts)	Homo sapiens	Embryonic kidney fibroblasts
CHEMBL3430598	HEK293	HEK293 (Embryonic kidney fibroblasts)	Homo sapiens	Embryonic kidney fibroblasts
CHEMBL3430602	Ventricular myocyte	Regular ventricular cardiac myocyte	NULL	NULL
CHEMBL3430604	Ventricular myocyte	Regular ventricular cardiac myocyte	NULL	NULL
CHEMBL3430606	Ventricular myocyte	Regular ventricular cardiac myocyte	NULL	NULL
CHEMBL3430608	Ventricular myocyte	Regular ventricular cardiac myocyte	NULL	NULL
CHEMBL3430615	Ventricular myocyte	Regular ventricular cardiac myocyte	NULL	NULL
CHEMBL3430617	Ventricular myocyte	Regular ventricular cardiac myocyte	NULL	NULL
CHEMBL3430618	Ventricular myocyte	Regular ventricular cardiac myocyte	NULL	NULL
CHEMBL3430619	Ventricular myocyte	Regular ventricular cardiac myocyte	NULL	NULL
CHEMBL3430620	Ventricular myocyte	Regular ventricular cardiac myocyte	NULL	NULL
CHEMBL3430621	Ventricular myocyte	Regular ventricular cardiac myocyte	NULL	NULL
CHEMBL3430622	Ventricular myocyte	Regular ventricular cardiac myocyte	NULL	NULL
CHEMBL3430624	Ventricular myocyte	Regular ventricular cardiac myocyte	NULL	NULL
CHEMBL3430625	Ventricular myocyte	Regular ventricular cardiac myocyte	NULL	NULL
CHEMBL3430626	Ventricular myocyte	Regular ventricular cardiac myocyte	NULL	NULL
CHEMBL3430627	NULL	NULL	NULL	NULL
CHEMBL3430628	HEK293	HEK293 (Embryonic kidney fibroblasts)	Homo sapiens	Embryonic kidney fibroblasts
CHEMBL3430629	NULL	NULL	NULL	NULL
CHEMBL3430630	NULL	NULL	NULL	NULL
CHEMBL3430631	NULL	NULL	NULL	NULL
CHEMBL3430632	NULL	NULL	NULL	NULL
CHEMBL3430633	NULL	NULL	NULL	NULL
CHEMBL3430634	NULL	NULL	NULL	NULL
CHEMBL3430635	NULL	NULL	NULL	NULL
CHEMBL3430636	NULL	NULL	NULL	NULL
CHEMBL3430637	NULL	NULL	NULL	NULL
CHEMBL3430638	NULL	NULL	NULL	NULL
CHEMBL3430639	NULL	NULL	NULL	NULL
CHEMBL3430640	NULL	NULL	NULL	NULL
CHEMBL3430641	NULL	NULL	NULL	NULL
CHEMBL3430642	NULL	NULL	NULL	NULL
CHEMBL3430643	NULL	NULL	NULL	NULL
CHEMBL3430644	NULL	NULL	NULL	NULL
CHEMBL3430645	NULL	NULL	NULL	NULL
CHEMBL3430646	NULL	NULL	NULL	NULL
CHEMBL3430647	HEK293	HEK293 (Embryonic kidney fibroblasts)	Homo sapiens	Embryonic kidney fibroblasts
CHEMBL3430648	NULL	NULL	NULL	NULL
CHEMBL3430649	NULL	NULL	NULL	NULL
CHEMBL3430650	NULL	NULL	NULL	NULL
CHEMBL3430651	NULL	NULL	NULL	NULL
CHEMBL3430652	NULL	NULL	NULL	NULL
CHEMBL3430653	NULL	NULL	NULL	NULL
CHEMBL3430654	NULL	NULL	NULL	NULL
CHEMBL3430655	NULL	NULL	NULL	NULL
CHEMBL3430656	NULL	NULL	NULL	NULL
CHEMBL3430657	NULL	NULL	NULL	NULL
CHEMBL3430689	CHO	CHO (Ovarian cells)	Cricetulus griseus	Ovarian cells
CHEMBL3430690	CHO	CHO (Ovarian cells)	Cricetulus griseus	Ovarian cells
CHEMBL3430691	CHO	CHO (Ovarian cells)	Cricetulus griseus	Ovarian cells
CHEMBL3430692	CHO	CHO (Ovarian cells)	Cricetulus griseus	Ovarian cells
CHEMBL3430693	CHO	CHO (Ovarian cells)	Cricetulus griseus	Ovarian cells
CHEMBL3430694	CHO	CHO (Ovarian cells)	Cricetulus griseus	Ovarian cells
CHEMBL3430695	CHO	CHO (Ovarian cells)	Cricetulus griseus	Ovarian cells
CHEMBL3430696	CHO	CHO (Ovarian cells)	Cricetulus griseus	Ovarian cells
CHEMBL3430697	CHO	CHO (Ovarian cells)	Cricetulus griseus	Ovarian cells
CHEMBL3430698	CHO	CHO (Ovarian cells)	Cricetulus griseus	Ovarian cells
CHEMBL3430699	CHO	CHO (Ovarian cells)	Cricetulus griseus	Ovarian cells
CHEMBL3430700	CHO	CHO (Ovarian cells)	Cricetulus griseus	Ovarian cells
CHEMBL3430701	CHO	CHO (Ovarian cells)	Cricetulus griseus	Ovarian cells
CHEMBL3430702	CHO	CHO (Ovarian cells)	Cricetulus griseus	Ovarian cells
CHEMBL3430703	CHO	CHO (Ovarian cells)	Cricetulus griseus	Ovarian cells
CHEMBL3430704	CHO	CHO (Ovarian cells)	Cricetulus griseus	Ovarian cells
CHEMBL3430705	CHO	CHO (Ovarian cells)	Cricetulus griseus	Ovarian cells
CHEMBL3430706	CHO	CHO (Ovarian cells)	Cricetulus griseus	Ovarian cells
CHEMBL3430707	CHO	CHO (Ovarian cells)	Cricetulus griseus	Ovarian cells
CHEMBL3430708	CHO	CHO (Ovarian cells)	Cricetulus griseus	Ovarian cells
CHEMBL3430709	CHO	CHO (Ovarian cells)	Cricetulus griseus	Ovarian cells
CHEMBL3430710	CHO	CHO (Ovarian cells)	Cricetulus griseus	Ovarian cells
CHEMBL3430711	CHO	CHO (Ovarian cells)	Cricetulus griseus	Ovarian cells
CHEMBL3430712	CHO	CHO (Ovarian cells)	Cricetulus griseus	Ovarian cells
CHEMBL3430713	CHO	CHO (Ovarian cells)	Cricetulus griseus	Ovarian cells
CHEMBL3430714	CHO	CHO (Ovarian cells)	Cricetulus griseus	Ovarian cells
CHEMBL3430715	CHO	CHO (Ovarian cells)	Cricetulus griseus	Ovarian cells
CHEMBL3430716	CHO	CHO (Ovarian cells)	Cricetulus griseus	Ovarian cells
CHEMBL3430717	CHO	CHO (Ovarian cells)	Cricetulus griseus	Ovarian cells
CHEMBL3430718	CHO	CHO (Ovarian cells)	Cricetulus griseus	Ovarian cells
CHEMBL3430719	CHO	CHO (Ovarian cells)	Cricetulus griseus	Ovarian cells
CHEMBL3430720	CHO	CHO (Ovarian cells)	Cricetulus griseus	Ovarian cells
CHEMBL3430721	CHO	CHO (Ovarian cells)	Cricetulus griseus	Ovarian cells
CHEMBL3430722	CHO	CHO (Ovarian cells)	Cricetulus griseus	Ovarian cells
CHEMBL3430723	CHO	CHO (Ovarian cells)	Cricetulus griseus	Ovarian cells
CHEMBL3430724	CHO	CHO (Ovarian cells)	Cricetulus griseus	Ovarian cells
CHEMBL3430725	CHO	CHO (Ovarian cells)	Cricetulus griseus	Ovarian cells
CHEMBL3430726	CHO	CHO (Ovarian cells)	Cricetulus griseus	Ovarian cells
CHEMBL3430727	CHO	CHO (Ovarian cells)	Cricetulus griseus	Ovarian cells
CHEMBL3430728	CHO	CHO (Ovarian cells)	Cricetulus griseus	Ovarian cells
CHEMBL3430729	CHO	CHO (Ovarian cells)	Cricetulus griseus	Ovarian cells
CHEMBL3430730	CHO	CHO (Ovarian cells)	Cricetulus griseus	Ovarian cells
CHEMBL3430731	CHO	CHO (Ovarian cells)	Cricetulus griseus	Ovarian cells
CHEMBL3430732	CHO	CHO (Ovarian cells)	Cricetulus griseus	Ovarian cells
CHEMBL3430733	CHO	CHO (Ovarian cells)	Cricetulus griseus	Ovarian cells
CHEMBL3430734	CHO	CHO (Ovarian cells)	Cricetulus griseus	Ovarian cells
CHEMBL3430735	CHO	CHO (Ovarian cells)	Cricetulus griseus	Ovarian cells
CHEMBL3430736	CHO	CHO (Ovarian cells)	Cricetulus griseus	Ovarian cells
CHEMBL3430737	CHO	CHO (Ovarian cells)	Cricetulus griseus	Ovarian cells
CHEMBL3430738	CHO	CHO (Ovarian cells)	Cricetulus griseus	Ovarian cells
CHEMBL3430739	CHO	CHO (Ovarian cells)	Cricetulus griseus	Ovarian cells
CHEMBL3430740	CHO	CHO (Ovarian cells)	Cricetulus griseus	Ovarian cells
CHEMBL3430741	CHO	CHO (Ovarian cells)	Cricetulus griseus	Ovarian cells
CHEMBL3430742	CHO	CHO (Ovarian cells)	Cricetulus griseus	Ovarian cells
CHEMBL3430743	CHO	CHO (Ovarian cells)	Cricetulus griseus	Ovarian cells
CHEMBL3430744	CHO	CHO (Ovarian cells)	Cricetulus griseus	Ovarian cells
CHEMBL3430745	CHO	CHO (Ovarian cells)	Cricetulus griseus	Ovarian cells
CHEMBL3430746	CHO	CHO (Ovarian cells)	Cricetulus griseus	Ovarian cells
CHEMBL3430747	CHO	CHO (Ovarian cells)	Cricetulus griseus	Ovarian cells
CHEMBL3430748	CHO	CHO (Ovarian cells)	Cricetulus griseus	Ovarian cells
CHEMBL3430749	NULL	NULL	NULL	NULL
CHEMBL3430750	NULL	NULL	NULL	NULL
CHEMBL3430322	NULL	NULL	NULL	NULL
CHEMBL3430323	NULL	NULL	NULL	NULL
CHEMBL3430324	NULL	NULL	NULL	NULL
CHEMBL3430325	NULL	NULL	NULL	NULL
CHEMBL3430326	NULL	NULL	NULL	NULL
CHEMBL3430327	NULL	NULL	NULL	NULL
CHEMBL3430328	NULL	NULL	NULL	NULL
CHEMBL3430329	NULL	NULL	NULL	NULL
CHEMBL3430330	NULL	NULL	NULL	NULL
CHEMBL3430331	NULL	NULL	NULL	NULL
CHEMBL3430332	NULL	NULL	NULL	NULL
CHEMBL3430333	NULL	NULL	NULL	NULL
CHEMBL3430334	NULL	NULL	NULL	NULL
CHEMBL3430335	NULL	NULL	NULL	NULL
CHEMBL3430336	NULL	NULL	NULL	NULL
CHEMBL3430337	NULL	NULL	NULL	NULL
CHEMBL3430338	NULL	NULL	NULL	NULL
CHEMBL3430339	NULL	NULL	NULL	NULL
CHEMBL3430340	NULL	NULL	NULL	NULL
CHEMBL3430341	NULL	NULL	NULL	NULL
CHEMBL3430342	NULL	NULL	NULL	NULL
CHEMBL3430343	NULL	NULL	NULL	NULL
CHEMBL3430344	NULL	NULL	NULL	NULL
CHEMBL3430345	NULL	NULL	NULL	NULL
CHEMBL3430346	NULL	NULL	NULL	NULL
CHEMBL3430347	NULL	NULL	NULL	NULL
CHEMBL3430348	NULL	NULL	NULL	NULL
CHEMBL3430349	NULL	NULL	NULL	NULL
CHEMBL3430350	NULL	NULL	NULL	NULL
CHEMBL3430351	NULL	NULL	NULL	NULL
CHEMBL3430352	NULL	NULL	NULL	NULL
CHEMBL3430353	NULL	NULL	NULL	NULL
CHEMBL3430354	CHO	CHO (Ovarian cells)	Cricetulus griseus	Ovarian cells
CHEMBL3430355	CHO	CHO (Ovarian cells)	Cricetulus griseus	Ovarian cells
CHEMBL3430356	CHO	CHO (Ovarian cells)	Cricetulus griseus	Ovarian cells
CHEMBL3430357	CHO	CHO (Ovarian cells)	Cricetulus griseus	Ovarian cells
CHEMBL3430358	CHO	CHO (Ovarian cells)	Cricetulus griseus	Ovarian cells
CHEMBL3430359	CHO	CHO (Ovarian cells)	Cricetulus griseus	Ovarian cells
CHEMBL3430360	CHO	CHO (Ovarian cells)	Cricetulus griseus	Ovarian cells
CHEMBL3430361	CHO	CHO (Ovarian cells)	Cricetulus griseus	Ovarian cells
CHEMBL3430362	CHO	CHO (Ovarian cells)	Cricetulus griseus	Ovarian cells
CHEMBL3430363	CHO	CHO (Ovarian cells)	Cricetulus griseus	Ovarian cells
CHEMBL3430364	CHO	CHO (Ovarian cells)	Cricetulus griseus	Ovarian cells
CHEMBL3430365	CHO	CHO (Ovarian cells)	Cricetulus griseus	Ovarian cells
CHEMBL3430366	CHO	CHO (Ovarian cells)	Cricetulus griseus	Ovarian cells
CHEMBL3430367	CHO	CHO (Ovarian cells)	Cricetulus griseus	Ovarian cells
CHEMBL3430368	CHO	CHO (Ovarian cells)	Cricetulus griseus	Ovarian cells
CHEMBL3430369	CHO	CHO (Ovarian cells)	Cricetulus griseus	Ovarian cells
CHEMBL3430370	CHO	CHO (Ovarian cells)	Cricetulus griseus	Ovarian cells
CHEMBL3430371	CHO	CHO (Ovarian cells)	Cricetulus griseus	Ovarian cells
CHEMBL3430372	CHO	CHO (Ovarian cells)	Cricetulus griseus	Ovarian cells
CHEMBL3430373	CHO	CHO (Ovarian cells)	Cricetulus griseus	Ovarian cells
CHEMBL3430374	CHO	CHO (Ovarian cells)	Cricetulus griseus	Ovarian cells
CHEMBL3430375	CHO	CHO (Ovarian cells)	Cricetulus griseus	Ovarian cells
CHEMBL3430376	CHO	CHO (Ovarian cells)	Cricetulus griseus	Ovarian cells
CHEMBL3430377	CHO	CHO (Ovarian cells)	Cricetulus griseus	Ovarian cells
CHEMBL3430378	CHO	CHO (Ovarian cells)	Cricetulus griseus	Ovarian cells
CHEMBL3430379	CHO	CHO (Ovarian cells)	Cricetulus griseus	Ovarian cells
CHEMBL3430380	CHO	CHO (Ovarian cells)	Cricetulus griseus	Ovarian cells
CHEMBL3430381	CHO	CHO (Ovarian cells)	Cricetulus griseus	Ovarian cells
CHEMBL3430382	CHO	CHO (Ovarian cells)	Cricetulus griseus	Ovarian cells
CHEMBL3436217	Ventricular myocyte	Regular ventricular cardiac myocyte	NULL	NULL
CHEMBL3436218	Ventricular myocyte	Regular ventricular cardiac myocyte	NULL	NULL
CHEMBL3436219	Ventricular myocyte	Regular ventricular cardiac myocyte	NULL	NULL
CHEMBL3436220	Ventricular myocyte	Regular ventricular cardiac myocyte	NULL	NULL
CHEMBL3436221	Oocyte	Ooctyes	Xenopus laevis	NULL
CHEMBL3436222	Oocyte	Ooctyes	Xenopus laevis	NULL
CHEMBL3436223	Ventricular myocyte	Regular ventricular cardiac myocyte	NULL	NULL
CHEMBL3436224	Ventricular myocyte	Regular ventricular cardiac myocyte	NULL	NULL
CHEMBL3436225	Ventricular myocyte	Regular ventricular cardiac myocyte	NULL	NULL
CHEMBL3436226	Oocyte	Ooctyes	Xenopus laevis	NULL
CHEMBL3436227	Oocyte	Ooctyes	Xenopus laevis	NULL
CHEMBL3436213	Oocyte	Ooctyes	Xenopus laevis	NULL
CHEMBL3436214	Oocyte	Ooctyes	Xenopus laevis	NULL
CHEMBL3436215	Ventricular myocyte	Regular ventricular cardiac myocyte	NULL	NULL
CHEMBL3436216	Ventricular myocyte	Regular ventricular cardiac myocyte	NULL	NULL
CHEMBL3436050	Ventricular myocyte	Regular ventricular cardiac myocyte	NULL	NULL
CHEMBL3436051	HEK293	HEK293 (Embryonic kidney fibroblasts)	Homo sapiens	Embryonic kidney fibroblasts
CHEMBL3436052	Ventricular myocyte	Regular ventricular cardiac myocyte	NULL	NULL
CHEMBL3436053	Ventricular myocyte	Regular ventricular cardiac myocyte	NULL	NULL
CHEMBL3436054	Ventricular myocyte	Regular ventricular cardiac myocyte	NULL	NULL
CHEMBL3436055	Ventricular myocyte	Regular ventricular cardiac myocyte	NULL	NULL
CHEMBL3436056	Ventricular myocyte	Regular ventricular cardiac myocyte	NULL	NULL
CHEMBL3436057	Ventricular myocyte	Regular ventricular cardiac myocyte	NULL	NULL
CHEMBL3436058	Oocyte	Ooctyes	Xenopus laevis	NULL
CHEMBL3436059	Oocyte	Ooctyes	Xenopus laevis	NULL
CHEMBL3436060	Ventricular myocyte	Regular ventricular cardiac myocyte	NULL	NULL
CHEMBL3436061	Ventricular myocyte	Regular ventricular cardiac myocyte	NULL	NULL
CHEMBL3436062	Ventricular myocyte	Regular ventricular cardiac myocyte	NULL	NULL
CHEMBL3436063	Ventricular myocyte	Regular ventricular cardiac myocyte	NULL	NULL
CHEMBL3436064	Ventricular myocyte	Regular ventricular cardiac myocyte	NULL	NULL
CHEMBL3436065	HEK293	HEK293 (Embryonic kidney fibroblasts)	Homo sapiens	Embryonic kidney fibroblasts
CHEMBL3436066	Ventricular myocyte	Regular ventricular cardiac myocyte	NULL	NULL
CHEMBL3436067	Ventricular myocyte	Regular ventricular cardiac myocyte	NULL	NULL
CHEMBL3436068	Ventricular myocyte	Regular ventricular cardiac myocyte	NULL	NULL
CHEMBL3436069	Ventricular myocyte	Regular ventricular cardiac myocyte	NULL	NULL
CHEMBL3436070	Ventricular myocyte	Regular ventricular cardiac myocyte	NULL	NULL
CHEMBL3436071	Ventricular myocyte	Regular ventricular cardiac myocyte	NULL	NULL
CHEMBL3436072	Ventricular myocyte	Regular ventricular cardiac myocyte	NULL	NULL
CHEMBL3436073	Ventricular myocyte	Regular ventricular cardiac myocyte	NULL	NULL
CHEMBL3436074	HEK293	HEK293 (Embryonic kidney fibroblasts)	Homo sapiens	Embryonic kidney fibroblasts
CHEMBL3436075	Ventricular myocyte	Regular ventricular cardiac myocyte	NULL	NULL
CHEMBL3436076	HEK293	HEK293 (Embryonic kidney fibroblasts)	Homo sapiens	Embryonic kidney fibroblasts
CHEMBL3436077	Ventricular myocyte	Regular ventricular cardiac myocyte	NULL	NULL
CHEMBL3436078	Ventricular myocyte	Regular ventricular cardiac myocyte	NULL	NULL
CHEMBL3436079	Ventricular myocyte	Regular ventricular cardiac myocyte	NULL	NULL
CHEMBL3436080	HEK293	HEK293 (Embryonic kidney fibroblasts)	Homo sapiens	Embryonic kidney fibroblasts
CHEMBL3436081	Ventricular myocyte	Regular ventricular cardiac myocyte	NULL	NULL
CHEMBL3436082	Ventricular myocyte	Regular ventricular cardiac myocyte	NULL	NULL
CHEMBL3436083	Ventricular myocyte	Regular ventricular cardiac myocyte	NULL	NULL
CHEMBL3436084	HEK293	HEK293 (Embryonic kidney fibroblasts)	Homo sapiens	Embryonic kidney fibroblasts
CHEMBL3436085	Ventricular myocyte	Regular ventricular cardiac myocyte	NULL	NULL
CHEMBL3436086	Ventricular myocyte	Regular ventricular cardiac myocyte	NULL	NULL
CHEMBL3436087	HEK293	HEK293 (Embryonic kidney fibroblasts)	Homo sapiens	Embryonic kidney fibroblasts
CHEMBL3436088	HEK293	HEK293 (Embryonic kidney fibroblasts)	Homo sapiens	Embryonic kidney fibroblasts
CHEMBL3436089	Ventricular myocyte	Regular ventricular cardiac myocyte	NULL	NULL
CHEMBL3436090	HEK293	HEK293 (Embryonic kidney fibroblasts)	Homo sapiens	Embryonic kidney fibroblasts
CHEMBL3436091	Ventricular myocyte	Regular ventricular cardiac myocyte	NULL	NULL
CHEMBL3436092	Ventricular myocyte	Regular ventricular cardiac myocyte	NULL	NULL
CHEMBL3436093	HEK293	HEK293 (Embryonic kidney fibroblasts)	Homo sapiens	Embryonic kidney fibroblasts
CHEMBL3436094	Ventricular myocyte	Regular ventricular cardiac myocyte	NULL	NULL
CHEMBL3436095	Ventricular myocyte	Regular ventricular cardiac myocyte	NULL	NULL
CHEMBL3436096	Oocyte	Ooctyes	Xenopus laevis	NULL
CHEMBL3436097	Oocyte	Ooctyes	Xenopus laevis	NULL
CHEMBL3436098	HEK293	HEK293 (Embryonic kidney fibroblasts)	Homo sapiens	Embryonic kidney fibroblasts
CHEMBL3436099	HEK293	HEK293 (Embryonic kidney fibroblasts)	Homo sapiens	Embryonic kidney fibroblasts
CHEMBL3436100	Oocyte	Ooctyes	Xenopus laevis	NULL
CHEMBL3436101	Oocyte	Ooctyes	Xenopus laevis	NULL
CHEMBL3436102	CHO	CHO (Ovarian cells)	Cricetulus griseus	Ovarian cells
CHEMBL3436103	Ventricular myocyte	Regular ventricular cardiac myocyte	NULL	NULL
CHEMBL3436104	HEK293	HEK293 (Embryonic kidney fibroblasts)	Homo sapiens	Embryonic kidney fibroblasts
CHEMBL3436105	HEK293	HEK293 (Embryonic kidney fibroblasts)	Homo sapiens	Embryonic kidney fibroblasts
CHEMBL3436106	Ventricular myocyte	Regular ventricular cardiac myocyte	NULL	NULL
CHEMBL3436107	Ventricular myocyte	Regular ventricular cardiac myocyte	NULL	NULL
CHEMBL3436108	Ventricular myocyte	Regular ventricular cardiac myocyte	NULL	NULL
CHEMBL3436109	HEK293	HEK293 (Embryonic kidney fibroblasts)	Homo sapiens	Embryonic kidney fibroblasts
CHEMBL3436110	CHO	CHO (Ovarian cells)	Cricetulus griseus	Ovarian cells
CHEMBL3436111	Ventricular myocyte	Regular ventricular cardiac myocyte	NULL	NULL
CHEMBL3436112	Ventricular myocyte	Regular ventricular cardiac myocyte	NULL	NULL
CHEMBL3436113	Ventricular myocyte	Regular ventricular cardiac myocyte	NULL	NULL
CHEMBL3436114	Ventricular myocyte	Regular ventricular cardiac myocyte	NULL	NULL
CHEMBL3436115	Ventricular myocyte	Regular ventricular cardiac myocyte	NULL	NULL
CHEMBL3436116	Ventricular myocyte	Regular ventricular cardiac myocyte	NULL	NULL
CHEMBL3436117	Ventricular myocyte	Regular ventricular cardiac myocyte	NULL	NULL
CHEMBL3436118	HEK293	HEK293 (Embryonic kidney fibroblasts)	Homo sapiens	Embryonic kidney fibroblasts
CHEMBL3436119	CHO	CHO (Ovarian cells)	Cricetulus griseus	Ovarian cells
CHEMBL3436120	Ventricular myocyte	Regular ventricular cardiac myocyte	NULL	NULL
CHEMBL3436121	Ventricular myocyte	Regular ventricular cardiac myocyte	NULL	NULL
CHEMBL3436122	Ventricular myocyte	Regular ventricular cardiac myocyte	NULL	NULL
CHEMBL3436123	HEK293	HEK293 (Embryonic kidney fibroblasts)	Homo sapiens	Embryonic kidney fibroblasts
CHEMBL3436124	Ventricular myocyte	Regular ventricular cardiac myocyte	NULL	NULL
CHEMBL3436125	Ventricular myocyte	Regular ventricular cardiac myocyte	NULL	NULL
CHEMBL3436126	HEK293	HEK293 (Embryonic kidney fibroblasts)	Homo sapiens	Embryonic kidney fibroblasts
CHEMBL3436127	Ventricular myocyte	Regular ventricular cardiac myocyte	NULL	NULL
CHEMBL3436128	Ventricular myocyte	Regular ventricular cardiac myocyte	NULL	NULL
CHEMBL3436129	Ventricular myocyte	Regular ventricular cardiac myocyte	NULL	NULL
CHEMBL3436130	HEK293	HEK293 (Embryonic kidney fibroblasts)	Homo sapiens	Embryonic kidney fibroblasts
CHEMBL3436131	Ventricular myocyte	Regular ventricular cardiac myocyte	NULL	NULL
CHEMBL3436132	HEK293	HEK293 (Embryonic kidney fibroblasts)	Homo sapiens	Embryonic kidney fibroblasts
CHEMBL3436133	CHO	CHO (Ovarian cells)	Cricetulus griseus	Ovarian cells
CHEMBL3436134	Ventricular myocyte	Regular ventricular cardiac myocyte	NULL	NULL
CHEMBL3436135	HEK293	HEK293 (Embryonic kidney fibroblasts)	Homo sapiens	Embryonic kidney fibroblasts
CHEMBL3436136	Ventricular myocyte	Regular ventricular cardiac myocyte	NULL	NULL
CHEMBL3436137	Ventricular myocyte	Regular ventricular cardiac myocyte	NULL	NULL
CHEMBL3436138	Ventricular myocyte	Regular ventricular cardiac myocyte	NULL	NULL
CHEMBL3436139	Ventricular myocyte	Regular ventricular cardiac myocyte	NULL	NULL
CHEMBL3436140	HEK293	HEK293 (Embryonic kidney fibroblasts)	Homo sapiens	Embryonic kidney fibroblasts
CHEMBL3436141	Ventricular myocyte	Regular ventricular cardiac myocyte	NULL	NULL
CHEMBL3436142	HEK293	HEK293 (Embryonic kidney fibroblasts)	Homo sapiens	Embryonic kidney fibroblasts
CHEMBL3436143	HEK293	HEK293 (Embryonic kidney fibroblasts)	Homo sapiens	Embryonic kidney fibroblasts
CHEMBL3436144	Ventricular myocyte	Regular ventricular cardiac myocyte	NULL	NULL
CHEMBL3436145	HEK293	HEK293 (Embryonic kidney fibroblasts)	Homo sapiens	Embryonic kidney fibroblasts
CHEMBL3436146	Ventricular myocyte	Regular ventricular cardiac myocyte	NULL	NULL
CHEMBL3436147	Ventricular myocyte	Regular ventricular cardiac myocyte	NULL	NULL
CHEMBL3436148	Ventricular myocyte	Regular ventricular cardiac myocyte	NULL	NULL
CHEMBL3436149	CHO	CHO (Ovarian cells)	Cricetulus griseus	Ovarian cells
CHEMBL3436150	Ventricular myocyte	Regular ventricular cardiac myocyte	NULL	NULL
CHEMBL3436151	Ventricular myocyte	Regular ventricular cardiac myocyte	NULL	NULL
CHEMBL3436152	Ventricular myocyte	Regular ventricular cardiac myocyte	NULL	NULL
CHEMBL3436153	Ventricular myocyte	Regular ventricular cardiac myocyte	NULL	NULL
CHEMBL3436154	Ventricular myocyte	Regular ventricular cardiac myocyte	NULL	NULL
CHEMBL3436155	HEK293	HEK293 (Embryonic kidney fibroblasts)	Homo sapiens	Embryonic kidney fibroblasts
CHEMBL3436156	HEK293	HEK293 (Embryonic kidney fibroblasts)	Homo sapiens	Embryonic kidney fibroblasts
CHEMBL3436157	HEK293	HEK293 (Embryonic kidney fibroblasts)	Homo sapiens	Embryonic kidney fibroblasts
CHEMBL3508811	HEK293	HEK293 (Embryonic kidney fibroblasts)	Homo sapiens	Embryonic kidney fibroblasts
CHEMBL3508812	HEK293	HEK293 (Embryonic kidney fibroblasts)	Homo sapiens	Embryonic kidney fibroblasts
CHEMBL3508848	HEK293	HEK293 (Embryonic kidney fibroblasts)	Homo sapiens	Embryonic kidney fibroblasts
CHEMBL3508849	HEK293	HEK293 (Embryonic kidney fibroblasts)	Homo sapiens	Embryonic kidney fibroblasts
CHEMBL3508850	HEK293	HEK293 (Embryonic kidney fibroblasts)	Homo sapiens	Embryonic kidney fibroblasts
CHEMBL3508851	HEK293	HEK293 (Embryonic kidney fibroblasts)	Homo sapiens	Embryonic kidney fibroblasts
CHEMBL3508852	HEK293	HEK293 (Embryonic kidney fibroblasts)	Homo sapiens	Embryonic kidney fibroblasts
CHEMBL3578665	NULL	NULL	NULL	NULL
CHEMBL3579079	NULL	NULL	NULL	NULL
CHEMBL3579575	NULL	NULL	NULL	NULL
CHEMBL3579786	HEK293	HEK293 (Embryonic kidney fibroblasts)	Homo sapiens	Embryonic kidney fibroblasts
CHEMBL3579943	HEK293	HEK293 (Embryonic kidney fibroblasts)	Homo sapiens	Embryonic kidney fibroblasts
CHEMBL3579944	HEK293	HEK293 (Embryonic kidney fibroblasts)	Homo sapiens	Embryonic kidney fibroblasts
CHEMBL3579945	HEK293	HEK293 (Embryonic kidney fibroblasts)	Homo sapiens	Embryonic kidney fibroblasts
CHEMBL3580169	CHO	CHO (Ovarian cells)	Cricetulus griseus	Ovarian cells
CHEMBL3578413	HEK293	HEK293 (Embryonic kidney fibroblasts)	Homo sapiens	Embryonic kidney fibroblasts
CHEMBL3578618	CHO	CHO (Ovarian cells)	Cricetulus griseus	Ovarian cells
CHEMBL3582736	CHO	CHO (Ovarian cells)	Cricetulus griseus	Ovarian cells
CHEMBL3582540	NULL	NULL	NULL	NULL
CHEMBL3583096	NULL	NULL	NULL	NULL
CHEMBL3583383	NULL	NULL	NULL	NULL
CHEMBL3583384	NULL	NULL	NULL	NULL
CHEMBL3583386	NULL	NULL	NULL	NULL
CHEMBL3583387	NULL	NULL	NULL	NULL
CHEMBL3583403	NULL	NULL	NULL	NULL
CHEMBL3583404	NULL	NULL	NULL	NULL
CHEMBL3583954	NULL	NULL	NULL	NULL
CHEMBL3583955	NULL	NULL	NULL	NULL
CHEMBL3584390	NULL	NULL	NULL	NULL
CHEMBL3582584	CHO-K1	CHO-K1 (Ovarian cells)	Cricetulus griseus	Ovarian cells
CHEMBL3582606	NULL	NULL	NULL	NULL
CHEMBL3588625	NULL	NULL	NULL	NULL
CHEMBL3587475	NULL	NULL	NULL	NULL
CHEMBL3587702	HEK293	HEK293 (Embryonic kidney fibroblasts)	Homo sapiens	Embryonic kidney fibroblasts
CHEMBL3588388	NULL	NULL	NULL	NULL
CHEMBL3588589	NULL	NULL	NULL	NULL
CHEMBL3591528	NULL	NULL	NULL	NULL
CHEMBL3591006	CHO	CHO (Ovarian cells)	Cricetulus griseus	Ovarian cells
CHEMBL3591007	CHO	CHO (Ovarian cells)	Cricetulus griseus	Ovarian cells
CHEMBL3591008	CHO	CHO (Ovarian cells)	Cricetulus griseus	Ovarian cells
CHEMBL3591805	NULL	NULL	NULL	NULL
CHEMBL3592068	HEK293	HEK293 (Embryonic kidney fibroblasts)	Homo sapiens	Embryonic kidney fibroblasts
CHEMBL3592072	HEK293	HEK293 (Embryonic kidney fibroblasts)	Homo sapiens	Embryonic kidney fibroblasts
CHEMBL3592076	HEK293	HEK293 (Embryonic kidney fibroblasts)	Homo sapiens	Embryonic kidney fibroblasts
CHEMBL3592080	HEK293	HEK293 (Embryonic kidney fibroblasts)	Homo sapiens	Embryonic kidney fibroblasts
CHEMBL3592224	NULL	NULL	NULL	NULL
CHEMBL3590902	HEK293	HEK293 (Embryonic kidney fibroblasts)	Homo sapiens	Embryonic kidney fibroblasts
CHEMBL3590915	NULL	NULL	NULL	NULL
CHEMBL3591513	HEK293	HEK293 (Embryonic kidney fibroblasts)	Homo sapiens	Embryonic kidney fibroblasts
CHEMBL3591514	HEK293	HEK293 (Embryonic kidney fibroblasts)	Homo sapiens	Embryonic kidney fibroblasts
CHEMBL3591515	HEK293	HEK293 (Embryonic kidney fibroblasts)	Homo sapiens	Embryonic kidney fibroblasts
CHEMBL3591516	HEK293	HEK293 (Embryonic kidney fibroblasts)	Homo sapiens	Embryonic kidney fibroblasts
CHEMBL3591517	HEK293	HEK293 (Embryonic kidney fibroblasts)	Homo sapiens	Embryonic kidney fibroblasts
CHEMBL3591518	HEK293	HEK293 (Embryonic kidney fibroblasts)	Homo sapiens	Embryonic kidney fibroblasts
CHEMBL3591519	HEK293	HEK293 (Embryonic kidney fibroblasts)	Homo sapiens	Embryonic kidney fibroblasts
CHEMBL3595880	NULL	NULL	NULL	NULL
CHEMBL3594777	CHO	CHO (Ovarian cells)	Cricetulus griseus	Ovarian cells
CHEMBL3594793	CHO-K1	CHO-K1 (Ovarian cells)	Cricetulus griseus	Ovarian cells
CHEMBL3594979	HEK293	HEK293 (Embryonic kidney fibroblasts)	Homo sapiens	Embryonic kidney fibroblasts
CHEMBL3599417	NULL	NULL	NULL	NULL
CHEMBL3599847	NULL	NULL	NULL	NULL
CHEMBL3599848	NULL	NULL	NULL	NULL
CHEMBL3598727	NULL	NULL	NULL	NULL
CHEMBL3602645	CHO	CHO (Ovarian cells)	Cricetulus griseus	Ovarian cells
CHEMBL3602656	CHO	CHO (Ovarian cells)	Cricetulus griseus	Ovarian cells
CHEMBL3602657	CHO	CHO (Ovarian cells)	Cricetulus griseus	Ovarian cells
CHEMBL3602726	NULL	NULL	NULL	NULL
CHEMBL3602727	NULL	NULL	NULL	NULL
CHEMBL3602728	NULL	NULL	NULL	NULL
CHEMBL3603073	NULL	NULL	NULL	NULL
CHEMBL3602243	NULL	NULL	NULL	NULL
CHEMBL3602620	NULL	NULL	NULL	NULL
CHEMBL3602779	NULL	NULL	NULL	NULL
CHEMBL3603131	NULL	NULL	NULL	NULL
CHEMBL3602290	NULL	NULL	NULL	NULL
CHEMBL3603636	NULL	NULL	NULL	NULL
CHEMBL3607755	NULL	NULL	NULL	NULL
CHEMBL3606444	NULL	NULL	NULL	NULL
CHEMBL3606549	HEK293	HEK293 (Embryonic kidney fibroblasts)	Homo sapiens	Embryonic kidney fibroblasts
CHEMBL3607786	NULL	NULL	NULL	NULL
CHEMBL3607787	CHO	CHO (Ovarian cells)	Cricetulus griseus	Ovarian cells
CHEMBL3606474	NULL	NULL	NULL	NULL
CHEMBL3606931	NULL	NULL	NULL	NULL
CHEMBL3607541	NULL	NULL	NULL	NULL
CHEMBL3607542	CHO	CHO (Ovarian cells)	Cricetulus griseus	Ovarian cells
CHEMBL3607683	NULL	NULL	NULL	NULL
CHEMBL3607822	NULL	NULL	NULL	NULL
CHEMBL3607064	NULL	NULL	NULL	NULL
CHEMBL3607065	NULL	NULL	NULL	NULL
CHEMBL3610728	NULL	NULL	NULL	NULL
CHEMBL3610733	NULL	NULL	NULL	NULL
CHEMBL3611634	HEK293	HEK293 (Embryonic kidney fibroblasts)	Homo sapiens	Embryonic kidney fibroblasts
CHEMBL3611641	HEK293	HEK293 (Embryonic kidney fibroblasts)	Homo sapiens	Embryonic kidney fibroblasts
CHEMBL3611882	HEK293	HEK293 (Embryonic kidney fibroblasts)	Homo sapiens	Embryonic kidney fibroblasts
CHEMBL3611883	CHO	CHO (Ovarian cells)	Cricetulus griseus	Ovarian cells
CHEMBL3611367	HEK293	HEK293 (Embryonic kidney fibroblasts)	Homo sapiens	Embryonic kidney fibroblasts
CHEMBL3611375	HEK293	HEK293 (Embryonic kidney fibroblasts)	Homo sapiens	Embryonic kidney fibroblasts
CHEMBL3610078	NULL	NULL	NULL	NULL
CHEMBL3610296	NULL	NULL	NULL	NULL
CHEMBL3610825	NULL	NULL	NULL	NULL
CHEMBL3611135	NULL	NULL	NULL	NULL
CHEMBL3616173	NULL	NULL	NULL	NULL
CHEMBL3614618	NULL	NULL	NULL	NULL
CHEMBL3616252	NULL	NULL	NULL	NULL
CHEMBL3615683	HEK293	HEK293 (Embryonic kidney fibroblasts)	Homo sapiens	Embryonic kidney fibroblasts
CHEMBL3615686	HEK293	HEK293 (Embryonic kidney fibroblasts)	Homo sapiens	Embryonic kidney fibroblasts
CHEMBL3615701	NULL	NULL	NULL	NULL
CHEMBL3616110	NULL	NULL	NULL	NULL
CHEMBL3616113	HEK293	HEK293 (Embryonic kidney fibroblasts)	Homo sapiens	Embryonic kidney fibroblasts
CHEMBL3614588	NULL	NULL	NULL	NULL
CHEMBL3615013	NULL	NULL	NULL	NULL
CHEMBL3615014	NULL	NULL	NULL	NULL
CHEMBL3615015	NULL	NULL	NULL	NULL
CHEMBL3615016	NULL	NULL	NULL	NULL
CHEMBL3618560	NULL	NULL	NULL	NULL
CHEMBL3618799	NULL	NULL	NULL	NULL
CHEMBL3618949	NULL	NULL	NULL	NULL
CHEMBL3618954	HEK293	HEK293 (Embryonic kidney fibroblasts)	Homo sapiens	Embryonic kidney fibroblasts
CHEMBL3620197	CHO	CHO (Ovarian cells)	Cricetulus griseus	Ovarian cells
CHEMBL3619841	CHO	CHO (Ovarian cells)	Cricetulus griseus	Ovarian cells
CHEMBL3619842	NULL	NULL	NULL	NULL
CHEMBL3619843	NULL	NULL	NULL	NULL
CHEMBL3625503	NULL	NULL	NULL	NULL
CHEMBL3625655	NULL	NULL	NULL	NULL
CHEMBL3624320	NULL	NULL	NULL	NULL
CHEMBL3625361	NULL	NULL	NULL	NULL
CHEMBL3625362	NULL	NULL	NULL	NULL
CHEMBL3625363	NULL	NULL	NULL	NULL
CHEMBL3624814	NULL	NULL	NULL	NULL
CHEMBL3625553	NULL	NULL	NULL	NULL
CHEMBL3625781	NULL	NULL	NULL	NULL
CHEMBL3624292	CHO-K1	CHO-K1 (Ovarian cells)	Cricetulus griseus	Ovarian cells
CHEMBL3624298	CHO-K1	CHO-K1 (Ovarian cells)	Cricetulus griseus	Ovarian cells
CHEMBL3624311	NULL	NULL	NULL	NULL
CHEMBL3627070	NULL	NULL	NULL	NULL
CHEMBL3627500	NULL	NULL	NULL	NULL
CHEMBL3626606	NULL	NULL	NULL	NULL
CHEMBL3626607	NULL	NULL	NULL	NULL
CHEMBL3630980	HEK293	HEK293 (Embryonic kidney fibroblasts)	Homo sapiens	Embryonic kidney fibroblasts
CHEMBL3630981	HEK293	HEK293 (Embryonic kidney fibroblasts)	Homo sapiens	Embryonic kidney fibroblasts
CHEMBL3631137	NULL	NULL	NULL	NULL
CHEMBL3630418	NULL	NULL	NULL	NULL
CHEMBL3630432	NULL	NULL	NULL	NULL
CHEMBL3631371	NULL	NULL	NULL	NULL
CHEMBL3637622	HEK293	HEK293 (Embryonic kidney fibroblasts)	Homo sapiens	Embryonic kidney fibroblasts
CHEMBL3635896	HEK293	HEK293 (Embryonic kidney fibroblasts)	Homo sapiens	Embryonic kidney fibroblasts
CHEMBL3636862	HEK293	HEK293 (Embryonic kidney fibroblasts)	Homo sapiens	Embryonic kidney fibroblasts
CHEMBL3636866	NULL	NULL	NULL	NULL
CHEMBL3637054	HEK293	HEK293 (Embryonic kidney fibroblasts)	Homo sapiens	Embryonic kidney fibroblasts
CHEMBL3635936	NULL	NULL	NULL	NULL
CHEMBL3635627	NULL	NULL	NULL	NULL
CHEMBL3635628	NULL	NULL	NULL	NULL
CHEMBL3638056	Ventricular myocyte	Regular ventricular cardiac myocyte	NULL	NULL
CHEMBL3638057	Ventricular myocyte	Regular ventricular cardiac myocyte	NULL	NULL
CHEMBL3638058	Ventricular myocyte	Regular ventricular cardiac myocyte	NULL	NULL
CHEMBL3638059	Ventricular myocyte	Regular ventricular cardiac myocyte	NULL	NULL
CHEMBL3638060	Ventricular myocyte	Regular ventricular cardiac myocyte	NULL	NULL
CHEMBL3638061	Ventricular myocyte	Regular ventricular cardiac myocyte	NULL	NULL
CHEMBL3638062	Ventricular myocyte	Regular ventricular cardiac myocyte	NULL	NULL
CHEMBL3638063	Ventricular myocyte	Regular ventricular cardiac myocyte	NULL	NULL
CHEMBL3638064	Ventricular myocyte	Regular ventricular cardiac myocyte	NULL	NULL
CHEMBL3638065	Ventricular myocyte	Regular ventricular cardiac myocyte	NULL	NULL
CHEMBL3638066	Ventricular myocyte	Regular ventricular cardiac myocyte	NULL	NULL
CHEMBL3638067	Ventricular myocyte	Regular ventricular cardiac myocyte	NULL	NULL
CHEMBL3638068	Ventricular myocyte	Regular ventricular cardiac myocyte	NULL	NULL
CHEMBL3638069	Ventricular myocyte	Regular ventricular cardiac myocyte	NULL	NULL
CHEMBL3638070	Ventricular myocyte	Regular ventricular cardiac myocyte	NULL	NULL
CHEMBL3638071	Ventricular myocyte	Regular ventricular cardiac myocyte	NULL	NULL
CHEMBL3638072	Ventricular myocyte	Regular ventricular cardiac myocyte	NULL	NULL
CHEMBL3638073	Ventricular myocyte	Regular ventricular cardiac myocyte	NULL	NULL
CHEMBL3638074	Ventricular myocyte	Regular ventricular cardiac myocyte	NULL	NULL
CHEMBL3638075	Ventricular myocyte	Regular ventricular cardiac myocyte	NULL	NULL
CHEMBL3638076	Ventricular myocyte	Regular ventricular cardiac myocyte	NULL	NULL
CHEMBL3638077	Ventricular myocyte	Regular ventricular cardiac myocyte	NULL	NULL
CHEMBL3638078	Ventricular myocyte	Regular ventricular cardiac myocyte	NULL	NULL
CHEMBL3638079	Ventricular myocyte	Regular ventricular cardiac myocyte	NULL	NULL
CHEMBL3638080	Cardiac Muscle Cell	Cardiac Muscle Cell	NULL	Cardiac Muscle
CHEMBL3638081	Ventricular myocyte	Regular ventricular cardiac myocyte	NULL	NULL
CHEMBL3638082	Ventricular myocyte	Regular ventricular cardiac myocyte	NULL	NULL
CHEMBL3638083	Ventricular myocyte	Regular ventricular cardiac myocyte	NULL	NULL
CHEMBL3638084	Ventricular myocyte	Regular ventricular cardiac myocyte	NULL	NULL
CHEMBL3638085	Oocyte	Ooctyes	Xenopus laevis	NULL
CHEMBL3638086	Ventricular myocyte	Regular ventricular cardiac myocyte	NULL	NULL
CHEMBL3638087	Ventricular myocyte	Regular ventricular cardiac myocyte	NULL	NULL
CHEMBL3638088	Ventricular myocyte	Regular ventricular cardiac myocyte	NULL	NULL
CHEMBL3638089	Ventricular myocyte	Regular ventricular cardiac myocyte	NULL	NULL
CHEMBL3638090	Ventricular myocyte	Regular ventricular cardiac myocyte	NULL	NULL
CHEMBL3638091	Ventricular myocyte	Regular ventricular cardiac myocyte	NULL	NULL
CHEMBL3638092	Ventricular myocyte	Regular ventricular cardiac myocyte	NULL	NULL
CHEMBL3638093	Ventricular myocyte	Regular ventricular cardiac myocyte	NULL	NULL
CHEMBL3638094	Ventricular myocyte	Regular ventricular cardiac myocyte	NULL	NULL
CHEMBL3638095	Ventricular myocyte	Regular ventricular cardiac myocyte	NULL	NULL
CHEMBL3638096	Ventricular myocyte	Regular ventricular cardiac myocyte	NULL	NULL
CHEMBL3638097	Ventricular myocyte	Regular ventricular cardiac myocyte	NULL	NULL
CHEMBL3638098	Ventricular myocyte	Regular ventricular cardiac myocyte	NULL	NULL
CHEMBL3638099	Ventricular myocyte	Regular ventricular cardiac myocyte	NULL	NULL
CHEMBL3638100	Ventricular myocyte	Regular ventricular cardiac myocyte	NULL	NULL
CHEMBL3638101	Ventricular myocyte	Regular ventricular cardiac myocyte	NULL	NULL
CHEMBL3638102	Cardiac Muscle Cell	Cardiac Muscle Cell	NULL	Cardiac Muscle
CHEMBL3638103	Cardiac Muscle Cell	Cardiac Muscle Cell	NULL	Cardiac Muscle
CHEMBL3638104	Cardiac Muscle Cell	Cardiac Muscle Cell	NULL	Cardiac Muscle
CHEMBL3638105	Cardiac Muscle Cell	Cardiac Muscle Cell	NULL	Cardiac Muscle
CHEMBL3638106	Cardiac Muscle Cell	Cardiac Muscle Cell	NULL	Cardiac Muscle
CHEMBL3638107	A7R5	A7R5 (Immortalized cell line)	Rattus norvegicus	NULL
CHEMBL3638108	A7R5	A7R5 (Immortalized cell line)	Rattus norvegicus	NULL
CHEMBL3638109	A7R5	A7R5 (Immortalized cell line)	Rattus norvegicus	NULL
CHEMBL3638110	A7R5	A7R5 (Immortalized cell line)	Rattus norvegicus	NULL
CHEMBL3638111	A7R5	A7R5 (Immortalized cell line)	Rattus norvegicus	NULL
CHEMBL3638112	A7R5	A7R5 (Immortalized cell line)	Rattus norvegicus	NULL
CHEMBL3638113	A7R5	A7R5 (Immortalized cell line)	Rattus norvegicus	NULL
CHEMBL3638114	A7R5	A7R5 (Immortalized cell line)	Rattus norvegicus	NULL
CHEMBL3638115	A7R5	A7R5 (Immortalized cell line)	Rattus norvegicus	NULL
CHEMBL3638116	A7R5	A7R5 (Immortalized cell line)	Rattus norvegicus	NULL
CHEMBL3638117	A7R5	A7R5 (Immortalized cell line)	Rattus norvegicus	NULL
CHEMBL3638118	A7R5	A7R5 (Immortalized cell line)	Rattus norvegicus	NULL
CHEMBL3638119	Ventricular myocyte	Regular ventricular cardiac myocyte	NULL	NULL
CHEMBL3638120	Ventricular myocyte	Regular ventricular cardiac myocyte	NULL	NULL
CHEMBL3638121	Ventricular myocyte	Regular ventricular cardiac myocyte	NULL	NULL
CHEMBL3638122	Ventricular myocyte	Regular ventricular cardiac myocyte	NULL	NULL
CHEMBL3638123	HEK293	HEK293 (Embryonic kidney fibroblasts)	Homo sapiens	Embryonic kidney fibroblasts
CHEMBL3638124	HEK293	HEK293 (Embryonic kidney fibroblasts)	Homo sapiens	Embryonic kidney fibroblasts
CHEMBL3638126	Ventricular myocyte	Regular ventricular cardiac myocyte	NULL	NULL
CHEMBL3638127	Ventricular myocyte	Regular ventricular cardiac myocyte	NULL	NULL
CHEMBL3638128	Ventricular myocyte	Regular ventricular cardiac myocyte	NULL	NULL
CHEMBL3638129	Ventricular myocyte	Regular ventricular cardiac myocyte	NULL	NULL
CHEMBL3638130	Ventricular myocyte	Regular ventricular cardiac myocyte	NULL	NULL
CHEMBL3638131	Ventricular myocyte	Regular ventricular cardiac myocyte	NULL	NULL
CHEMBL3638132	Ventricular myocyte	Regular ventricular cardiac myocyte	NULL	NULL
CHEMBL3638133	Ventricular myocyte	Regular ventricular cardiac myocyte	NULL	NULL
CHEMBL3638134	Cardiac Muscle Cell	Cardiac Muscle Cell	NULL	Cardiac Muscle
CHEMBL3638135	NULL	NULL	NULL	NULL
CHEMBL3638136	H9c2	H9c2 (Cardiomyoblast cells)	Rattus norvegicus	Cardiomyoblast cells
CHEMBL3638137	Cardiac Muscle Cell	Cardiac Muscle Cell	NULL	Cardiac Muscle
CHEMBL3638138	Ventricular myocyte	Regular ventricular cardiac myocyte	NULL	NULL
CHEMBL3638139	Cardiac Muscle Cell	Cardiac Muscle Cell	NULL	Cardiac Muscle
CHEMBL3638140	Cardiac Muscle Cell	Cardiac Muscle Cell	NULL	Cardiac Muscle
CHEMBL3638141	Cardiac Muscle Cell	Cardiac Muscle Cell	NULL	Cardiac Muscle
CHEMBL3638142	Cardiac Muscle Cell	Cardiac Muscle Cell	NULL	Cardiac Muscle
CHEMBL3638143	Cardiac Muscle Cell	Cardiac Muscle Cell	NULL	Cardiac Muscle
CHEMBL3638144	Ventricular myocyte	Regular ventricular cardiac myocyte	NULL	NULL
CHEMBL3638146	Cardiac Muscle Cell	Cardiac Muscle Cell	NULL	Cardiac Muscle
CHEMBL3638147	Cardiac Muscle Cell	Cardiac Muscle Cell	NULL	Cardiac Muscle
CHEMBL3638148	NULL	NULL	NULL	NULL
CHEMBL3638149	Ventricular myocyte	Regular ventricular cardiac myocyte	NULL	NULL
CHEMBL3638150	Ventricular myocyte	Regular ventricular cardiac myocyte	NULL	NULL
CHEMBL3638151	Ventricular myocyte	Regular ventricular cardiac myocyte	NULL	NULL
CHEMBL3638152	Ventricular myocyte	Regular ventricular cardiac myocyte	NULL	NULL
CHEMBL3638153	Cardiac Muscle Cell	Cardiac Muscle Cell	NULL	Cardiac Muscle
CHEMBL3638154	Cardiac Muscle Cell	Cardiac Muscle Cell	NULL	Cardiac Muscle
CHEMBL3638155	Cardiac Muscle Cell	Cardiac Muscle Cell	NULL	Cardiac Muscle
CHEMBL3638156	Ventricular myocyte	Regular ventricular cardiac myocyte	NULL	NULL
CHEMBL3638157	Ventricular myocyte	Regular ventricular cardiac myocyte	NULL	NULL
CHEMBL3638158	Ventricular myocyte	Regular ventricular cardiac myocyte	NULL	NULL
CHEMBL3638159	Ventricular myocyte	Regular ventricular cardiac myocyte	NULL	NULL
CHEMBL3638160	Ventricular myocyte	Regular ventricular cardiac myocyte	NULL	NULL
CHEMBL3638161	Ventricular myocyte	Regular ventricular cardiac myocyte	NULL	NULL
CHEMBL3638162	Ventricular myocyte	Regular ventricular cardiac myocyte	NULL	NULL
CHEMBL3638163	Ventricular myocyte	Regular ventricular cardiac myocyte	NULL	NULL
CHEMBL3638164	Ventricular myocyte	Regular ventricular cardiac myocyte	NULL	NULL
CHEMBL3638165	Ventricular myocyte	Regular ventricular cardiac myocyte	NULL	NULL
CHEMBL3638166	Ventricular myocyte	Regular ventricular cardiac myocyte	NULL	NULL
CHEMBL3638167	Ventricular myocyte	Regular ventricular cardiac myocyte	NULL	NULL
CHEMBL3638168	Ventricular myocyte	Regular ventricular cardiac myocyte	NULL	NULL
CHEMBL3638169	Ventricular myocyte	Regular ventricular cardiac myocyte	NULL	NULL
CHEMBL3638170	NULL	NULL	NULL	NULL
CHEMBL3706049	CHO	CHO (Ovarian cells)	Cricetulus griseus	Ovarian cells
CHEMBL3705667	NULL	NULL	NULL	NULL
CHEMBL3706371	HEK293	HEK293 (Embryonic kidney fibroblasts)	Homo sapiens	Embryonic kidney fibroblasts
CHEMBL3705543	HEK293	HEK293 (Embryonic kidney fibroblasts)	Homo sapiens	Embryonic kidney fibroblasts
CHEMBL3705623	NULL	NULL	NULL	NULL
CHEMBL3707668	NULL	NULL	NULL	NULL
CHEMBL3707744	NULL	NULL	NULL	NULL
CHEMBL3707612	NULL	NULL	NULL	NULL
CHEMBL3738362	NULL	NULL	NULL	NULL
CHEMBL3738365	NULL	NULL	NULL	NULL
CHEMBL3738384	NULL	NULL	NULL	NULL
CHEMBL3737860	NULL	NULL	NULL	NULL
CHEMBL3738912	NULL	NULL	NULL	NULL
CHEMBL3736641	NULL	NULL	NULL	NULL
CHEMBL3736648	NULL	NULL	NULL	NULL
CHEMBL3736649	NULL	NULL	NULL	NULL
CHEMBL3742790	HEK293	HEK293 (Embryonic kidney fibroblasts)	Homo sapiens	Embryonic kidney fibroblasts
CHEMBL3742791	HEK293	HEK293 (Embryonic kidney fibroblasts)	Homo sapiens	Embryonic kidney fibroblasts
CHEMBL3742792	HEK293	HEK293 (Embryonic kidney fibroblasts)	Homo sapiens	Embryonic kidney fibroblasts
CHEMBL3744480	NULL	NULL	NULL	NULL
CHEMBL3744481	NULL	NULL	NULL	NULL
CHEMBL3744482	NULL	NULL	NULL	NULL
CHEMBL3744957	HEK293	HEK293 (Embryonic kidney fibroblasts)	Homo sapiens	Embryonic kidney fibroblasts
CHEMBL3743573	HEK293	HEK293 (Embryonic kidney fibroblasts)	Homo sapiens	Embryonic kidney fibroblasts
CHEMBL3744556	NULL	NULL	NULL	NULL
CHEMBL3745212	HEK293	HEK293 (Embryonic kidney fibroblasts)	Homo sapiens	Embryonic kidney fibroblasts
CHEMBL3742910	NULL	NULL	NULL	NULL
CHEMBL3744110	NULL	NULL	NULL	NULL
CHEMBL3744161	NULL	NULL	NULL	NULL
CHEMBL3744162	NULL	NULL	NULL	NULL
CHEMBL3744630	NULL	NULL	NULL	NULL
CHEMBL3743003	HEK293	HEK293 (Embryonic kidney fibroblasts)	Homo sapiens	Embryonic kidney fibroblasts
CHEMBL3743004	NULL	NULL	NULL	NULL
CHEMBL3743005	HEK293	HEK293 (Embryonic kidney fibroblasts)	Homo sapiens	Embryonic kidney fibroblasts
CHEMBL3750698	NULL	NULL	NULL	NULL
CHEMBL3749896	NULL	NULL	NULL	NULL
CHEMBL3750583	NULL	NULL	NULL	NULL
CHEMBL3749925	NULL	NULL	NULL	NULL
CHEMBL3750482	NULL	NULL	NULL	NULL
CHEMBL3749967	NULL	NULL	NULL	NULL
CHEMBL3749265	NULL	NULL	NULL	NULL
CHEMBL3756071	NULL	NULL	NULL	NULL
CHEMBL3754945	NULL	NULL	NULL	NULL
CHEMBL3757420	NULL	NULL	NULL	NULL
CHEMBL3757655	NULL	NULL	NULL	NULL
CHEMBL3755587	HEK293	HEK293 (Embryonic kidney fibroblasts)	Homo sapiens	Embryonic kidney fibroblasts
CHEMBL3758047	NULL	NULL	NULL	NULL
CHEMBL3755245	NULL	NULL	NULL	NULL
CHEMBL3755246	NULL	NULL	NULL	NULL
CHEMBL3755636	CHO	CHO (Ovarian cells)	Cricetulus griseus	Ovarian cells
CHEMBL3755637	NULL	NULL	NULL	NULL
CHEMBL3761658	CHO	CHO (Ovarian cells)	Cricetulus griseus	Ovarian cells
CHEMBL3761659	CHO	CHO (Ovarian cells)	Cricetulus griseus	Ovarian cells
CHEMBL3761681	NULL	NULL	NULL	NULL
CHEMBL3761687	NULL	NULL	NULL	NULL
CHEMBL3761688	NULL	NULL	NULL	NULL
CHEMBL3762406	NULL	NULL	NULL	NULL
CHEMBL3762781	NULL	NULL	NULL	NULL
CHEMBL3762972	NULL	NULL	NULL	NULL
CHEMBL3767914	NULL	NULL	NULL	NULL
CHEMBL3768879	HEK293	HEK293 (Embryonic kidney fibroblasts)	Homo sapiens	Embryonic kidney fibroblasts
CHEMBL3766024	NULL	NULL	NULL	NULL
CHEMBL3768210	NULL	NULL	NULL	NULL
CHEMBL3767767	NULL	NULL	NULL	NULL
CHEMBL3767768	NULL	NULL	NULL	NULL
CHEMBL3767769	NULL	NULL	NULL	NULL
CHEMBL3767784	NULL	NULL	NULL	NULL
CHEMBL3767785	NULL	NULL	NULL	NULL
CHEMBL3768467	CHO-K1	CHO-K1 (Ovarian cells)	Cricetulus griseus	Ovarian cells
CHEMBL3768468	CHO-K1	CHO-K1 (Ovarian cells)	Cricetulus griseus	Ovarian cells
CHEMBL3766108	HEK293	HEK293 (Embryonic kidney fibroblasts)	Homo sapiens	Embryonic kidney fibroblasts
CHEMBL3773618	NULL	NULL	NULL	NULL
CHEMBL3774209	NULL	NULL	NULL	NULL
CHEMBL3772524	NULL	NULL	NULL	NULL
CHEMBL3772918	NULL	NULL	NULL	NULL
CHEMBL3773485	NULL	NULL	NULL	NULL
CHEMBL3773492	NULL	NULL	NULL	NULL
CHEMBL3773665	NULL	NULL	NULL	NULL
CHEMBL3773667	NULL	NULL	NULL	NULL
CHEMBL3773669	NULL	NULL	NULL	NULL
CHEMBL3773670	NULL	NULL	NULL	NULL
CHEMBL3774049	NULL	NULL	NULL	NULL
CHEMBL3772384	NULL	NULL	NULL	NULL
CHEMBL3773319	NULL	NULL	NULL	NULL
CHEMBL3774086	NULL	NULL	NULL	NULL
CHEMBL3779069	NULL	NULL	NULL	NULL
CHEMBL3779522	HEK293	HEK293 (Embryonic kidney fibroblasts)	Homo sapiens	Embryonic kidney fibroblasts
CHEMBL3776784	NULL	NULL	NULL	NULL
CHEMBL3779605	NULL	NULL	NULL	NULL
CHEMBL3776122	NULL	NULL	NULL	NULL
CHEMBL3776165	NULL	NULL	NULL	NULL
CHEMBL3776609	HEK293	HEK293 (Embryonic kidney fibroblasts)	Homo sapiens	Embryonic kidney fibroblasts
CHEMBL3783629	NULL	NULL	NULL	NULL
CHEMBL3783770	NULL	NULL	NULL	NULL
CHEMBL3790041	NULL	NULL	NULL	NULL
CHEMBL3791472	NULL	NULL	NULL	NULL
CHEMBL3790710	NULL	NULL	NULL	NULL
CHEMBL3789775	HEK293	HEK293 (Embryonic kidney fibroblasts)	Homo sapiens	Embryonic kidney fibroblasts
CHEMBL3789776	HEK293	HEK293 (Embryonic kidney fibroblasts)	Homo sapiens	Embryonic kidney fibroblasts
CHEMBL3790417	NULL	NULL	NULL	NULL
CHEMBL3789028	NULL	NULL	NULL	NULL
CHEMBL3789145	NULL	NULL	NULL	NULL
CHEMBL3789410	NULL	NULL	NULL	NULL
CHEMBL3789676	HEK293	HEK293 (Embryonic kidney fibroblasts)	Homo sapiens	Embryonic kidney fibroblasts
CHEMBL3794985	NULL	NULL	NULL	NULL
CHEMBL3795099	NULL	NULL	NULL	NULL
CHEMBL3795100	NULL	NULL	NULL	NULL
CHEMBL3797007	NULL	NULL	NULL	NULL
CHEMBL3797009	HEK293	HEK293 (Embryonic kidney fibroblasts)	Homo sapiens	Embryonic kidney fibroblasts
CHEMBL3795947	NULL	NULL	NULL	NULL
CHEMBL3795743	NULL	NULL	NULL	NULL
CHEMBL3795773	NULL	NULL	NULL	NULL
CHEMBL3796230	NULL	NULL	NULL	NULL
CHEMBL3800751	CHO	CHO (Ovarian cells)	Cricetulus griseus	Ovarian cells
CHEMBL3802897	NULL	NULL	NULL	NULL
CHEMBL3804567	HEK293	HEK293 (Embryonic kidney fibroblasts)	Homo sapiens	Embryonic kidney fibroblasts
CHEMBL3803507	HEK293	HEK293 (Embryonic kidney fibroblasts)	Homo sapiens	Embryonic kidney fibroblasts
CHEMBL3803510	HEK293	HEK293 (Embryonic kidney fibroblasts)	Homo sapiens	Embryonic kidney fibroblasts
CHEMBL3803791	NULL	NULL	NULL	NULL
CHEMBL3803792	NULL	NULL	NULL	NULL
CHEMBL3801061	NULL	NULL	NULL	NULL
CHEMBL3801062	NULL	NULL	NULL	NULL
CHEMBL3801063	NULL	NULL	NULL	NULL
CHEMBL3801064	NULL	NULL	NULL	NULL
CHEMBL3801065	NULL	NULL	NULL	NULL
CHEMBL3801066	NULL	NULL	NULL	NULL
CHEMBL3801067	NULL	NULL	NULL	NULL
CHEMBL3801068	NULL	NULL	NULL	NULL
CHEMBL3803537	NULL	NULL	NULL	NULL
CHEMBL3801565	NULL	NULL	NULL	NULL
CHEMBL3801624	CHO	CHO (Ovarian cells)	Cricetulus griseus	Ovarian cells
CHEMBL3808010	NULL	NULL	NULL	NULL
CHEMBL3806618	HEK293	HEK293 (Embryonic kidney fibroblasts)	Homo sapiens	Embryonic kidney fibroblasts
CHEMBL3806884	NULL	NULL	NULL	NULL
CHEMBL3807113	NULL	NULL	NULL	NULL
CHEMBL3807114	NULL	NULL	NULL	NULL
CHEMBL3807115	NULL	NULL	NULL	NULL
CHEMBL3807184	NULL	NULL	NULL	NULL
CHEMBL3807756	HEK293	HEK293 (Embryonic kidney fibroblasts)	Homo sapiens	Embryonic kidney fibroblasts
CHEMBL3807759	HEK293	HEK293 (Embryonic kidney fibroblasts)	Homo sapiens	Embryonic kidney fibroblasts
CHEMBL3807760	HEK293	HEK293 (Embryonic kidney fibroblasts)	Homo sapiens	Embryonic kidney fibroblasts
CHEMBL3807761	HEK293	HEK293 (Embryonic kidney fibroblasts)	Homo sapiens	Embryonic kidney fibroblasts
CHEMBL3807885	HEK293	HEK293 (Embryonic kidney fibroblasts)	Homo sapiens	Embryonic kidney fibroblasts
CHEMBL3807886	HT-29	HT-29 (Colon adenocarcinoma cells)	Homo sapiens	Colon adenocarcinoma cells
CHEMBL3807887	HT-29	HT-29 (Colon adenocarcinoma cells)	Homo sapiens	Colon adenocarcinoma cells
CHEMBL3807888	HT-29	HT-29 (Colon adenocarcinoma cells)	Homo sapiens	Colon adenocarcinoma cells
CHEMBL3807889	HT-29	HT-29 (Colon adenocarcinoma cells)	Homo sapiens	Colon adenocarcinoma cells
CHEMBL3806671	NULL	NULL	NULL	NULL
CHEMBL3806692	HEK293	HEK293 (Embryonic kidney fibroblasts)	Homo sapiens	Embryonic kidney fibroblasts
CHEMBL3806757	NULL	NULL	NULL	NULL
CHEMBL3807652	CHO-K1	CHO-K1 (Ovarian cells)	Cricetulus griseus	Ovarian cells
CHEMBL3807653	CHO-K1	CHO-K1 (Ovarian cells)	Cricetulus griseus	Ovarian cells
CHEMBL3807654	CHO-K1	CHO-K1 (Ovarian cells)	Cricetulus griseus	Ovarian cells
CHEMBL3807655	CHO-K1	CHO-K1 (Ovarian cells)	Cricetulus griseus	Ovarian cells
CHEMBL3807664	NULL	NULL	NULL	NULL
CHEMBL3808109	NULL	NULL	NULL	NULL
CHEMBL3811855	NULL	NULL	NULL	NULL
CHEMBL3810690	CHO	CHO (Ovarian cells)	Cricetulus griseus	Ovarian cells
CHEMBL3811489	NULL	NULL	NULL	NULL
CHEMBL3811490	NULL	NULL	NULL	NULL
CHEMBL3811491	NULL	NULL	NULL	NULL
CHEMBL3811492	NULL	NULL	NULL	NULL
CHEMBL3811493	NULL	NULL	NULL	NULL
CHEMBL3813326	HEK293	HEK293 (Embryonic kidney fibroblasts)	Homo sapiens	Embryonic kidney fibroblasts
CHEMBL3813327	HEK293	HEK293 (Embryonic kidney fibroblasts)	Homo sapiens	Embryonic kidney fibroblasts
CHEMBL3813328	HEK293	HEK293 (Embryonic kidney fibroblasts)	Homo sapiens	Embryonic kidney fibroblasts
CHEMBL3813329	HEK293	HEK293 (Embryonic kidney fibroblasts)	Homo sapiens	Embryonic kidney fibroblasts
CHEMBL3813330	HEK293	HEK293 (Embryonic kidney fibroblasts)	Homo sapiens	Embryonic kidney fibroblasts
CHEMBL3813331	HEK293	HEK293 (Embryonic kidney fibroblasts)	Homo sapiens	Embryonic kidney fibroblasts
CHEMBL3813467	HEK293	HEK293 (Embryonic kidney fibroblasts)	Homo sapiens	Embryonic kidney fibroblasts
CHEMBL3813468	HEK293	HEK293 (Embryonic kidney fibroblasts)	Homo sapiens	Embryonic kidney fibroblasts
CHEMBL3813472	NULL	NULL	NULL	NULL
CHEMBL3813473	NULL	NULL	NULL	NULL
CHEMBL3813474	NULL	NULL	NULL	NULL
CHEMBL3813477	NULL	NULL	NULL	NULL
CHEMBL3813500	NULL	NULL	NULL	NULL
CHEMBL3813501	NULL	NULL	NULL	NULL
CHEMBL3813502	NULL	NULL	NULL	NULL
CHEMBL3810561	NULL	NULL	NULL	NULL
CHEMBL3810566	NULL	NULL	NULL	NULL
CHEMBL3810574	NULL	NULL	NULL	NULL
CHEMBL3810582	NULL	NULL	NULL	NULL
CHEMBL3810590	NULL	NULL	NULL	NULL
CHEMBL3810731	Ventricular myocyte	Regular ventricular cardiac myocyte	NULL	NULL
CHEMBL3810732	HEK293	HEK293 (Embryonic kidney fibroblasts)	Homo sapiens	Embryonic kidney fibroblasts
CHEMBL3811952	NULL	NULL	NULL	NULL
CHEMBL3812772	NULL	NULL	NULL	NULL
CHEMBL3812630	NULL	NULL	NULL	NULL
CHEMBL3811000	HEK293	HEK293 (Embryonic kidney fibroblasts)	Homo sapiens	Embryonic kidney fibroblasts
CHEMBL3816322	NULL	NULL	NULL	NULL
CHEMBL3816785	CHO	CHO (Ovarian cells)	Cricetulus griseus	Ovarian cells
CHEMBL3815825	HEK293	HEK293 (Embryonic kidney fibroblasts)	Homo sapiens	Embryonic kidney fibroblasts
CHEMBL3815826	HEK293	HEK293 (Embryonic kidney fibroblasts)	Homo sapiens	Embryonic kidney fibroblasts
CHEMBL3815833	HEK293	HEK293 (Embryonic kidney fibroblasts)	Homo sapiens	Embryonic kidney fibroblasts
CHEMBL3815836	HEK293	HEK293 (Embryonic kidney fibroblasts)	Homo sapiens	Embryonic kidney fibroblasts
CHEMBL3822294	NULL	NULL	NULL	NULL
CHEMBL3822297	CHO	CHO (Ovarian cells)	Cricetulus griseus	Ovarian cells
CHEMBL3822298	CHO	CHO (Ovarian cells)	Cricetulus griseus	Ovarian cells
CHEMBL3819854	NULL	NULL	NULL	NULL
CHEMBL3819856	NULL	NULL	NULL	NULL
CHEMBL3819857	NULL	NULL	NULL	NULL
CHEMBL3819862	NULL	NULL	NULL	NULL
CHEMBL3821620	NULL	NULL	NULL	NULL
CHEMBL3824876	NULL	NULL	NULL	NULL
CHEMBL3825087	CHO-K1	CHO-K1 (Ovarian cells)	Cricetulus griseus	Ovarian cells
CHEMBL3824552	NULL	NULL	NULL	NULL
CHEMBL3829469	NULL	NULL	NULL	NULL
CHEMBL3829472	NULL	NULL	NULL	NULL
CHEMBL3829475	NULL	NULL	NULL	NULL
CHEMBL3831061	NULL	NULL	NULL	NULL
CHEMBL3831062	NULL	NULL	NULL	NULL
CHEMBL3829953	CHO	CHO (Ovarian cells)	Cricetulus griseus	Ovarian cells
CHEMBL3853465	NULL	NULL	NULL	NULL
CHEMBL3853466	HEK293	HEK293 (Embryonic kidney fibroblasts)	Homo sapiens	Embryonic kidney fibroblasts
CHEMBL3853583	NULL	NULL	NULL	NULL
CHEMBL3853584	HEK293	HEK293 (Embryonic kidney fibroblasts)	Homo sapiens	Embryonic kidney fibroblasts
CHEMBL3854694	NULL	NULL	NULL	NULL
CHEMBL3854736	NULL	NULL	NULL	NULL
CHEMBL3854831	NULL	NULL	NULL	NULL
CHEMBL3855039	NULL	NULL	NULL	NULL
CHEMBL3855279	HEK293	HEK293 (Embryonic kidney fibroblasts)	Homo sapiens	Embryonic kidney fibroblasts
CHEMBL3855325	HEK293	HEK293 (Embryonic kidney fibroblasts)	Homo sapiens	Embryonic kidney fibroblasts
CHEMBL3855376	CHO	CHO (Ovarian cells)	Cricetulus griseus	Ovarian cells
CHEMBL3855680	NULL	NULL	NULL	NULL
CHEMBL3855749	NULL	NULL	NULL	NULL
CHEMBL3855824	NULL	NULL	NULL	NULL
CHEMBL3858245	NULL	NULL	NULL	NULL
CHEMBL3858444	HEK293	HEK293 (Embryonic kidney fibroblasts)	Homo sapiens	Embryonic kidney fibroblasts
CHEMBL3858640	NULL	NULL	NULL	NULL
CHEMBL3858672	NULL	NULL	NULL	NULL
CHEMBL3858850	HEK293	HEK293 (Embryonic kidney fibroblasts)	Homo sapiens	Embryonic kidney fibroblasts
CHEMBL3858908	NULL	NULL	NULL	NULL
CHEMBL3859473	NULL	NULL	NULL	NULL
CHEMBL3859635	NULL	NULL	NULL	NULL
CHEMBL3859699	NULL	NULL	NULL	NULL
CHEMBL3859779	CHO	CHO (Ovarian cells)	Cricetulus griseus	Ovarian cells
CHEMBL3861119	NULL	NULL	NULL	NULL
CHEMBL3861366	NULL	NULL	NULL	NULL
CHEMBL3861688	CHO	CHO (Ovarian cells)	Cricetulus griseus	Ovarian cells
CHEMBL3861882	CHO	CHO (Ovarian cells)	Cricetulus griseus	Ovarian cells
CHEMBL3861883	CHO	CHO (Ovarian cells)	Cricetulus griseus	Ovarian cells
CHEMBL3862828	NULL	NULL	NULL	NULL
CHEMBL3864496	NULL	NULL	NULL	NULL
CHEMBL3864816	HEK293	HEK293 (Embryonic kidney fibroblasts)	Homo sapiens	Embryonic kidney fibroblasts
CHEMBL3864901	NULL	NULL	NULL	NULL
CHEMBL3865060	NULL	NULL	NULL	NULL
CHEMBL3865122	NULL	NULL	NULL	NULL
CHEMBL3865242	HEK293	HEK293 (Embryonic kidney fibroblasts)	Homo sapiens	Embryonic kidney fibroblasts
CHEMBL3865333	HEK293	HEK293 (Embryonic kidney fibroblasts)	Homo sapiens	Embryonic kidney fibroblasts
CHEMBL3865355	HEK293	HEK293 (Embryonic kidney fibroblasts)	Homo sapiens	Embryonic kidney fibroblasts
CHEMBL3865359	HEK293	HEK293 (Embryonic kidney fibroblasts)	Homo sapiens	Embryonic kidney fibroblasts
CHEMBL3865492	NULL	NULL	NULL	NULL
CHEMBL3865493	NULL	NULL	NULL	NULL
CHEMBL3865494	NULL	NULL	NULL	NULL
CHEMBL3865682	NULL	NULL	NULL	NULL
CHEMBL3866778	HEK293	HEK293 (Embryonic kidney fibroblasts)	Homo sapiens	Embryonic kidney fibroblasts
CHEMBL3866779	HEK293	HEK293 (Embryonic kidney fibroblasts)	Homo sapiens	Embryonic kidney fibroblasts
CHEMBL3866780	HEK293	HEK293 (Embryonic kidney fibroblasts)	Homo sapiens	Embryonic kidney fibroblasts
CHEMBL3868264	NULL	NULL	NULL	NULL
CHEMBL3868265	NULL	NULL	NULL	NULL
CHEMBL3868266	NULL	NULL	NULL	NULL
CHEMBL3868328	NULL	NULL	NULL	NULL
CHEMBL3868329	NULL	NULL	NULL	NULL
CHEMBL3868466	NULL	NULL	NULL	NULL
CHEMBL3868467	NULL	NULL	NULL	NULL
CHEMBL3868705	NULL	NULL	NULL	NULL
CHEMBL3869360	NULL	NULL	NULL	NULL
CHEMBL3869577	NULL	NULL	NULL	NULL
CHEMBL3869588	NULL	NULL	NULL	NULL
CHEMBL3869648	HEK293	HEK293 (Embryonic kidney fibroblasts)	Homo sapiens	Embryonic kidney fibroblasts
CHEMBL3869650	NULL	NULL	NULL	NULL
CHEMBL3869653	NULL	NULL	NULL	NULL
CHEMBL3869655	NULL	NULL	NULL	NULL
CHEMBL3869656	NULL	NULL	NULL	NULL
CHEMBL3869719	NULL	NULL	NULL	NULL
CHEMBL3870967	CHO-K1	CHO-K1 (Ovarian cells)	Cricetulus griseus	Ovarian cells
CHEMBL3871238	NULL	NULL	NULL	NULL
CHEMBL3871239	NULL	NULL	NULL	NULL
CHEMBL3871742	HEK293	HEK293 (Embryonic kidney fibroblasts)	Homo sapiens	Embryonic kidney fibroblasts
CHEMBL3872165	NULL	NULL	NULL	NULL
CHEMBL3872166	NULL	NULL	NULL	NULL
CHEMBL3872763	CHO-K1	CHO-K1 (Ovarian cells)	Cricetulus griseus	Ovarian cells
CHEMBL3872986	CHO-K1	CHO-K1 (Ovarian cells)	Cricetulus griseus	Ovarian cells
CHEMBL3873571	HEK293	HEK293 (Embryonic kidney fibroblasts)	Homo sapiens	Embryonic kidney fibroblasts
CHEMBL3873572	HEK293	HEK293 (Embryonic kidney fibroblasts)	Homo sapiens	Embryonic kidney fibroblasts
CHEMBL3873911	HEK293	HEK293 (Embryonic kidney fibroblasts)	Homo sapiens	Embryonic kidney fibroblasts
CHEMBL3874723	NULL	NULL	NULL	NULL
CHEMBL3874986	NULL	NULL	NULL	NULL
CHEMBL3874987	HEK293	HEK293 (Embryonic kidney fibroblasts)	Homo sapiens	Embryonic kidney fibroblasts
CHEMBL3874988	NULL	NULL	NULL	NULL
CHEMBL3875086	NULL	NULL	NULL	NULL
CHEMBL3876586	NULL	NULL	NULL	NULL
CHEMBL3878769	CHO-K1	CHO-K1 (Ovarian cells)	Cricetulus griseus	Ovarian cells
CHEMBL3878944	NULL	NULL	NULL	NULL
CHEMBL3879968	NULL	NULL	NULL	NULL
CHEMBL3879989	HEK293	HEK293 (Embryonic kidney fibroblasts)	Homo sapiens	Embryonic kidney fibroblasts
CHEMBL3879991	HEK293	HEK293 (Embryonic kidney fibroblasts)	Homo sapiens	Embryonic kidney fibroblasts
CHEMBL3880176	NULL	NULL	NULL	NULL
CHEMBL3880242	NULL	NULL	NULL	NULL
CHEMBL3880243	NULL	NULL	NULL	NULL
CHEMBL3880252	NULL	NULL	NULL	NULL
CHEMBL3880254	NULL	NULL	NULL	NULL
CHEMBL3880255	NULL	NULL	NULL	NULL
CHEMBL3880256	NULL	NULL	NULL	NULL
CHEMBL3880257	NULL	NULL	NULL	NULL
CHEMBL3880258	NULL	NULL	NULL	NULL
CHEMBL3880275	HEK293	HEK293 (Embryonic kidney fibroblasts)	Homo sapiens	Embryonic kidney fibroblasts
CHEMBL3880276	HEK293	HEK293 (Embryonic kidney fibroblasts)	Homo sapiens	Embryonic kidney fibroblasts
CHEMBL3880277	HEK293	HEK293 (Embryonic kidney fibroblasts)	Homo sapiens	Embryonic kidney fibroblasts
CHEMBL3880278	HEK293	HEK293 (Embryonic kidney fibroblasts)	Homo sapiens	Embryonic kidney fibroblasts
CHEMBL3880279	HEK293	HEK293 (Embryonic kidney fibroblasts)	Homo sapiens	Embryonic kidney fibroblasts
CHEMBL3880280	HEK293	HEK293 (Embryonic kidney fibroblasts)	Homo sapiens	Embryonic kidney fibroblasts
CHEMBL3880281	HEK293	HEK293 (Embryonic kidney fibroblasts)	Homo sapiens	Embryonic kidney fibroblasts
CHEMBL3880649	HEK293	HEK293 (Embryonic kidney fibroblasts)	Homo sapiens	Embryonic kidney fibroblasts
CHEMBL3880650	HEK293	HEK293 (Embryonic kidney fibroblasts)	Homo sapiens	Embryonic kidney fibroblasts
CHEMBL3880651	HEK293	HEK293 (Embryonic kidney fibroblasts)	Homo sapiens	Embryonic kidney fibroblasts
CHEMBL3880652	HEK293	HEK293 (Embryonic kidney fibroblasts)	Homo sapiens	Embryonic kidney fibroblasts
CHEMBL3880653	HEK293	HEK293 (Embryonic kidney fibroblasts)	Homo sapiens	Embryonic kidney fibroblasts
CHEMBL3880654	HEK293	HEK293 (Embryonic kidney fibroblasts)	Homo sapiens	Embryonic kidney fibroblasts
CHEMBL3880655	HEK293	HEK293 (Embryonic kidney fibroblasts)	Homo sapiens	Embryonic kidney fibroblasts
CHEMBL3880658	HEK293	HEK293 (Embryonic kidney fibroblasts)	Homo sapiens	Embryonic kidney fibroblasts
CHEMBL3880757	HEK293	HEK293 (Embryonic kidney fibroblasts)	Homo sapiens	Embryonic kidney fibroblasts
CHEMBL3880847	CHO	CHO (Ovarian cells)	Cricetulus griseus	Ovarian cells
CHEMBL3883125	HEK293	HEK293 (Embryonic kidney fibroblasts)	Homo sapiens	Embryonic kidney fibroblasts
CHEMBL3883126	HEK293	HEK293 (Embryonic kidney fibroblasts)	Homo sapiens	Embryonic kidney fibroblasts
CHEMBL3883127	HEK293	HEK293 (Embryonic kidney fibroblasts)	Homo sapiens	Embryonic kidney fibroblasts
CHEMBL3883128	CHO	CHO (Ovarian cells)	Cricetulus griseus	Ovarian cells
CHEMBL3883129	HEK293	HEK293 (Embryonic kidney fibroblasts)	Homo sapiens	Embryonic kidney fibroblasts
CHEMBL3883130	HEK293	HEK293 (Embryonic kidney fibroblasts)	Homo sapiens	Embryonic kidney fibroblasts
CHEMBL3883131	CHO	CHO (Ovarian cells)	Cricetulus griseus	Ovarian cells
CHEMBL3883132	HEK293	HEK293 (Embryonic kidney fibroblasts)	Homo sapiens	Embryonic kidney fibroblasts
CHEMBL3883134	CHO	CHO (Ovarian cells)	Cricetulus griseus	Ovarian cells
CHEMBL3883135	CHO	CHO (Ovarian cells)	Cricetulus griseus	Ovarian cells
CHEMBL3883136	CHO	CHO (Ovarian cells)	Cricetulus griseus	Ovarian cells
CHEMBL3883137	CHO	CHO (Ovarian cells)	Cricetulus griseus	Ovarian cells
CHEMBL3887158	Sf9	Sf9 cells	Spodoptera frugiperda	Ovarian
CHEMBL3887159	NULL	NULL	NULL	NULL
CHEMBL3887163	CHO	CHO (Ovarian cells)	Cricetulus griseus	Ovarian cells
CHEMBL3887508	NULL	NULL	NULL	NULL
CHEMBL3887897	NULL	NULL	NULL	NULL
CHEMBL3888195	NULL	NULL	NULL	NULL
CHEMBL3888300	NULL	NULL	NULL	NULL
CHEMBL3888490	Sf9	Sf9 cells	Spodoptera frugiperda	Ovarian
CHEMBL3888739	NULL	NULL	NULL	NULL
CHEMBL3888917	NULL	NULL	NULL	NULL
CHEMBL3888930	Sf9	Sf9 cells	Spodoptera frugiperda	Ovarian
CHEMBL3889058	NULL	NULL	NULL	NULL
CHEMBL3889096	CHO	CHO (Ovarian cells)	Cricetulus griseus	Ovarian cells
CHEMBL3889165	NULL	NULL	NULL	NULL
CHEMBL3889176	NULL	NULL	NULL	NULL
CHEMBL3889183	Sf9	Sf9 cells	Spodoptera frugiperda	Ovarian
CHEMBL3992697	HEK293	HEK293 (Embryonic kidney fibroblasts)	Homo sapiens	Embryonic kidney fibroblasts
CHEMBL3992698	HEK293	HEK293 (Embryonic kidney fibroblasts)	Homo sapiens	Embryonic kidney fibroblasts
CHEMBL3992708	HEK293	HEK293 (Embryonic kidney fibroblasts)	Homo sapiens	Embryonic kidney fibroblasts
CHEMBL3992711	NULL	NULL	NULL	NULL
CHEMBL3992713	NULL	NULL	NULL	NULL
CHEMBL3993158	NULL	NULL	NULL	NULL
CHEMBL3993788	HEK293	HEK293 (Embryonic kidney fibroblasts)	Homo sapiens	Embryonic kidney fibroblasts
CHEMBL3994269	NULL	NULL	NULL	NULL
CHEMBL3994405	NULL	NULL	NULL	NULL
CHEMBL3994406	NULL	NULL	NULL	NULL
CHEMBL3996856	NULL	NULL	NULL	NULL
CHEMBL3997194	NULL	NULL	NULL	NULL
CHEMBL3997250	NULL	NULL	NULL	NULL
CHEMBL3997333	NULL	NULL	NULL	NULL
CHEMBL3997335	NULL	NULL	NULL	NULL
CHEMBL3997635	NULL	NULL	NULL	NULL
CHEMBL3997715	NULL	NULL	NULL	NULL
CHEMBL3997716	NULL	NULL	NULL	NULL
CHEMBL3997717	NULL	NULL	NULL	NULL
CHEMBL3997734	NULL	NULL	NULL	NULL
CHEMBL3997735	NULL	NULL	NULL	NULL
CHEMBL3998583	NULL	NULL	NULL	NULL
CHEMBL3998584	NULL	NULL	NULL	NULL
CHEMBL3999268	HEK293	HEK293 (Embryonic kidney fibroblasts)	Homo sapiens	Embryonic kidney fibroblasts
CHEMBL3999551	NULL	NULL	NULL	NULL
CHEMBL3999755	NULL	NULL	NULL	NULL
CHEMBL3999906	NULL	NULL	NULL	NULL
CHEMBL3999907	NULL	NULL	NULL	NULL
CHEMBL3999908	NULL	NULL	NULL	NULL
CHEMBL3999979	NULL	NULL	NULL	NULL
CHEMBL4000046	NULL	NULL	NULL	NULL
CHEMBL4001612	NULL	NULL	NULL	NULL
CHEMBL4001912	NULL	NULL	NULL	NULL
CHEMBL4002421	NULL	NULL	NULL	NULL
CHEMBL4003495	NULL	NULL	NULL	NULL
CHEMBL4003651	NULL	NULL	NULL	NULL
CHEMBL4003818	NULL	NULL	NULL	NULL
CHEMBL4003819	NULL	NULL	NULL	NULL
CHEMBL4003820	NULL	NULL	NULL	NULL
CHEMBL4004026	NULL	NULL	NULL	NULL
CHEMBL4004027	NULL	NULL	NULL	NULL
CHEMBL4004312	HEK293	HEK293 (Embryonic kidney fibroblasts)	Homo sapiens	Embryonic kidney fibroblasts
CHEMBL4004321	NULL	NULL	NULL	NULL
CHEMBL4004501	HEK293	HEK293 (Embryonic kidney fibroblasts)	Homo sapiens	Embryonic kidney fibroblasts
CHEMBL4004502	HEK293	HEK293 (Embryonic kidney fibroblasts)	Homo sapiens	Embryonic kidney fibroblasts
CHEMBL4004503	HEK293	HEK293 (Embryonic kidney fibroblasts)	Homo sapiens	Embryonic kidney fibroblasts
CHEMBL4004504	NULL	NULL	NULL	NULL
CHEMBL4004505	HEK293	HEK293 (Embryonic kidney fibroblasts)	Homo sapiens	Embryonic kidney fibroblasts
CHEMBL4004506	NULL	NULL	NULL	NULL
CHEMBL4004507	NULL	NULL	NULL	NULL
CHEMBL4004722	NULL	NULL	NULL	NULL
CHEMBL4004728	NULL	NULL	NULL	NULL
CHEMBL4004729	NULL	NULL	NULL	NULL
CHEMBL4005299	NULL	NULL	NULL	NULL
CHEMBL4005471	NULL	NULL	NULL	NULL
CHEMBL4005805	HEK293	HEK293 (Embryonic kidney fibroblasts)	Homo sapiens	Embryonic kidney fibroblasts
CHEMBL4005912	NULL	NULL	NULL	NULL
CHEMBL4007677	NULL	NULL	NULL	NULL
CHEMBL4007981	NULL	NULL	NULL	NULL
CHEMBL4008205	NULL	NULL	NULL	NULL
CHEMBL4008206	NULL	NULL	NULL	NULL
CHEMBL4009065	NULL	NULL	NULL	NULL
CHEMBL4009619	NULL	NULL	NULL	NULL
CHEMBL4009751	HEK293	HEK293 (Embryonic kidney fibroblasts)	Homo sapiens	Embryonic kidney fibroblasts
CHEMBL4010387	NULL	NULL	NULL	NULL
CHEMBL4011432	NULL	NULL	NULL	NULL
CHEMBL4011543	NULL	NULL	NULL	NULL
CHEMBL4012201	HEK293	HEK293 (Embryonic kidney fibroblasts)	Homo sapiens	Embryonic kidney fibroblasts
CHEMBL4012230	NULL	NULL	NULL	NULL
CHEMBL4012329	HEK293	HEK293 (Embryonic kidney fibroblasts)	Homo sapiens	Embryonic kidney fibroblasts
CHEMBL4012361	HEK293	HEK293 (Embryonic kidney fibroblasts)	Homo sapiens	Embryonic kidney fibroblasts
CHEMBL4012449	NULL	NULL	NULL	NULL
CHEMBL4012709	NULL	NULL	NULL	NULL
CHEMBL4012911	NULL	NULL	NULL	NULL
CHEMBL4013300	NULL	NULL	NULL	NULL
CHEMBL4013657	NULL	NULL	NULL	NULL
CHEMBL4013753	NULL	NULL	NULL	NULL
CHEMBL4013831	NULL	NULL	NULL	NULL
CHEMBL4014095	NULL	NULL	NULL	NULL
CHEMBL4015066	NULL	NULL	NULL	NULL
CHEMBL4015498	HEK293	HEK293 (Embryonic kidney fibroblasts)	Homo sapiens	Embryonic kidney fibroblasts
CHEMBL4015500	HEK293	HEK293 (Embryonic kidney fibroblasts)	Homo sapiens	Embryonic kidney fibroblasts
CHEMBL4015501	HEK293	HEK293 (Embryonic kidney fibroblasts)	Homo sapiens	Embryonic kidney fibroblasts
CHEMBL4015502	HEK293	HEK293 (Embryonic kidney fibroblasts)	Homo sapiens	Embryonic kidney fibroblasts
CHEMBL4015596	NULL	NULL	NULL	NULL
CHEMBL4015602	NULL	NULL	NULL	NULL
CHEMBL4015637	NULL	NULL	NULL	NULL
CHEMBL4015638	NULL	NULL	NULL	NULL
CHEMBL4015639	NULL	NULL	NULL	NULL
CHEMBL4015657	NULL	NULL	NULL	NULL
CHEMBL4015829	NULL	NULL	NULL	NULL
CHEMBL4015830	NULL	NULL	NULL	NULL
CHEMBL4015831	NULL	NULL	NULL	NULL
CHEMBL4015832	NULL	NULL	NULL	NULL
CHEMBL4015948	NULL	NULL	NULL	NULL
CHEMBL4015998	NULL	NULL	NULL	NULL
CHEMBL4016137	NULL	NULL	NULL	NULL
CHEMBL4016368	NULL	NULL	NULL	NULL
CHEMBL4016445	NULL	NULL	NULL	NULL
CHEMBL4016564	NULL	NULL	NULL	NULL
CHEMBL4016565	NULL	NULL	NULL	NULL
CHEMBL4016566	NULL	NULL	NULL	NULL
CHEMBL4016569	NULL	NULL	NULL	NULL
CHEMBL4016929	NULL	NULL	NULL	NULL
CHEMBL4017034	NULL	NULL	NULL	NULL
CHEMBL4017078	NULL	NULL	NULL	NULL
CHEMBL4017746	NULL	NULL	NULL	NULL
CHEMBL4017747	NULL	NULL	NULL	NULL
CHEMBL4017760	HEK293	HEK293 (Embryonic kidney fibroblasts)	Homo sapiens	Embryonic kidney fibroblasts
CHEMBL4017761	NULL	NULL	NULL	NULL
CHEMBL4017802	HEK293	HEK293 (Embryonic kidney fibroblasts)	Homo sapiens	Embryonic kidney fibroblasts
CHEMBL4017803	HEK293	HEK293 (Embryonic kidney fibroblasts)	Homo sapiens	Embryonic kidney fibroblasts
CHEMBL4017815	HEK293	HEK293 (Embryonic kidney fibroblasts)	Homo sapiens	Embryonic kidney fibroblasts
CHEMBL4018116	NULL	NULL	NULL	NULL
CHEMBL4019551	NULL	NULL	NULL	NULL
CHEMBL4019607	NULL	NULL	NULL	NULL
CHEMBL4019656	NULL	NULL	NULL	NULL
CHEMBL4019810	NULL	NULL	NULL	NULL
CHEMBL4020080	HEK293	HEK293 (Embryonic kidney fibroblasts)	Homo sapiens	Embryonic kidney fibroblasts
CHEMBL4020625	NULL	NULL	NULL	NULL
CHEMBL4020626	NULL	NULL	NULL	NULL
CHEMBL4021025	NULL	NULL	NULL	NULL
CHEMBL4021354	NULL	NULL	NULL	NULL
CHEMBL4021478	NULL	NULL	NULL	NULL
CHEMBL4021692	NULL	NULL	NULL	NULL
CHEMBL4021693	HEK293	HEK293 (Embryonic kidney fibroblasts)	Homo sapiens	Embryonic kidney fibroblasts
CHEMBL4021700	NULL	NULL	NULL	NULL
CHEMBL4021708	HEK293	HEK293 (Embryonic kidney fibroblasts)	Homo sapiens	Embryonic kidney fibroblasts
CHEMBL4021965	NULL	NULL	NULL	NULL
CHEMBL4021976	NULL	NULL	NULL	NULL
CHEMBL4022285	NULL	NULL	NULL	NULL
CHEMBL4022306	HEK293	HEK293 (Embryonic kidney fibroblasts)	Homo sapiens	Embryonic kidney fibroblasts
CHEMBL4022418	NULL	NULL	NULL	NULL
CHEMBL4022938	NULL	NULL	NULL	NULL
CHEMBL4023192	NULL	NULL	NULL	NULL
CHEMBL4023248	NULL	NULL	NULL	NULL
CHEMBL4023695	HEK293	HEK293 (Embryonic kidney fibroblasts)	Homo sapiens	Embryonic kidney fibroblasts
CHEMBL4023707	NULL	NULL	NULL	NULL
CHEMBL4023708	NULL	NULL	NULL	NULL
CHEMBL4023709	NULL	NULL	NULL	NULL
CHEMBL4023710	NULL	NULL	NULL	NULL
CHEMBL4023882	NULL	NULL	NULL	NULL
CHEMBL4024924	NULL	NULL	NULL	NULL
CHEMBL4026595	NULL	NULL	NULL	NULL
CHEMBL4026835	NULL	NULL	NULL	NULL
CHEMBL4026954	NULL	NULL	NULL	NULL
CHEMBL4026998	NULL	NULL	NULL	NULL
CHEMBL4026999	NULL	NULL	NULL	NULL
CHEMBL4027000	NULL	NULL	NULL	NULL
CHEMBL4027157	NULL	NULL	NULL	NULL
CHEMBL4027273	NULL	NULL	NULL	NULL
CHEMBL4027423	NULL	NULL	NULL	NULL
CHEMBL4027502	NULL	NULL	NULL	NULL
CHEMBL4027606	NULL	NULL	NULL	NULL
CHEMBL4027662	NULL	NULL	NULL	NULL
CHEMBL4028157	NULL	NULL	NULL	NULL
CHEMBL4028174	NULL	NULL	NULL	NULL
CHEMBL4028364	NULL	NULL	NULL	NULL
CHEMBL4028581	NULL	NULL	NULL	NULL
CHEMBL4028623	HEK293	HEK293 (Embryonic kidney fibroblasts)	Homo sapiens	Embryonic kidney fibroblasts
CHEMBL4030010	NULL	NULL	NULL	NULL
CHEMBL4030012	HEK293	HEK293 (Embryonic kidney fibroblasts)	Homo sapiens	Embryonic kidney fibroblasts
CHEMBL4030033	NULL	NULL	NULL	NULL
CHEMBL4030035	NULL	NULL	NULL	NULL
CHEMBL4030036	NULL	NULL	NULL	NULL
CHEMBL4030056	NULL	NULL	NULL	NULL
CHEMBL4030207	NULL	NULL	NULL	NULL
CHEMBL4030416	HEK293	HEK293 (Embryonic kidney fibroblasts)	Homo sapiens	Embryonic kidney fibroblasts
CHEMBL4030710	NULL	NULL	NULL	NULL
CHEMBL4030800	NULL	NULL	NULL	NULL
CHEMBL4030947	NULL	NULL	NULL	NULL
CHEMBL4030948	NULL	NULL	NULL	NULL
CHEMBL4030949	NULL	NULL	NULL	NULL
CHEMBL4030951	NULL	NULL	NULL	NULL
CHEMBL4030952	NULL	NULL	NULL	NULL
CHEMBL4030954	NULL	NULL	NULL	NULL
CHEMBL4031785	NULL	NULL	NULL	NULL
CHEMBL4032610	NULL	NULL	NULL	NULL
CHEMBL4033001	HEK293	HEK293 (Embryonic kidney fibroblasts)	Homo sapiens	Embryonic kidney fibroblasts
CHEMBL4033008	HEK293	HEK293 (Embryonic kidney fibroblasts)	Homo sapiens	Embryonic kidney fibroblasts
CHEMBL4033404	NULL	NULL	NULL	NULL
CHEMBL4033405	NULL	NULL	NULL	NULL
CHEMBL4033454	NULL	NULL	NULL	NULL
CHEMBL4036195	NULL	NULL	NULL	NULL
CHEMBL4036198	NULL	NULL	NULL	NULL
CHEMBL4036596	NULL	NULL	NULL	NULL
CHEMBL4036812	NULL	NULL	NULL	NULL
CHEMBL4036825	NULL	NULL	NULL	NULL
CHEMBL4036826	NULL	NULL	NULL	NULL
CHEMBL4036852	NULL	NULL	NULL	NULL
CHEMBL4037342	NULL	NULL	NULL	NULL
CHEMBL4037368	NULL	NULL	NULL	NULL
CHEMBL4037438	NULL	NULL	NULL	NULL
CHEMBL4037910	NULL	NULL	NULL	NULL
CHEMBL4037979	NULL	NULL	NULL	NULL
CHEMBL4039279	NULL	NULL	NULL	NULL
CHEMBL4039280	NULL	NULL	NULL	NULL
CHEMBL4039281	NULL	NULL	NULL	NULL
CHEMBL4039282	NULL	NULL	NULL	NULL
CHEMBL4039285	NULL	NULL	NULL	NULL
CHEMBL4039312	NULL	NULL	NULL	NULL
CHEMBL4040058	NULL	NULL	NULL	NULL
CHEMBL4040124	NULL	NULL	NULL	NULL
CHEMBL4040303	NULL	NULL	NULL	NULL
CHEMBL4040387	HEK293	HEK293 (Embryonic kidney fibroblasts)	Homo sapiens	Embryonic kidney fibroblasts
CHEMBL4040388	HEK293	HEK293 (Embryonic kidney fibroblasts)	Homo sapiens	Embryonic kidney fibroblasts
CHEMBL4040879	NULL	NULL	NULL	NULL
CHEMBL4040880	NULL	NULL	NULL	NULL
CHEMBL4040881	NULL	NULL	NULL	NULL
CHEMBL4040882	NULL	NULL	NULL	NULL
CHEMBL4040883	NULL	NULL	NULL	NULL
CHEMBL4040885	NULL	NULL	NULL	NULL
CHEMBL4041069	NULL	NULL	NULL	NULL
CHEMBL4041102	NULL	NULL	NULL	NULL
CHEMBL4041603	NULL	NULL	NULL	NULL
CHEMBL4041928	NULL	NULL	NULL	NULL
CHEMBL4042408	NULL	NULL	NULL	NULL
CHEMBL4042409	NULL	NULL	NULL	NULL
CHEMBL4042710	NULL	NULL	NULL	NULL
CHEMBL4044435	HEK293	HEK293 (Embryonic kidney fibroblasts)	Homo sapiens	Embryonic kidney fibroblasts
CHEMBL4044590	NULL	NULL	NULL	NULL
CHEMBL4045110	NULL	NULL	NULL	NULL
CHEMBL4046487	HEK293	HEK293 (Embryonic kidney fibroblasts)	Homo sapiens	Embryonic kidney fibroblasts
CHEMBL4046488	HEK293	HEK293 (Embryonic kidney fibroblasts)	Homo sapiens	Embryonic kidney fibroblasts
CHEMBL4046796	NULL	NULL	NULL	NULL
CHEMBL4047367	NULL	NULL	NULL	NULL
CHEMBL4047402	NULL	NULL	NULL	NULL
CHEMBL4047405	NULL	NULL	NULL	NULL
CHEMBL4047406	NULL	NULL	NULL	NULL
CHEMBL4047407	NULL	NULL	NULL	NULL
CHEMBL4047408	NULL	NULL	NULL	NULL
CHEMBL4047409	NULL	NULL	NULL	NULL
CHEMBL4047410	NULL	NULL	NULL	NULL
CHEMBL4047411	NULL	NULL	NULL	NULL
CHEMBL4047412	NULL	NULL	NULL	NULL
CHEMBL4047413	NULL	NULL	NULL	NULL
CHEMBL4047414	NULL	NULL	NULL	NULL
CHEMBL4047415	NULL	NULL	NULL	NULL
CHEMBL4047417	NULL	NULL	NULL	NULL
CHEMBL4047418	NULL	NULL	NULL	NULL
CHEMBL4047419	HEK293	HEK293 (Embryonic kidney fibroblasts)	Homo sapiens	Embryonic kidney fibroblasts
CHEMBL4047420	HEK293	HEK293 (Embryonic kidney fibroblasts)	Homo sapiens	Embryonic kidney fibroblasts
CHEMBL4047421	HEK293	HEK293 (Embryonic kidney fibroblasts)	Homo sapiens	Embryonic kidney fibroblasts
CHEMBL4047451	NULL	NULL	NULL	NULL
CHEMBL4047676	HEK293	HEK293 (Embryonic kidney fibroblasts)	Homo sapiens	Embryonic kidney fibroblasts
CHEMBL4047735	NULL	NULL	NULL	NULL
CHEMBL4048003	HEK293	HEK293 (Embryonic kidney fibroblasts)	Homo sapiens	Embryonic kidney fibroblasts
CHEMBL4048343	HEK293	HEK293 (Embryonic kidney fibroblasts)	Homo sapiens	Embryonic kidney fibroblasts
CHEMBL4049019	NULL	NULL	NULL	NULL
CHEMBL4049284	NULL	NULL	NULL	NULL
CHEMBL4049285	NULL	NULL	NULL	NULL
CHEMBL4049326	HEK293	HEK293 (Embryonic kidney fibroblasts)	Homo sapiens	Embryonic kidney fibroblasts
CHEMBL4049349	NULL	NULL	NULL	NULL
CHEMBL4050158	NULL	NULL	NULL	NULL
CHEMBL4050725	NULL	NULL	NULL	NULL
CHEMBL4051672	NULL	NULL	NULL	NULL
CHEMBL4051786	NULL	NULL	NULL	NULL
CHEMBL4051787	NULL	NULL	NULL	NULL
CHEMBL4051888	NULL	NULL	NULL	NULL
CHEMBL4051903	NULL	NULL	NULL	NULL
CHEMBL4052069	NULL	NULL	NULL	NULL
CHEMBL4052137	HEK293	HEK293 (Embryonic kidney fibroblasts)	Homo sapiens	Embryonic kidney fibroblasts
CHEMBL4052138	HEK293	HEK293 (Embryonic kidney fibroblasts)	Homo sapiens	Embryonic kidney fibroblasts
CHEMBL4052295	NULL	NULL	NULL	NULL
CHEMBL4052358	HEK293	HEK293 (Embryonic kidney fibroblasts)	Homo sapiens	Embryonic kidney fibroblasts
CHEMBL4052364	NULL	NULL	NULL	NULL
CHEMBL4052442	HEK293	HEK293 (Embryonic kidney fibroblasts)	Homo sapiens	Embryonic kidney fibroblasts
CHEMBL4053025	NULL	NULL	NULL	NULL
CHEMBL4053613	NULL	NULL	NULL	NULL
CHEMBL4053614	NULL	NULL	NULL	NULL
CHEMBL4053615	NULL	NULL	NULL	NULL
CHEMBL4053853	HEK293	HEK293 (Embryonic kidney fibroblasts)	Homo sapiens	Embryonic kidney fibroblasts
CHEMBL4054757	HEK293	HEK293 (Embryonic kidney fibroblasts)	Homo sapiens	Embryonic kidney fibroblasts
CHEMBL4054843	NULL	NULL	NULL	NULL
CHEMBL4054845	NULL	NULL	NULL	NULL
CHEMBL4055831	NULL	NULL	NULL	NULL
CHEMBL4055940	NULL	NULL	NULL	NULL
CHEMBL4055952	NULL	NULL	NULL	NULL
CHEMBL4056221	NULL	NULL	NULL	NULL
CHEMBL4056897	HEK293	HEK293 (Embryonic kidney fibroblasts)	Homo sapiens	Embryonic kidney fibroblasts
CHEMBL4056918	NULL	NULL	NULL	NULL
CHEMBL4057904	NULL	NULL	NULL	NULL
CHEMBL4057949	NULL	NULL	NULL	NULL
CHEMBL4058067	NULL	NULL	NULL	NULL
CHEMBL4058412	HEK293	HEK293 (Embryonic kidney fibroblasts)	Homo sapiens	Embryonic kidney fibroblasts
CHEMBL4058760	NULL	NULL	NULL	NULL
CHEMBL4119872	NULL	NULL	NULL	NULL
CHEMBL4119873	NULL	NULL	NULL	NULL
CHEMBL4120225	NULL	NULL	NULL	NULL
CHEMBL4121597	NULL	NULL	NULL	NULL
CHEMBL4121714	NULL	NULL	NULL	NULL
CHEMBL4121772	NULL	NULL	NULL	NULL
CHEMBL4122310	NULL	NULL	NULL	NULL
CHEMBL4122429	NULL	NULL	NULL	NULL
CHEMBL4122741	NULL	NULL	NULL	NULL
CHEMBL4122742	NULL	NULL	NULL	NULL
CHEMBL4122825	NULL	NULL	NULL	NULL
CHEMBL4122826	NULL	NULL	NULL	NULL
CHEMBL4123122	NULL	NULL	NULL	NULL
CHEMBL4123132	NULL	NULL	NULL	NULL
CHEMBL4123926	NULL	NULL	NULL	NULL
CHEMBL4123931	NULL	NULL	NULL	NULL
CHEMBL4124155	NULL	NULL	NULL	NULL
CHEMBL4124237	NULL	NULL	NULL	NULL
CHEMBL4124683	NULL	NULL	NULL	NULL
CHEMBL4124696	NULL	NULL	NULL	NULL
CHEMBL4125229	NULL	NULL	NULL	NULL
CHEMBL4131395	NULL	NULL	NULL	NULL
CHEMBL4132515	NULL	NULL	NULL	NULL
CHEMBL4134119	NULL	NULL	NULL	NULL
CHEMBL4134156	NULL	NULL	NULL	NULL
CHEMBL4134157	NULL	NULL	NULL	NULL
CHEMBL4134158	NULL	NULL	NULL	NULL
CHEMBL4134159	NULL	NULL	NULL	NULL
CHEMBL4134825	NULL	NULL	NULL	NULL
CHEMBL4135221	NULL	NULL	NULL	NULL
CHEMBL4135532	NULL	NULL	NULL	NULL
CHEMBL4136264	NULL	NULL	NULL	NULL
CHEMBL4137009	NULL	NULL	NULL	NULL
CHEMBL4137010	NULL	NULL	NULL	NULL
CHEMBL4137254	NULL	NULL	NULL	NULL
CHEMBL4137255	NULL	NULL	NULL	NULL
CHEMBL4137526	NULL	NULL	NULL	NULL
CHEMBL4140894	NULL	NULL	NULL	NULL
CHEMBL4141973	NULL	NULL	NULL	NULL
CHEMBL4143419	NULL	NULL	NULL	NULL
CHEMBL4143975	NULL	NULL	NULL	NULL
CHEMBL4144127	NULL	NULL	NULL	NULL
CHEMBL4144162	NULL	NULL	NULL	NULL
CHEMBL4144163	NULL	NULL	NULL	NULL
CHEMBL4144195	NULL	NULL	NULL	NULL
CHEMBL4144961	NULL	NULL	NULL	NULL
CHEMBL4144962	NULL	NULL	NULL	NULL
CHEMBL4144963	NULL	NULL	NULL	NULL
CHEMBL4144994	NULL	NULL	NULL	NULL
CHEMBL4144996	NULL	NULL	NULL	NULL
CHEMBL4145269	NULL	NULL	NULL	NULL
CHEMBL4145270	NULL	NULL	NULL	NULL
CHEMBL4146384	NULL	NULL	NULL	NULL
CHEMBL4146889	NULL	NULL	NULL	NULL
CHEMBL4149408	NULL	NULL	NULL	NULL
CHEMBL4149876	NULL	NULL	NULL	NULL
CHEMBL4150477	NULL	NULL	NULL	NULL
CHEMBL4151701	NULL	NULL	NULL	NULL
CHEMBL4151929	NULL	NULL	NULL	NULL
CHEMBL4153191	NULL	NULL	NULL	NULL
CHEMBL4153192	NULL	NULL	NULL	NULL
CHEMBL4153776	NULL	NULL	NULL	NULL
CHEMBL4155390	NULL	NULL	NULL	NULL
CHEMBL4156817	NULL	NULL	NULL	NULL
CHEMBL4157557	NULL	NULL	NULL	NULL
CHEMBL4157558	NULL	NULL	NULL	NULL
CHEMBL4158421	NULL	NULL	NULL	NULL
CHEMBL4158633	NULL	NULL	NULL	NULL
CHEMBL4158756	NULL	NULL	NULL	NULL
CHEMBL4158814	NULL	NULL	NULL	NULL
CHEMBL4178382	NULL	NULL	NULL	NULL
CHEMBL4178742	NULL	NULL	NULL	NULL
CHEMBL4178751	NULL	NULL	NULL	NULL
CHEMBL4179672	NULL	NULL	NULL	NULL
CHEMBL4179767	NULL	NULL	NULL	NULL
CHEMBL4179914	NULL	NULL	NULL	NULL
CHEMBL4179915	NULL	NULL	NULL	NULL
CHEMBL4179916	NULL	NULL	NULL	NULL
CHEMBL4180169	NULL	NULL	NULL	NULL
CHEMBL4180171	NULL	NULL	NULL	NULL
CHEMBL4180224	NULL	NULL	NULL	NULL
CHEMBL4180583	NULL	NULL	NULL	NULL
CHEMBL4180610	NULL	NULL	NULL	NULL
CHEMBL4180611	NULL	NULL	NULL	NULL
CHEMBL4181299	NULL	NULL	NULL	NULL
CHEMBL4181570	NULL	NULL	NULL	NULL
CHEMBL4181645	NULL	NULL	NULL	NULL
CHEMBL4181722	NULL	NULL	NULL	NULL
CHEMBL4181777	NULL	NULL	NULL	NULL
CHEMBL4181781	NULL	NULL	NULL	NULL
CHEMBL4181782	NULL	NULL	NULL	NULL
CHEMBL4181783	NULL	NULL	NULL	NULL
CHEMBL4181786	NULL	NULL	NULL	NULL
CHEMBL4181790	NULL	NULL	NULL	NULL
CHEMBL4181793	NULL	NULL	NULL	NULL
CHEMBL4181844	NULL	NULL	NULL	NULL
CHEMBL4181845	NULL	NULL	NULL	NULL
CHEMBL4181848	NULL	NULL	NULL	NULL
CHEMBL4182620	NULL	NULL	NULL	NULL
CHEMBL4183048	NULL	NULL	NULL	NULL
CHEMBL4183068	NULL	NULL	NULL	NULL
CHEMBL4183120	NULL	NULL	NULL	NULL
CHEMBL4184343	NULL	NULL	NULL	NULL
CHEMBL4184448	NULL	NULL	NULL	NULL
CHEMBL4184507	NULL	NULL	NULL	NULL
CHEMBL4184508	NULL	NULL	NULL	NULL
CHEMBL4184510	NULL	NULL	NULL	NULL
CHEMBL4184686	NULL	NULL	NULL	NULL
CHEMBL4184687	NULL	NULL	NULL	NULL
CHEMBL4184688	NULL	NULL	NULL	NULL
CHEMBL4184689	NULL	NULL	NULL	NULL
CHEMBL4184691	NULL	NULL	NULL	NULL
CHEMBL4184694	NULL	NULL	NULL	NULL
CHEMBL4184989	NULL	NULL	NULL	NULL
CHEMBL4186149	NULL	NULL	NULL	NULL
CHEMBL4186330	NULL	NULL	NULL	NULL
CHEMBL4186479	NULL	NULL	NULL	NULL
CHEMBL4187023	NULL	NULL	NULL	NULL
CHEMBL4188047	NULL	NULL	NULL	NULL
CHEMBL4188524	NULL	NULL	NULL	NULL
CHEMBL4188738	NULL	NULL	NULL	NULL
CHEMBL4189945	NULL	NULL	NULL	NULL
CHEMBL4189946	NULL	NULL	NULL	NULL
CHEMBL4189989	NULL	NULL	NULL	NULL
CHEMBL4190054	NULL	NULL	NULL	NULL
CHEMBL4190643	NULL	NULL	NULL	NULL
CHEMBL4190647	NULL	NULL	NULL	NULL
CHEMBL4190648	NULL	NULL	NULL	NULL
CHEMBL4190649	NULL	NULL	NULL	NULL
CHEMBL4193761	NULL	NULL	NULL	NULL
CHEMBL4193762	NULL	NULL	NULL	NULL
CHEMBL4193795	NULL	NULL	NULL	NULL
CHEMBL4194218	NULL	NULL	NULL	NULL
CHEMBL4194788	NULL	NULL	NULL	NULL
CHEMBL4195200	NULL	NULL	NULL	NULL
CHEMBL4195231	NULL	NULL	NULL	NULL
CHEMBL4195525	NULL	NULL	NULL	NULL
CHEMBL4195585	NULL	NULL	NULL	NULL
CHEMBL4195682	NULL	NULL	NULL	NULL
CHEMBL4195808	NULL	NULL	NULL	NULL
CHEMBL4195809	NULL	NULL	NULL	NULL
CHEMBL4195906	NULL	NULL	NULL	NULL
CHEMBL4196392	NULL	NULL	NULL	NULL
CHEMBL4196409	NULL	NULL	NULL	NULL
CHEMBL4196965	NULL	NULL	NULL	NULL
CHEMBL4196966	NULL	NULL	NULL	NULL
CHEMBL4197061	NULL	NULL	NULL	NULL
CHEMBL4197809	NULL	NULL	NULL	NULL
CHEMBL4199524	NULL	NULL	NULL	NULL
CHEMBL4199526	NULL	NULL	NULL	NULL
CHEMBL4199528	NULL	NULL	NULL	NULL
CHEMBL4199530	NULL	NULL	NULL	NULL
CHEMBL4199666	NULL	NULL	NULL	NULL
CHEMBL4199858	NULL	NULL	NULL	NULL
CHEMBL4199970	NULL	NULL	NULL	NULL
CHEMBL4199971	NULL	NULL	NULL	NULL
CHEMBL4199985	NULL	NULL	NULL	NULL
CHEMBL4199986	NULL	NULL	NULL	NULL
CHEMBL4199993	NULL	NULL	NULL	NULL
CHEMBL4200504	NULL	NULL	NULL	NULL
CHEMBL4200746	NULL	NULL	NULL	NULL
CHEMBL4200760	NULL	NULL	NULL	NULL
CHEMBL4200761	NULL	NULL	NULL	NULL
CHEMBL4200762	NULL	NULL	NULL	NULL
CHEMBL4200763	NULL	NULL	NULL	NULL
CHEMBL4200933	NULL	NULL	NULL	NULL
CHEMBL4200990	NULL	NULL	NULL	NULL
CHEMBL4201404	NULL	NULL	NULL	NULL
CHEMBL4201699	NULL	NULL	NULL	NULL
CHEMBL4201937	NULL	NULL	NULL	NULL
CHEMBL4220011	NULL	NULL	NULL	NULL
CHEMBL4220823	NULL	NULL	NULL	NULL
CHEMBL4221368	NULL	NULL	NULL	NULL
CHEMBL4221371	NULL	NULL	NULL	NULL
CHEMBL4221872	NULL	NULL	NULL	NULL
CHEMBL4222828	NULL	NULL	NULL	NULL
CHEMBL4223041	NULL	NULL	NULL	NULL
CHEMBL4223310	NULL	NULL	NULL	NULL
CHEMBL4223709	NULL	NULL	NULL	NULL
CHEMBL4223820	NULL	NULL	NULL	NULL
CHEMBL4223821	NULL	NULL	NULL	NULL
CHEMBL4223822	NULL	NULL	NULL	NULL
CHEMBL4223825	NULL	NULL	NULL	NULL
CHEMBL4223826	NULL	NULL	NULL	NULL
CHEMBL4223827	NULL	NULL	NULL	NULL
CHEMBL4223828	NULL	NULL	NULL	NULL
CHEMBL4223829	NULL	NULL	NULL	NULL
CHEMBL4223830	NULL	NULL	NULL	NULL
CHEMBL4223831	NULL	NULL	NULL	NULL
CHEMBL4223832	NULL	NULL	NULL	NULL
CHEMBL4223976	NULL	NULL	NULL	NULL
CHEMBL4224020	NULL	NULL	NULL	NULL
CHEMBL4224343	NULL	NULL	NULL	NULL
CHEMBL4224344	NULL	NULL	NULL	NULL
CHEMBL4224424	NULL	NULL	NULL	NULL
CHEMBL4224584	NULL	NULL	NULL	NULL
CHEMBL4224591	NULL	NULL	NULL	NULL
CHEMBL4229875	NULL	NULL	NULL	NULL
CHEMBL4231472	NULL	NULL	NULL	NULL
CHEMBL4231476	NULL	NULL	NULL	NULL
CHEMBL4231477	NULL	NULL	NULL	NULL
CHEMBL4231478	NULL	NULL	NULL	NULL
CHEMBL4233115	NULL	NULL	NULL	NULL
CHEMBL4233116	NULL	NULL	NULL	NULL
CHEMBL4233117	NULL	NULL	NULL	NULL
CHEMBL4233917	NULL	NULL	NULL	NULL
CHEMBL4234954	NULL	NULL	NULL	NULL
CHEMBL4235077	NULL	NULL	NULL	NULL
CHEMBL4235078	NULL	NULL	NULL	NULL
CHEMBL4235080	NULL	NULL	NULL	NULL
CHEMBL4235081	NULL	NULL	NULL	NULL
CHEMBL4235148	NULL	NULL	NULL	NULL
CHEMBL4235817	NULL	NULL	NULL	NULL
CHEMBL4235818	NULL	NULL	NULL	NULL
CHEMBL4235947	NULL	NULL	NULL	NULL
CHEMBL4236263	NULL	NULL	NULL	NULL
CHEMBL4236595	NULL	NULL	NULL	NULL
CHEMBL4236596	NULL	NULL	NULL	NULL
CHEMBL4236893	NULL	NULL	NULL	NULL
CHEMBL4236905	NULL	NULL	NULL	NULL
CHEMBL4236906	NULL	NULL	NULL	NULL
CHEMBL4237146	NULL	NULL	NULL	NULL
CHEMBL4251790	NULL	NULL	NULL	NULL
CHEMBL4251894	NULL	NULL	NULL	NULL
CHEMBL4251919	NULL	NULL	NULL	NULL
CHEMBL4254554	NULL	NULL	NULL	NULL
CHEMBL4254808	NULL	NULL	NULL	NULL
CHEMBL4255046	NULL	NULL	NULL	NULL
CHEMBL4255622	NULL	NULL	NULL	NULL
CHEMBL4255795	NULL	NULL	NULL	NULL
CHEMBL4255809	NULL	NULL	NULL	NULL
CHEMBL4256591	NULL	NULL	NULL	NULL
CHEMBL4256617	NULL	NULL	NULL	NULL
CHEMBL4256639	NULL	NULL	NULL	NULL
CHEMBL4257703	NULL	NULL	NULL	NULL
CHEMBL4257728	NULL	NULL	NULL	NULL
CHEMBL4258485	NULL	NULL	NULL	NULL
CHEMBL4260386	NULL	NULL	NULL	NULL
CHEMBL4260509	NULL	NULL	NULL	NULL
CHEMBL4260564	NULL	NULL	NULL	NULL
CHEMBL4260925	NULL	NULL	NULL	NULL
CHEMBL4260964	NULL	NULL	NULL	NULL
CHEMBL4260965	NULL	NULL	NULL	NULL
CHEMBL4261225	NULL	NULL	NULL	NULL
CHEMBL4261226	NULL	NULL	NULL	NULL
CHEMBL4261227	NULL	NULL	NULL	NULL
CHEMBL4262357	NULL	NULL	NULL	NULL
CHEMBL4262602	NULL	NULL	NULL	NULL
CHEMBL4263504	NULL	NULL	NULL	NULL
CHEMBL4264023	NULL	NULL	NULL	NULL
CHEMBL4264667	NULL	NULL	NULL	NULL
CHEMBL4264707	NULL	NULL	NULL	NULL
CHEMBL4264708	NULL	NULL	NULL	NULL
CHEMBL4265236	NULL	NULL	NULL	NULL
CHEMBL4265449	NULL	NULL	NULL	NULL
CHEMBL4265668	NULL	NULL	NULL	NULL
CHEMBL4266337	NULL	NULL	NULL	NULL
CHEMBL4266935	NULL	NULL	NULL	NULL
CHEMBL4267134	NULL	NULL	NULL	NULL
CHEMBL4268622	NULL	NULL	NULL	NULL
CHEMBL4268943	NULL	NULL	NULL	NULL
CHEMBL4269040	NULL	NULL	NULL	NULL
CHEMBL4269600	NULL	NULL	NULL	NULL
CHEMBL4269690	NULL	NULL	NULL	NULL
CHEMBL4270205	NULL	NULL	NULL	NULL
CHEMBL4270206	NULL	NULL	NULL	NULL
CHEMBL4270242	NULL	NULL	NULL	NULL
CHEMBL4270255	NULL	NULL	NULL	NULL
CHEMBL4270256	NULL	NULL	NULL	NULL
CHEMBL4270326	NULL	NULL	NULL	NULL
CHEMBL4270327	NULL	NULL	NULL	NULL
CHEMBL4270328	NULL	NULL	NULL	NULL
CHEMBL4270430	NULL	NULL	NULL	NULL
CHEMBL4270431	NULL	NULL	NULL	NULL
CHEMBL4272647	NULL	NULL	NULL	NULL
CHEMBL4272648	NULL	NULL	NULL	NULL
CHEMBL4272649	NULL	NULL	NULL	NULL
CHEMBL4274732	NULL	NULL	NULL	NULL
CHEMBL4275130	NULL	NULL	NULL	NULL
CHEMBL4275131	NULL	NULL	NULL	NULL
CHEMBL4275853	NULL	NULL	NULL	NULL
CHEMBL4276288	NULL	NULL	NULL	NULL
CHEMBL4276442	NULL	NULL	NULL	NULL
CHEMBL4276588	NULL	NULL	NULL	NULL
CHEMBL4303779	HEK293	HEK293 (Embryonic kidney fibroblasts)	Homo sapiens	Embryonic kidney fibroblasts
CHEMBL4305236	NULL	NULL	NULL	NULL
CHEMBL4305297	HEK293	HEK293 (Embryonic kidney fibroblasts)	Homo sapiens	Embryonic kidney fibroblasts
CHEMBL4305872	CHO	CHO (Ovarian cells)	Cricetulus griseus	Ovarian cells
CHEMBL4307038	HEK293	HEK293 (Embryonic kidney fibroblasts)	Homo sapiens	Embryonic kidney fibroblasts
CHEMBL4307167	CHO-K1	CHO-K1 (Ovarian cells)	Cricetulus griseus	Ovarian cells
CHEMBL4308576	NULL	NULL	NULL	NULL
CHEMBL4309099	HEK293	HEK293 (Embryonic kidney fibroblasts)	Homo sapiens	Embryonic kidney fibroblasts
CHEMBL4309890	NULL	NULL	NULL	NULL
CHEMBL4310146	NULL	NULL	NULL	NULL
CHEMBL4310495	NULL	NULL	NULL	NULL
CHEMBL4310944	NULL	NULL	NULL	NULL
CHEMBL4311079	NULL	NULL	NULL	NULL
CHEMBL4312205	NULL	NULL	NULL	NULL
CHEMBL4312207	NULL	NULL	NULL	NULL
CHEMBL4312208	NULL	NULL	NULL	NULL
CHEMBL4312345	CHO	CHO (Ovarian cells)	Cricetulus griseus	Ovarian cells
CHEMBL4312578	NULL	NULL	NULL	NULL
CHEMBL4312666	NULL	NULL	NULL	NULL
CHEMBL4312668	NULL	NULL	NULL	NULL
CHEMBL4312670	NULL	NULL	NULL	NULL
CHEMBL4312672	NULL	NULL	NULL	NULL
CHEMBL4312674	NULL	NULL	NULL	NULL
CHEMBL4312798	CHO-K1	CHO-K1 (Ovarian cells)	Cricetulus griseus	Ovarian cells
CHEMBL4312823	NULL	NULL	NULL	NULL
CHEMBL4313152	NULL	NULL	NULL	NULL
CHEMBL4313394	NULL	NULL	NULL	NULL
CHEMBL4313840	NULL	NULL	NULL	NULL
CHEMBL4314369	NULL	NULL	NULL	NULL
CHEMBL4314370	NULL	NULL	NULL	NULL
CHEMBL4314371	NULL	NULL	NULL	NULL
CHEMBL4315150	NULL	NULL	NULL	NULL
CHEMBL4315950	NULL	NULL	NULL	NULL
CHEMBL4316427	NULL	NULL	NULL	NULL
CHEMBL4316969	CHO	CHO (Ovarian cells)	Cricetulus griseus	Ovarian cells
CHEMBL4317027	HEK293	HEK293 (Embryonic kidney fibroblasts)	Homo sapiens	Embryonic kidney fibroblasts
CHEMBL4321008	HEK293	HEK293 (Embryonic kidney fibroblasts)	Homo sapiens	Embryonic kidney fibroblasts
CHEMBL4321989	NULL	NULL	NULL	NULL
CHEMBL4321995	HEK293	HEK293 (Embryonic kidney fibroblasts)	Homo sapiens	Embryonic kidney fibroblasts
CHEMBL4322077	NULL	NULL	NULL	NULL
CHEMBL4322262	HEK293	HEK293 (Embryonic kidney fibroblasts)	Homo sapiens	Embryonic kidney fibroblasts
CHEMBL4322944	NULL	NULL	NULL	NULL
CHEMBL4322978	NULL	NULL	NULL	NULL
CHEMBL4322979	NULL	NULL	NULL	NULL
CHEMBL4323804	HEK293	HEK293 (Embryonic kidney fibroblasts)	Homo sapiens	Embryonic kidney fibroblasts
CHEMBL4323948	NULL	NULL	NULL	NULL
CHEMBL4324297	NULL	NULL	NULL	NULL
CHEMBL4324787	NULL	NULL	NULL	NULL
CHEMBL4325470	NULL	NULL	NULL	NULL
CHEMBL4325511	CHO	CHO (Ovarian cells)	Cricetulus griseus	Ovarian cells
CHEMBL4325661	NULL	NULL	NULL	NULL
CHEMBL4326143	CHO	CHO (Ovarian cells)	Cricetulus griseus	Ovarian cells
CHEMBL4326442	NULL	NULL	NULL	NULL
CHEMBL4329549	CHO	CHO (Ovarian cells)	Cricetulus griseus	Ovarian cells
CHEMBL4329550	CHO	CHO (Ovarian cells)	Cricetulus griseus	Ovarian cells
CHEMBL4329551	CHO	CHO (Ovarian cells)	Cricetulus griseus	Ovarian cells
CHEMBL4329552	CHO	CHO (Ovarian cells)	Cricetulus griseus	Ovarian cells
CHEMBL4329553	CHO	CHO (Ovarian cells)	Cricetulus griseus	Ovarian cells
CHEMBL4329554	CHO	CHO (Ovarian cells)	Cricetulus griseus	Ovarian cells
CHEMBL4329555	CHO	CHO (Ovarian cells)	Cricetulus griseus	Ovarian cells
CHEMBL4329577	NULL	NULL	NULL	NULL
CHEMBL4329737	NULL	NULL	NULL	NULL
CHEMBL4329738	NULL	NULL	NULL	NULL
CHEMBL4329869	NULL	NULL	NULL	NULL
CHEMBL4329870	NULL	NULL	NULL	NULL
CHEMBL4329871	NULL	NULL	NULL	NULL
CHEMBL4331541	CHO	CHO (Ovarian cells)	Cricetulus griseus	Ovarian cells
CHEMBL4331542	CHO	CHO (Ovarian cells)	Cricetulus griseus	Ovarian cells
CHEMBL4331643	CHO	CHO (Ovarian cells)	Cricetulus griseus	Ovarian cells
CHEMBL4331781	NULL	NULL	NULL	NULL
CHEMBL4331782	NULL	NULL	NULL	NULL
CHEMBL4331793	NULL	NULL	NULL	NULL
CHEMBL4331794	NULL	NULL	NULL	NULL
CHEMBL4331822	NULL	NULL	NULL	NULL
CHEMBL4332023	HEK293	HEK293 (Embryonic kidney fibroblasts)	Homo sapiens	Embryonic kidney fibroblasts
CHEMBL4332123	NULL	NULL	NULL	NULL
CHEMBL4332175	NULL	NULL	NULL	NULL
CHEMBL4332217	NULL	NULL	NULL	NULL
CHEMBL4332944	NULL	NULL	NULL	NULL
CHEMBL4333772	NULL	NULL	NULL	NULL
CHEMBL4333871	NULL	NULL	NULL	NULL
CHEMBL4338991	HEK293	HEK293 (Embryonic kidney fibroblasts)	Homo sapiens	Embryonic kidney fibroblasts
CHEMBL4339001	NULL	NULL	NULL	NULL
CHEMBL4339061	NULL	NULL	NULL	NULL
CHEMBL4339665	HEK293	HEK293 (Embryonic kidney fibroblasts)	Homo sapiens	Embryonic kidney fibroblasts
CHEMBL4339703	NULL	NULL	NULL	NULL
CHEMBL4339725	NULL	NULL	NULL	NULL
CHEMBL4339726	NULL	NULL	NULL	NULL
CHEMBL4339821	NULL	NULL	NULL	NULL
CHEMBL4340219	NULL	NULL	NULL	NULL
CHEMBL4340978	NULL	NULL	NULL	NULL
CHEMBL4341371	NULL	NULL	NULL	NULL
CHEMBL4341372	NULL	NULL	NULL	NULL
CHEMBL4341373	NULL	NULL	NULL	NULL
CHEMBL4341378	NULL	NULL	NULL	NULL
CHEMBL4341639	HEK293	HEK293 (Embryonic kidney fibroblasts)	Homo sapiens	Embryonic kidney fibroblasts
CHEMBL4341641	NULL	NULL	NULL	NULL
CHEMBL4341892	NULL	NULL	NULL	NULL
CHEMBL4342657	CHO	CHO (Ovarian cells)	Cricetulus griseus	Ovarian cells
CHEMBL4342989	NULL	NULL	NULL	NULL
CHEMBL4343474	NULL	NULL	NULL	NULL
CHEMBL4344564	NULL	NULL	NULL	NULL
CHEMBL4344576	NULL	NULL	NULL	NULL
CHEMBL4345249	HEK293	HEK293 (Embryonic kidney fibroblasts)	Homo sapiens	Embryonic kidney fibroblasts
CHEMBL4345274	NULL	NULL	NULL	NULL
CHEMBL4349819	NULL	NULL	NULL	NULL
CHEMBL4349959	NULL	NULL	NULL	NULL
CHEMBL4351263	NULL	NULL	NULL	NULL
CHEMBL4351264	NULL	NULL	NULL	NULL
CHEMBL4351290	NULL	NULL	NULL	NULL
CHEMBL4351293	NULL	NULL	NULL	NULL
CHEMBL4351578	NULL	NULL	NULL	NULL
CHEMBL4351579	NULL	NULL	NULL	NULL
CHEMBL4352779	NULL	NULL	NULL	NULL
CHEMBL4354033	NULL	NULL	NULL	NULL
CHEMBL4354044	NULL	NULL	NULL	NULL
CHEMBL4354224	HEK293	HEK293 (Embryonic kidney fibroblasts)	Homo sapiens	Embryonic kidney fibroblasts
CHEMBL4355247	NULL	NULL	NULL	NULL
CHEMBL4355701	HEK293	HEK293 (Embryonic kidney fibroblasts)	Homo sapiens	Embryonic kidney fibroblasts
CHEMBL4355799	NULL	NULL	NULL	NULL
CHEMBL4355800	NULL	NULL	NULL	NULL
CHEMBL4355801	NULL	NULL	NULL	NULL
CHEMBL4355821	NULL	NULL	NULL	NULL
CHEMBL4355822	NULL	NULL	NULL	NULL
CHEMBL4355823	NULL	NULL	NULL	NULL
CHEMBL4355824	NULL	NULL	NULL	NULL
CHEMBL4356202	NULL	NULL	NULL	NULL
CHEMBL4356240	NULL	NULL	NULL	NULL
CHEMBL4356657	NULL	NULL	NULL	NULL
CHEMBL4356659	NULL	NULL	NULL	NULL
CHEMBL4357092	NULL	NULL	NULL	NULL
CHEMBL4357703	NULL	NULL	NULL	NULL
CHEMBL4358500	NULL	NULL	NULL	NULL
CHEMBL4358535	NULL	NULL	NULL	NULL
CHEMBL4358540	NULL	NULL	NULL	NULL
CHEMBL4358541	NULL	NULL	NULL	NULL
CHEMBL4358542	NULL	NULL	NULL	NULL
CHEMBL4358985	CHO	CHO (Ovarian cells)	Cricetulus griseus	Ovarian cells
CHEMBL4359448	HEK293	HEK293 (Embryonic kidney fibroblasts)	Homo sapiens	Embryonic kidney fibroblasts
CHEMBL4359465	HEK293	HEK293 (Embryonic kidney fibroblasts)	Homo sapiens	Embryonic kidney fibroblasts
CHEMBL4360329	NULL	NULL	NULL	NULL
CHEMBL4360358	CHO	CHO (Ovarian cells)	Cricetulus griseus	Ovarian cells
CHEMBL4360771	NULL	NULL	NULL	NULL
CHEMBL4362471	HEK293	HEK293 (Embryonic kidney fibroblasts)	Homo sapiens	Embryonic kidney fibroblasts
CHEMBL4364034	NULL	NULL	NULL	NULL
CHEMBL4364983	NULL	NULL	NULL	NULL
CHEMBL4365035	NULL	NULL	NULL	NULL
CHEMBL4365036	NULL	NULL	NULL	NULL
CHEMBL4366089	HEK293	HEK293 (Embryonic kidney fibroblasts)	Homo sapiens	Embryonic kidney fibroblasts
CHEMBL4366133	NULL	NULL	NULL	NULL
CHEMBL4367272	NULL	NULL	NULL	NULL
CHEMBL4367395	NULL	NULL	NULL	NULL
CHEMBL4367399	NULL	NULL	NULL	NULL
CHEMBL4367691	CHO	CHO (Ovarian cells)	Cricetulus griseus	Ovarian cells
CHEMBL4367692	CHO	CHO (Ovarian cells)	Cricetulus griseus	Ovarian cells
CHEMBL4369880	NULL	NULL	NULL	NULL
CHEMBL4369981	NULL	NULL	NULL	NULL
CHEMBL4370144	HEK293	HEK293 (Embryonic kidney fibroblasts)	Homo sapiens	Embryonic kidney fibroblasts
CHEMBL4370169	NULL	NULL	NULL	NULL
CHEMBL4370260	HEK293	HEK293 (Embryonic kidney fibroblasts)	Homo sapiens	Embryonic kidney fibroblasts
CHEMBL4370359	NULL	NULL	NULL	NULL
CHEMBL4370899	NULL	NULL	NULL	NULL
CHEMBL4370906	NULL	NULL	NULL	NULL
CHEMBL4370907	NULL	NULL	NULL	NULL
CHEMBL4371269	NULL	NULL	NULL	NULL
CHEMBL4372228	NULL	NULL	NULL	NULL
CHEMBL4372271	NULL	NULL	NULL	NULL
CHEMBL4372348	NULL	NULL	NULL	NULL
CHEMBL4372490	NULL	NULL	NULL	NULL
CHEMBL4373005	NULL	NULL	NULL	NULL
CHEMBL4373010	NULL	NULL	NULL	NULL
CHEMBL4373011	NULL	NULL	NULL	NULL
CHEMBL4373076	NULL	NULL	NULL	NULL
CHEMBL4373077	NULL	NULL	NULL	NULL
CHEMBL4373138	CHO	CHO (Ovarian cells)	Cricetulus griseus	Ovarian cells
CHEMBL4373139	CHO	CHO (Ovarian cells)	Cricetulus griseus	Ovarian cells
CHEMBL4373140	CHO	CHO (Ovarian cells)	Cricetulus griseus	Ovarian cells
CHEMBL4373191	HEK293	HEK293 (Embryonic kidney fibroblasts)	Homo sapiens	Embryonic kidney fibroblasts
CHEMBL4373220	HEK293	HEK293 (Embryonic kidney fibroblasts)	Homo sapiens	Embryonic kidney fibroblasts
CHEMBL4373387	HEK293	HEK293 (Embryonic kidney fibroblasts)	Homo sapiens	Embryonic kidney fibroblasts
CHEMBL4374649	NULL	NULL	NULL	NULL
CHEMBL4374650	NULL	NULL	NULL	NULL
CHEMBL4375018	CHO	CHO (Ovarian cells)	Cricetulus griseus	Ovarian cells
CHEMBL4375019	NULL	NULL	NULL	NULL
CHEMBL4375127	NULL	NULL	NULL	NULL
CHEMBL4375128	NULL	NULL	NULL	NULL
CHEMBL4375191	HEK293	HEK293 (Embryonic kidney fibroblasts)	Homo sapiens	Embryonic kidney fibroblasts
CHEMBL4375199	HEK293	HEK293 (Embryonic kidney fibroblasts)	Homo sapiens	Embryonic kidney fibroblasts
CHEMBL4375410	CHO-K1	CHO-K1 (Ovarian cells)	Cricetulus griseus	Ovarian cells
CHEMBL4376105	NULL	NULL	NULL	NULL
CHEMBL4377385	NULL	NULL	NULL	NULL
CHEMBL4377416	NULL	NULL	NULL	NULL
CHEMBL4378053	NULL	NULL	NULL	NULL
CHEMBL4378054	NULL	NULL	NULL	NULL
CHEMBL4378163	NULL	NULL	NULL	NULL
CHEMBL4378164	NULL	NULL	NULL	NULL
CHEMBL4378165	NULL	NULL	NULL	NULL
CHEMBL4378214	NULL	NULL	NULL	NULL
CHEMBL4378223	NULL	NULL	NULL	NULL
CHEMBL4378224	NULL	NULL	NULL	NULL
CHEMBL4378225	NULL	NULL	NULL	NULL
CHEMBL4378227	NULL	NULL	NULL	NULL
CHEMBL4380541	NULL	NULL	NULL	NULL
CHEMBL4380720	NULL	NULL	NULL	NULL
CHEMBL4380954	NULL	NULL	NULL	NULL
CHEMBL4381375	NULL	NULL	NULL	NULL
CHEMBL4381397	HEK293	HEK293 (Embryonic kidney fibroblasts)	Homo sapiens	Embryonic kidney fibroblasts
CHEMBL4381398	HEK293	HEK293 (Embryonic kidney fibroblasts)	Homo sapiens	Embryonic kidney fibroblasts
CHEMBL4381399	HEK293	HEK293 (Embryonic kidney fibroblasts)	Homo sapiens	Embryonic kidney fibroblasts
CHEMBL4381400	HEK293	HEK293 (Embryonic kidney fibroblasts)	Homo sapiens	Embryonic kidney fibroblasts
CHEMBL4381401	HEK293	HEK293 (Embryonic kidney fibroblasts)	Homo sapiens	Embryonic kidney fibroblasts
CHEMBL4381402	HEK293	HEK293 (Embryonic kidney fibroblasts)	Homo sapiens	Embryonic kidney fibroblasts
CHEMBL4383075	NULL	NULL	NULL	NULL
CHEMBL4383328	NULL	NULL	NULL	NULL
CHEMBL4383351	NULL	NULL	NULL	NULL
CHEMBL4383595	HEK293	HEK293 (Embryonic kidney fibroblasts)	Homo sapiens	Embryonic kidney fibroblasts
CHEMBL4383858	NULL	NULL	NULL	NULL
CHEMBL4384705	CHO-K1	CHO-K1 (Ovarian cells)	Cricetulus griseus	Ovarian cells
CHEMBL4384746	NULL	NULL	NULL	NULL
CHEMBL4384747	CHO	CHO (Ovarian cells)	Cricetulus griseus	Ovarian cells
CHEMBL4385124	CHO	CHO (Ovarian cells)	Cricetulus griseus	Ovarian cells
CHEMBL4385345	NULL	NULL	NULL	NULL
CHEMBL4385381	NULL	NULL	NULL	NULL
CHEMBL4385389	NULL	NULL	NULL	NULL
CHEMBL4385391	NULL	NULL	NULL	NULL
CHEMBL4385794	CHO	CHO (Ovarian cells)	Cricetulus griseus	Ovarian cells
CHEMBL4386308	HEK293	HEK293 (Embryonic kidney fibroblasts)	Homo sapiens	Embryonic kidney fibroblasts
CHEMBL4386458	NULL	NULL	NULL	NULL
CHEMBL4388180	NULL	NULL	NULL	NULL
CHEMBL4388195	HEK293	HEK293 (Embryonic kidney fibroblasts)	Homo sapiens	Embryonic kidney fibroblasts
CHEMBL4388216	NULL	NULL	NULL	NULL
CHEMBL4388237	NULL	NULL	NULL	NULL
CHEMBL4388920	NULL	NULL	NULL	NULL
CHEMBL4388921	NULL	NULL	NULL	NULL
CHEMBL4390915	NULL	NULL	NULL	NULL
CHEMBL4391984	NULL	NULL	NULL	NULL
CHEMBL4392036	NULL	NULL	NULL	NULL
CHEMBL4392494	NULL	NULL	NULL	NULL
CHEMBL4392583	NULL	NULL	NULL	NULL
CHEMBL4392943	NULL	NULL	NULL	NULL
CHEMBL4392959	NULL	NULL	NULL	NULL
CHEMBL4392960	NULL	NULL	NULL	NULL
CHEMBL4392961	NULL	NULL	NULL	NULL
CHEMBL4392962	NULL	NULL	NULL	NULL
CHEMBL4393244	NULL	NULL	NULL	NULL
CHEMBL4393834	NULL	NULL	NULL	NULL
CHEMBL4393835	NULL	NULL	NULL	NULL
CHEMBL4393837	NULL	NULL	NULL	NULL
CHEMBL4393839	NULL	NULL	NULL	NULL
CHEMBL4394243	NULL	NULL	NULL	NULL
CHEMBL4394729	CHO	CHO (Ovarian cells)	Cricetulus griseus	Ovarian cells
CHEMBL4394767	NULL	NULL	NULL	NULL
CHEMBL4394868	NULL	NULL	NULL	NULL
CHEMBL4394871	NULL	NULL	NULL	NULL
CHEMBL4395516	NULL	NULL	NULL	NULL
CHEMBL4395520	NULL	NULL	NULL	NULL
CHEMBL4395863	NULL	NULL	NULL	NULL
CHEMBL4396130	NULL	NULL	NULL	NULL
CHEMBL4396291	CHO	CHO (Ovarian cells)	Cricetulus griseus	Ovarian cells
CHEMBL4396475	CHO	CHO (Ovarian cells)	Cricetulus griseus	Ovarian cells
CHEMBL4396476	CHO	CHO (Ovarian cells)	Cricetulus griseus	Ovarian cells
CHEMBL4396793	HEK293	HEK293 (Embryonic kidney fibroblasts)	Homo sapiens	Embryonic kidney fibroblasts
CHEMBL4397249	NULL	NULL	NULL	NULL
CHEMBL4397934	CHO	CHO (Ovarian cells)	Cricetulus griseus	Ovarian cells
CHEMBL4399583	NULL	NULL	NULL	NULL
CHEMBL4400294	NULL	NULL	NULL	NULL
CHEMBL4401550	NULL	NULL	NULL	NULL
CHEMBL4401938	NULL	NULL	NULL	NULL
CHEMBL4402251	NULL	NULL	NULL	NULL
CHEMBL4402270	NULL	NULL	NULL	NULL
CHEMBL4402272	NULL	NULL	NULL	NULL
CHEMBL4402273	NULL	NULL	NULL	NULL
CHEMBL4403243	NULL	NULL	NULL	NULL
CHEMBL4403846	CHO	CHO (Ovarian cells)	Cricetulus griseus	Ovarian cells
CHEMBL4403945	CHO	CHO (Ovarian cells)	Cricetulus griseus	Ovarian cells
CHEMBL4404697	CHO	CHO (Ovarian cells)	Cricetulus griseus	Ovarian cells
CHEMBL4404882	HEK293	HEK293 (Embryonic kidney fibroblasts)	Homo sapiens	Embryonic kidney fibroblasts
CHEMBL4405100	NULL	NULL	NULL	NULL
CHEMBL4405759	HEK293	HEK293 (Embryonic kidney fibroblasts)	Homo sapiens	Embryonic kidney fibroblasts
CHEMBL4405959	NULL	NULL	NULL	NULL
CHEMBL4406249	NULL	NULL	NULL	NULL
CHEMBL4406698	NULL	NULL	NULL	NULL
CHEMBL4406769	HEK293	HEK293 (Embryonic kidney fibroblasts)	Homo sapiens	Embryonic kidney fibroblasts
CHEMBL4406929	NULL	NULL	NULL	NULL
CHEMBL4407146	NULL	NULL	NULL	NULL
CHEMBL4407343	HEK293	HEK293 (Embryonic kidney fibroblasts)	Homo sapiens	Embryonic kidney fibroblasts
CHEMBL4407435	NULL	NULL	NULL	NULL
CHEMBL4409081	HEK293	HEK293 (Embryonic kidney fibroblasts)	Homo sapiens	Embryonic kidney fibroblasts
CHEMBL4410390	HEK293	HEK293 (Embryonic kidney fibroblasts)	Homo sapiens	Embryonic kidney fibroblasts
CHEMBL4410497	NULL	NULL	NULL	NULL
CHEMBL4410909	NULL	NULL	NULL	NULL
CHEMBL4410921	HEK293	HEK293 (Embryonic kidney fibroblasts)	Homo sapiens	Embryonic kidney fibroblasts
CHEMBL4410994	CHO	CHO (Ovarian cells)	Cricetulus griseus	Ovarian cells
CHEMBL4410995	HEK293	HEK293 (Embryonic kidney fibroblasts)	Homo sapiens	Embryonic kidney fibroblasts
CHEMBL4412447	NULL	NULL	NULL	NULL
CHEMBL4412518	NULL	NULL	NULL	NULL
CHEMBL4413347	HEK293	HEK293 (Embryonic kidney fibroblasts)	Homo sapiens	Embryonic kidney fibroblasts
CHEMBL4413488	NULL	NULL	NULL	NULL
CHEMBL4413489	NULL	NULL	NULL	NULL
CHEMBL4413490	NULL	NULL	NULL	NULL
CHEMBL4413744	CHO	CHO (Ovarian cells)	Cricetulus griseus	Ovarian cells
CHEMBL4413821	NULL	NULL	NULL	NULL
CHEMBL4413880	NULL	NULL	NULL	NULL
CHEMBL4414026	NULL	NULL	NULL	NULL
CHEMBL4414110	NULL	NULL	NULL	NULL
CHEMBL4414124	NULL	NULL	NULL	NULL
CHEMBL4414323	NULL	NULL	NULL	NULL
CHEMBL4414831	NULL	NULL	NULL	NULL
CHEMBL4414860	NULL	NULL	NULL	NULL
CHEMBL4415570	NULL	NULL	NULL	NULL
CHEMBL4415858	HEK293	HEK293 (Embryonic kidney fibroblasts)	Homo sapiens	Embryonic kidney fibroblasts
CHEMBL4415876	HEK293	HEK293 (Embryonic kidney fibroblasts)	Homo sapiens	Embryonic kidney fibroblasts
CHEMBL4416173	CHO	CHO (Ovarian cells)	Cricetulus griseus	Ovarian cells
CHEMBL4416185	NULL	NULL	NULL	NULL
CHEMBL4416190	NULL	NULL	NULL	NULL
CHEMBL4416532	NULL	NULL	NULL	NULL
CHEMBL4416533	NULL	NULL	NULL	NULL
CHEMBL4416534	NULL	NULL	NULL	NULL
CHEMBL4416704	HEK293	HEK293 (Embryonic kidney fibroblasts)	Homo sapiens	Embryonic kidney fibroblasts
CHEMBL4416893	NULL	NULL	NULL	NULL
CHEMBL4418047	CHO	CHO (Ovarian cells)	Cricetulus griseus	Ovarian cells
CHEMBL4421204	NULL	NULL	NULL	NULL
CHEMBL4421243	NULL	NULL	NULL	NULL
CHEMBL4424241	NULL	NULL	NULL	NULL
CHEMBL4424245	NULL	NULL	NULL	NULL
CHEMBL4424285	HEK293	HEK293 (Embryonic kidney fibroblasts)	Homo sapiens	Embryonic kidney fibroblasts
CHEMBL4424286	HEK293	HEK293 (Embryonic kidney fibroblasts)	Homo sapiens	Embryonic kidney fibroblasts
CHEMBL4424287	HEK293	HEK293 (Embryonic kidney fibroblasts)	Homo sapiens	Embryonic kidney fibroblasts
CHEMBL4424288	HEK293	HEK293 (Embryonic kidney fibroblasts)	Homo sapiens	Embryonic kidney fibroblasts
CHEMBL4424856	HEK293	HEK293 (Embryonic kidney fibroblasts)	Homo sapiens	Embryonic kidney fibroblasts
CHEMBL4426267	NULL	NULL	NULL	NULL
CHEMBL4426368	HEK293	HEK293 (Embryonic kidney fibroblasts)	Homo sapiens	Embryonic kidney fibroblasts
CHEMBL4426446	NULL	NULL	NULL	NULL
CHEMBL4427201	NULL	NULL	NULL	NULL
CHEMBL4427261	NULL	NULL	NULL	NULL
CHEMBL4427468	NULL	NULL	NULL	NULL
CHEMBL4427471	NULL	NULL	NULL	NULL
CHEMBL4427519	NULL	NULL	NULL	NULL
CHEMBL4427523	NULL	NULL	NULL	NULL
CHEMBL4427524	NULL	NULL	NULL	NULL
CHEMBL4427621	NULL	NULL	NULL	NULL
CHEMBL4427809	HEK293	HEK293 (Embryonic kidney fibroblasts)	Homo sapiens	Embryonic kidney fibroblasts
CHEMBL4427858	NULL	NULL	NULL	NULL
CHEMBL4428776	HEK293	HEK293 (Embryonic kidney fibroblasts)	Homo sapiens	Embryonic kidney fibroblasts
CHEMBL4428884	HEK293	HEK293 (Embryonic kidney fibroblasts)	Homo sapiens	Embryonic kidney fibroblasts
CHEMBL4428885	HEK293	HEK293 (Embryonic kidney fibroblasts)	Homo sapiens	Embryonic kidney fibroblasts
CHEMBL4428917	HEK293	HEK293 (Embryonic kidney fibroblasts)	Homo sapiens	Embryonic kidney fibroblasts
CHEMBL4428920	HEK293	HEK293 (Embryonic kidney fibroblasts)	Homo sapiens	Embryonic kidney fibroblasts
CHEMBL4428924	HEK293	HEK293 (Embryonic kidney fibroblasts)	Homo sapiens	Embryonic kidney fibroblasts
CHEMBL4429410	NULL	NULL	NULL	NULL
CHEMBL4429473	NULL	NULL	NULL	NULL
CHEMBL4429529	CHO-K1	CHO-K1 (Ovarian cells)	Cricetulus griseus	Ovarian cells
CHEMBL4429890	HEK293	HEK293 (Embryonic kidney fibroblasts)	Homo sapiens	Embryonic kidney fibroblasts
CHEMBL4430051	HEK293	HEK293 (Embryonic kidney fibroblasts)	Homo sapiens	Embryonic kidney fibroblasts
CHEMBL4430311	CHO-K1	CHO-K1 (Ovarian cells)	Cricetulus griseus	Ovarian cells
CHEMBL4431053	HEK293	HEK293 (Embryonic kidney fibroblasts)	Homo sapiens	Embryonic kidney fibroblasts
CHEMBL4431079	HEK293	HEK293 (Embryonic kidney fibroblasts)	Homo sapiens	Embryonic kidney fibroblasts
CHEMBL4431080	HEK293	HEK293 (Embryonic kidney fibroblasts)	Homo sapiens	Embryonic kidney fibroblasts
CHEMBL4431081	HEK293	HEK293 (Embryonic kidney fibroblasts)	Homo sapiens	Embryonic kidney fibroblasts
CHEMBL4431163	CHO	CHO (Ovarian cells)	Cricetulus griseus	Ovarian cells
CHEMBL4431164	CHO	CHO (Ovarian cells)	Cricetulus griseus	Ovarian cells
CHEMBL4431166	CHO	CHO (Ovarian cells)	Cricetulus griseus	Ovarian cells
CHEMBL4431168	CHO	CHO (Ovarian cells)	Cricetulus griseus	Ovarian cells
CHEMBL4431791	NULL	NULL	NULL	NULL
CHEMBL4432005	NULL	NULL	NULL	NULL
CHEMBL4432076	NULL	NULL	NULL	NULL
CHEMBL4432123	NULL	NULL	NULL	NULL
CHEMBL4432469	HEK293	HEK293 (Embryonic kidney fibroblasts)	Homo sapiens	Embryonic kidney fibroblasts
CHEMBL4432866	HEK293	HEK293 (Embryonic kidney fibroblasts)	Homo sapiens	Embryonic kidney fibroblasts
CHEMBL4433046	NULL	NULL	NULL	NULL
CHEMBL4433272	HEK293	HEK293 (Embryonic kidney fibroblasts)	Homo sapiens	Embryonic kidney fibroblasts
CHEMBL4433274	NULL	NULL	NULL	NULL
CHEMBL4433285	CHO	CHO (Ovarian cells)	Cricetulus griseus	Ovarian cells
CHEMBL4433750	NULL	NULL	NULL	NULL
CHEMBL4433754	NULL	NULL	NULL	NULL
CHEMBL4434339	NULL	NULL	NULL	NULL
CHEMBL4478172	NULL	NULL	NULL	NULL
CHEMBL4478365	NULL	NULL	NULL	NULL
CHEMBL4478499	NULL	NULL	NULL	NULL
CHEMBL4478742	NULL	NULL	NULL	NULL
CHEMBL4478769	NULL	NULL	NULL	NULL
CHEMBL4479655	NULL	NULL	NULL	NULL
CHEMBL4480013	NULL	NULL	NULL	NULL
CHEMBL4480014	NULL	NULL	NULL	NULL
CHEMBL4481135	NULL	NULL	NULL	NULL
CHEMBL4481269	HEK293	HEK293 (Embryonic kidney fibroblasts)	Homo sapiens	Embryonic kidney fibroblasts
CHEMBL4481431	NULL	NULL	NULL	NULL
CHEMBL4481698	NULL	NULL	NULL	NULL
CHEMBL4481699	NULL	NULL	NULL	NULL
CHEMBL4481700	NULL	NULL	NULL	NULL
CHEMBL4481758	NULL	NULL	NULL	NULL
CHEMBL4603258	NULL	NULL	NULL	NULL
CHEMBL4603260	NULL	NULL	NULL	NULL
CHEMBL4603261	NULL	NULL	NULL	NULL
CHEMBL4604692	HEK293	HEK293 (Embryonic kidney fibroblasts)	Homo sapiens	Embryonic kidney fibroblasts
CHEMBL4604972	CHO	CHO (Ovarian cells)	Cricetulus griseus	Ovarian cells
CHEMBL4605025	NULL	NULL	NULL	NULL
CHEMBL4605419	NULL	NULL	NULL	NULL
CHEMBL4605420	NULL	NULL	NULL	NULL
CHEMBL4605421	HEK293	HEK293 (Embryonic kidney fibroblasts)	Homo sapiens	Embryonic kidney fibroblasts
CHEMBL4605422	NULL	NULL	NULL	NULL
CHEMBL4605568	NULL	NULL	NULL	NULL
CHEMBL4605642	NULL	NULL	NULL	NULL
CHEMBL4605649	NULL	NULL	NULL	NULL
CHEMBL4605767	NULL	NULL	NULL	NULL
CHEMBL4605858	CHO	CHO (Ovarian cells)	Cricetulus griseus	Ovarian cells
CHEMBL4605859	NULL	NULL	NULL	NULL
CHEMBL4605958	NULL	NULL	NULL	NULL
CHEMBL4606240	NULL	NULL	NULL	NULL
CHEMBL4606283	HEK293	HEK293 (Embryonic kidney fibroblasts)	Homo sapiens	Embryonic kidney fibroblasts
CHEMBL4606315	NULL	NULL	NULL	NULL
CHEMBL4606403	HEK293	HEK293 (Embryonic kidney fibroblasts)	Homo sapiens	Embryonic kidney fibroblasts
CHEMBL4606454	NULL	NULL	NULL	NULL
CHEMBL4606516	CHO-K1	CHO-K1 (Ovarian cells)	Cricetulus griseus	Ovarian cells
CHEMBL4610754	NULL	NULL	NULL	NULL
CHEMBL4610755	NULL	NULL	NULL	NULL
CHEMBL4610765	NULL	NULL	NULL	NULL
CHEMBL4610870	NULL	NULL	NULL	NULL
CHEMBL4611392	HEK293	HEK293 (Embryonic kidney fibroblasts)	Homo sapiens	Embryonic kidney fibroblasts
CHEMBL4611400	HEK293	HEK293 (Embryonic kidney fibroblasts)	Homo sapiens	Embryonic kidney fibroblasts
CHEMBL4611417	NULL	NULL	NULL	NULL
CHEMBL4611435	NULL	NULL	NULL	NULL
CHEMBL4612554	HEK293	HEK293 (Embryonic kidney fibroblasts)	Homo sapiens	Embryonic kidney fibroblasts
CHEMBL4612636	NULL	NULL	NULL	NULL
CHEMBL4612722	HEK293	HEK293 (Embryonic kidney fibroblasts)	Homo sapiens	Embryonic kidney fibroblasts
CHEMBL4612985	NULL	NULL	NULL	NULL
CHEMBL4613091	NULL	NULL	NULL	NULL
CHEMBL4613092	NULL	NULL	NULL	NULL
CHEMBL4613179	NULL	NULL	NULL	NULL
CHEMBL4614017	NULL	NULL	NULL	NULL
CHEMBL4614748	NULL	NULL	NULL	NULL
CHEMBL4615095	NULL	NULL	NULL	NULL
CHEMBL4615832	NULL	NULL	NULL	NULL
CHEMBL4615929	CHO-K1	CHO-K1 (Ovarian cells)	Cricetulus griseus	Ovarian cells
CHEMBL4616407	NULL	NULL	NULL	NULL
CHEMBL4616470	NULL	NULL	NULL	NULL
CHEMBL4616477	NULL	NULL	NULL	NULL
CHEMBL4616796	NULL	NULL	NULL	NULL
CHEMBL4617369	NULL	NULL	NULL	NULL
CHEMBL4617370	NULL	NULL	NULL	NULL
CHEMBL4617481	NULL	NULL	NULL	NULL
CHEMBL4617553	NULL	NULL	NULL	NULL
CHEMBL4618618	NULL	NULL	NULL	NULL
CHEMBL4618620	NULL	NULL	NULL	NULL
CHEMBL4618637	NULL	NULL	NULL	NULL
CHEMBL4619017	NULL	NULL	NULL	NULL
CHEMBL4619034	CHO-K1	CHO-K1 (Ovarian cells)	Cricetulus griseus	Ovarian cells
CHEMBL4619087	NULL	NULL	NULL	NULL
CHEMBL4619106	NULL	NULL	NULL	NULL
CHEMBL4619252	NULL	NULL	NULL	NULL
CHEMBL4619282	NULL	NULL	NULL	NULL
CHEMBL4619543	HEK293	HEK293 (Embryonic kidney fibroblasts)	Homo sapiens	Embryonic kidney fibroblasts
CHEMBL4619544	CHO-K1	CHO-K1 (Ovarian cells)	Cricetulus griseus	Ovarian cells
CHEMBL4619551	CHO-K1	CHO-K1 (Ovarian cells)	Cricetulus griseus	Ovarian cells
CHEMBL4619942	NULL	NULL	NULL	NULL
CHEMBL4620736	NULL	NULL	NULL	NULL
CHEMBL4620737	NULL	NULL	NULL	NULL
CHEMBL4621386	NULL	NULL	NULL	NULL
CHEMBL4621965	NULL	NULL	NULL	NULL
CHEMBL4622189	NULL	NULL	NULL	NULL
CHEMBL4622343	NULL	NULL	NULL	NULL
CHEMBL4622528	NULL	NULL	NULL	NULL
CHEMBL4622580	NULL	NULL	NULL	NULL
CHEMBL4622581	NULL	NULL	NULL	NULL
CHEMBL4623819	HEK293-A	HEK293-A	Homo sapiens	Embryonic kidney fibroblasts
CHEMBL4623822	NULL	NULL	NULL	NULL
CHEMBL4623835	CHO	CHO (Ovarian cells)	Cricetulus griseus	Ovarian cells
CHEMBL4623840	HEK293-A	HEK293-A	Homo sapiens	Embryonic kidney fibroblasts
CHEMBL4623842	HEK293	HEK293 (Embryonic kidney fibroblasts)	Homo sapiens	Embryonic kidney fibroblasts
CHEMBL4623843	HEK293	HEK293 (Embryonic kidney fibroblasts)	Homo sapiens	Embryonic kidney fibroblasts
CHEMBL4623844	HEK293	HEK293 (Embryonic kidney fibroblasts)	Homo sapiens	Embryonic kidney fibroblasts
CHEMBL4623849	CHO	CHO (Ovarian cells)	Cricetulus griseus	Ovarian cells
CHEMBL4623854	HEK293-A	HEK293-A	Homo sapiens	Embryonic kidney fibroblasts
CHEMBL4623856	HEK293	HEK293 (Embryonic kidney fibroblasts)	Homo sapiens	Embryonic kidney fibroblasts
CHEMBL4624053	NULL	NULL	NULL	NULL
CHEMBL4624241	NULL	NULL	NULL	NULL
CHEMBL4624348	NULL	NULL	NULL	NULL
CHEMBL4624402	NULL	NULL	NULL	NULL
CHEMBL4624483	CHO	CHO (Ovarian cells)	Cricetulus griseus	Ovarian cells
CHEMBL4625381	NULL	NULL	NULL	NULL
CHEMBL4626005	NULL	NULL	NULL	NULL
CHEMBL4626204	NULL	NULL	NULL	NULL
CHEMBL4626210	HEK293	HEK293 (Embryonic kidney fibroblasts)	Homo sapiens	Embryonic kidney fibroblasts
CHEMBL4627218	NULL	NULL	NULL	NULL
CHEMBL4628001	NULL	NULL	NULL	NULL
CHEMBL4628362	NULL	NULL	NULL	NULL
CHEMBL4629713	HEK293	HEK293 (Embryonic kidney fibroblasts)	Homo sapiens	Embryonic kidney fibroblasts
CHEMBL4629714	HEK293	HEK293 (Embryonic kidney fibroblasts)	Homo sapiens	Embryonic kidney fibroblasts
CHEMBL4629737	HEK293	HEK293 (Embryonic kidney fibroblasts)	Homo sapiens	Embryonic kidney fibroblasts
CHEMBL4629738	HEK293	HEK293 (Embryonic kidney fibroblasts)	Homo sapiens	Embryonic kidney fibroblasts
CHEMBL4629773	HEK293	HEK293 (Embryonic kidney fibroblasts)	Homo sapiens	Embryonic kidney fibroblasts
CHEMBL4629781	HEK293	HEK293 (Embryonic kidney fibroblasts)	Homo sapiens	Embryonic kidney fibroblasts
CHEMBL4629796	NULL	NULL	NULL	NULL
CHEMBL4629912	NULL	NULL	NULL	NULL
CHEMBL4630239	NULL	NULL	NULL	NULL
CHEMBL4630251	NULL	NULL	NULL	NULL
CHEMBL4630252	NULL	NULL	NULL	NULL
CHEMBL4630255	NULL	NULL	NULL	NULL
CHEMBL4630549	NULL	NULL	NULL	NULL
CHEMBL4666808	NULL	NULL	NULL	NULL
CHEMBL4667316	NULL	NULL	NULL	NULL
CHEMBL4667319	NULL	NULL	NULL	NULL
CHEMBL4667322	NULL	NULL	NULL	NULL
CHEMBL4667480	NULL	NULL	NULL	NULL
CHEMBL4667481	NULL	NULL	NULL	NULL
CHEMBL4667531	NULL	NULL	NULL	NULL
CHEMBL4667950	NULL	NULL	NULL	NULL
CHEMBL4668721	NULL	NULL	NULL	NULL
CHEMBL4668876	NULL	NULL	NULL	NULL
CHEMBL4668963	NULL	NULL	NULL	NULL
CHEMBL4669217	NULL	NULL	NULL	NULL
CHEMBL4669232	NULL	NULL	NULL	NULL
CHEMBL4669424	NULL	NULL	NULL	NULL
CHEMBL4669513	NULL	NULL	NULL	NULL
CHEMBL4669854	NULL	NULL	NULL	NULL
CHEMBL4669894	NULL	NULL	NULL	NULL
CHEMBL4670564	NULL	NULL	NULL	NULL
CHEMBL4670565	NULL	NULL	NULL	NULL
CHEMBL4670592	NULL	NULL	NULL	NULL
CHEMBL4670699	NULL	NULL	NULL	NULL
CHEMBL4671126	NULL	NULL	NULL	NULL
CHEMBL4671572	NULL	NULL	NULL	NULL
CHEMBL4671732	NULL	NULL	NULL	NULL
CHEMBL4672097	NULL	NULL	NULL	NULL
CHEMBL4672099	NULL	NULL	NULL	NULL
CHEMBL4672844	NULL	NULL	NULL	NULL
CHEMBL4673070	NULL	NULL	NULL	NULL
CHEMBL4673071	NULL	NULL	NULL	NULL
CHEMBL4673098	NULL	NULL	NULL	NULL
CHEMBL4673099	NULL	NULL	NULL	NULL
CHEMBL4673100	NULL	NULL	NULL	NULL
CHEMBL4675511	NULL	NULL	NULL	NULL
CHEMBL4675513	NULL	NULL	NULL	NULL
CHEMBL4675676	NULL	NULL	NULL	NULL
CHEMBL4676002	NULL	NULL	NULL	NULL
CHEMBL4676023	NULL	NULL	NULL	NULL
CHEMBL4676137	NULL	NULL	NULL	NULL
CHEMBL4676196	NULL	NULL	NULL	NULL
CHEMBL4676423	NULL	NULL	NULL	NULL
CHEMBL4676425	NULL	NULL	NULL	NULL
CHEMBL4676607	NULL	NULL	NULL	NULL
CHEMBL4676921	NULL	NULL	NULL	NULL
CHEMBL4677123	NULL	NULL	NULL	NULL
CHEMBL4677210	NULL	NULL	NULL	NULL
CHEMBL4677231	NULL	NULL	NULL	NULL
CHEMBL4677462	NULL	NULL	NULL	NULL
CHEMBL4678073	NULL	NULL	NULL	NULL
CHEMBL4678145	NULL	NULL	NULL	NULL
CHEMBL4678244	NULL	NULL	NULL	NULL
CHEMBL4678423	NULL	NULL	NULL	NULL
CHEMBL4678538	NULL	NULL	NULL	NULL
CHEMBL4679076	NULL	NULL	NULL	NULL
CHEMBL4679077	NULL	NULL	NULL	NULL
CHEMBL4679199	NULL	NULL	NULL	NULL
CHEMBL4679362	NULL	NULL	NULL	NULL
CHEMBL4679371	NULL	NULL	NULL	NULL
CHEMBL4679707	NULL	NULL	NULL	NULL
CHEMBL4679763	NULL	NULL	NULL	NULL
CHEMBL4679804	NULL	NULL	NULL	NULL
CHEMBL4679820	NULL	NULL	NULL	NULL
CHEMBL4679845	NULL	NULL	NULL	NULL
CHEMBL4679979	NULL	NULL	NULL	NULL
CHEMBL4680012	NULL	NULL	NULL	NULL
CHEMBL4680539	NULL	NULL	NULL	NULL
CHEMBL4680981	NULL	NULL	NULL	NULL
CHEMBL4680982	NULL	NULL	NULL	NULL
CHEMBL4681144	NULL	NULL	NULL	NULL
CHEMBL4681389	NULL	NULL	NULL	NULL
CHEMBL4681405	NULL	NULL	NULL	NULL
CHEMBL4681549	NULL	NULL	NULL	NULL
CHEMBL4681585	NULL	NULL	NULL	NULL
CHEMBL4681980	NULL	NULL	NULL	NULL
CHEMBL4683649	NULL	NULL	NULL	NULL
CHEMBL4683752	NULL	NULL	NULL	NULL
CHEMBL4684627	NULL	NULL	NULL	NULL
CHEMBL4685406	NULL	NULL	NULL	NULL
CHEMBL4685428	NULL	NULL	NULL	NULL
CHEMBL4685630	NULL	NULL	NULL	NULL
CHEMBL4687846	NULL	NULL	NULL	NULL
CHEMBL4688317	NULL	NULL	NULL	NULL
CHEMBL4689016	NULL	NULL	NULL	NULL
CHEMBL4689504	NULL	NULL	NULL	NULL
CHEMBL4689619	NULL	NULL	NULL	NULL
CHEMBL4689621	NULL	NULL	NULL	NULL
CHEMBL4689681	NULL	NULL	NULL	NULL
CHEMBL4700151	NULL	NULL	NULL	NULL
CHEMBL4700474	NULL	NULL	NULL	NULL
CHEMBL4700475	NULL	NULL	NULL	NULL
CHEMBL4700514	NULL	NULL	NULL	NULL
CHEMBL4700515	NULL	NULL	NULL	NULL
CHEMBL4700516	NULL	NULL	NULL	NULL
CHEMBL4700775	NULL	NULL	NULL	NULL
CHEMBL4701061	NULL	NULL	NULL	NULL
CHEMBL4701153	NULL	NULL	NULL	NULL
CHEMBL4701231	NULL	NULL	NULL	NULL
CHEMBL4701493	NULL	NULL	NULL	NULL
CHEMBL4701519	NULL	NULL	NULL	NULL
CHEMBL4701598	NULL	NULL	NULL	NULL
CHEMBL4701757	NULL	NULL	NULL	NULL
CHEMBL4701758	NULL	NULL	NULL	NULL
CHEMBL4701843	NULL	NULL	NULL	NULL
CHEMBL4701902	NULL	NULL	NULL	NULL
CHEMBL4703153	NULL	NULL	NULL	NULL
CHEMBL4703517	NULL	NULL	NULL	NULL
CHEMBL4703538	NULL	NULL	NULL	NULL
CHEMBL4703550	NULL	NULL	NULL	NULL
CHEMBL4703601	NULL	NULL	NULL	NULL
CHEMBL4704019	NULL	NULL	NULL	NULL
CHEMBL4704172	NULL	NULL	NULL	NULL
CHEMBL4704175	NULL	NULL	NULL	NULL
CHEMBL4704178	NULL	NULL	NULL	NULL
CHEMBL4704179	NULL	NULL	NULL	NULL
CHEMBL4704182	NULL	NULL	NULL	NULL
CHEMBL4704286	NULL	NULL	NULL	NULL
CHEMBL4704384	NULL	NULL	NULL	NULL
CHEMBL4705420	NULL	NULL	NULL	NULL
CHEMBL4705679	NULL	NULL	NULL	NULL
CHEMBL4705760	NULL	NULL	NULL	NULL
CHEMBL4705969	NULL	NULL	NULL	NULL
CHEMBL4706009	NULL	NULL	NULL	NULL
CHEMBL4706261	NULL	NULL	NULL	NULL
CHEMBL4706322	NULL	NULL	NULL	NULL
CHEMBL4706357	NULL	NULL	NULL	NULL
CHEMBL4706796	NULL	NULL	NULL	NULL
CHEMBL4706924	NULL	NULL	NULL	NULL
CHEMBL4706939	NULL	NULL	NULL	NULL
CHEMBL4706986	NULL	NULL	NULL	NULL
CHEMBL4706987	NULL	NULL	NULL	NULL
CHEMBL4706990	NULL	NULL	NULL	NULL
CHEMBL4706993	NULL	NULL	NULL	NULL
CHEMBL4706994	NULL	NULL	NULL	NULL
CHEMBL4707280	NULL	NULL	NULL	NULL
CHEMBL4707416	NULL	NULL	NULL	NULL
CHEMBL4707425	NULL	NULL	NULL	NULL
CHEMBL4707426	NULL	NULL	NULL	NULL
CHEMBL4707427	NULL	NULL	NULL	NULL
CHEMBL4707513	NULL	NULL	NULL	NULL
CHEMBL4709255	NULL	NULL	NULL	NULL
CHEMBL4709270	NULL	NULL	NULL	NULL
CHEMBL4709471	NULL	NULL	NULL	NULL
CHEMBL4709848	NULL	NULL	NULL	NULL
CHEMBL4712777	NULL	NULL	NULL	NULL
CHEMBL4712828	NULL	NULL	NULL	NULL
CHEMBL4712956	NULL	NULL	NULL	NULL
CHEMBL4714168	NULL	NULL	NULL	NULL
CHEMBL4714207	NULL	NULL	NULL	NULL
CHEMBL4714257	NULL	NULL	NULL	NULL
CHEMBL4714789	NULL	NULL	NULL	NULL
CHEMBL4714790	NULL	NULL	NULL	NULL
CHEMBL4714791	NULL	NULL	NULL	NULL
CHEMBL4714792	NULL	NULL	NULL	NULL
CHEMBL4714993	NULL	NULL	NULL	NULL
CHEMBL4715201	NULL	NULL	NULL	NULL
CHEMBL4715413	NULL	NULL	NULL	NULL
CHEMBL4715414	NULL	NULL	NULL	NULL
CHEMBL4715665	NULL	NULL	NULL	NULL
CHEMBL4716871	NULL	NULL	NULL	NULL
CHEMBL4717446	NULL	NULL	NULL	NULL
CHEMBL4717568	NULL	NULL	NULL	NULL
CHEMBL4718826	NULL	NULL	NULL	NULL
CHEMBL4719471	NULL	NULL	NULL	NULL
CHEMBL4719894	NULL	NULL	NULL	NULL
CHEMBL4720165	NULL	NULL	NULL	NULL
CHEMBL4720270	NULL	NULL	NULL	NULL
CHEMBL4721269	NULL	NULL	NULL	NULL
CHEMBL4721729	NULL	NULL	NULL	NULL
CHEMBL4722404	NULL	NULL	NULL	NULL
CHEMBL4722405	NULL	NULL	NULL	NULL
CHEMBL4722406	NULL	NULL	NULL	NULL
CHEMBL4723228	NULL	NULL	NULL	NULL
CHEMBL4723905	NULL	NULL	NULL	NULL
CHEMBL4724420	NULL	NULL	NULL	NULL
CHEMBL4724812	NULL	NULL	NULL	NULL
CHEMBL4724814	NULL	NULL	NULL	NULL
CHEMBL4724824	NULL	NULL	NULL	NULL
CHEMBL4724830	NULL	NULL	NULL	NULL
CHEMBL4725052	NULL	NULL	NULL	NULL
CHEMBL4726747	NULL	NULL	NULL	NULL
CHEMBL4727232	NULL	NULL	NULL	NULL
CHEMBL4727371	NULL	NULL	NULL	NULL
CHEMBL4728068	NULL	NULL	NULL	NULL
CHEMBL4728563	NULL	NULL	NULL	NULL
CHEMBL4728777	NULL	NULL	NULL	NULL
CHEMBL4729288	NULL	NULL	NULL	NULL
CHEMBL4729407	NULL	NULL	NULL	NULL
CHEMBL4729408	NULL	NULL	NULL	NULL
CHEMBL4729409	NULL	NULL	NULL	NULL
CHEMBL4729412	NULL	NULL	NULL	NULL
CHEMBL4729806	NULL	NULL	NULL	NULL
CHEMBL4730058	NULL	NULL	NULL	NULL
CHEMBL4730753	NULL	NULL	NULL	NULL
CHEMBL4731399	NULL	NULL	NULL	NULL
CHEMBL4731898	NULL	NULL	NULL	NULL
CHEMBL4731940	NULL	NULL	NULL	NULL
CHEMBL4732339	NULL	NULL	NULL	NULL
CHEMBL4732703	NULL	NULL	NULL	NULL
CHEMBL4733228	NULL	NULL	NULL	NULL
CHEMBL4733892	NULL	NULL	NULL	NULL
CHEMBL4734890	NULL	NULL	NULL	NULL
CHEMBL4734891	NULL	NULL	NULL	NULL
CHEMBL4734892	NULL	NULL	NULL	NULL
CHEMBL4734893	NULL	NULL	NULL	NULL
CHEMBL4734894	NULL	NULL	NULL	NULL
CHEMBL4734895	NULL	NULL	NULL	NULL
CHEMBL4734905	NULL	NULL	NULL	NULL
CHEMBL4734906	NULL	NULL	NULL	NULL
CHEMBL4734907	NULL	NULL	NULL	NULL
CHEMBL4734908	NULL	NULL	NULL	NULL
CHEMBL4734909	NULL	NULL	NULL	NULL
CHEMBL4734910	NULL	NULL	NULL	NULL
CHEMBL4735502	NULL	NULL	NULL	NULL
CHEMBL4735622	NULL	NULL	NULL	NULL
CHEMBL4735623	NULL	NULL	NULL	NULL
CHEMBL4735919	NULL	NULL	NULL	NULL
CHEMBL4735920	NULL	NULL	NULL	NULL
CHEMBL4736144	NULL	NULL	NULL	NULL
CHEMBL4736317	NULL	NULL	NULL	NULL
CHEMBL4737759	NULL	NULL	NULL	NULL
CHEMBL4737841	NULL	NULL	NULL	NULL
CHEMBL4739122	NULL	NULL	NULL	NULL
CHEMBL4739474	NULL	NULL	NULL	NULL
CHEMBL4739475	NULL	NULL	NULL	NULL
CHEMBL4742499	NULL	NULL	NULL	NULL
CHEMBL4765911	NULL	NULL	NULL	NULL
CHEMBL4765969	NULL	NULL	NULL	NULL
CHEMBL4765970	NULL	NULL	NULL	NULL
CHEMBL4765973	NULL	NULL	NULL	NULL
CHEMBL4765977	NULL	NULL	NULL	NULL
CHEMBL4765978	NULL	NULL	NULL	NULL
CHEMBL4765996	NULL	NULL	NULL	NULL
CHEMBL4765997	NULL	NULL	NULL	NULL
CHEMBL4765998	NULL	NULL	NULL	NULL
CHEMBL4766000	NULL	NULL	NULL	NULL
CHEMBL4766115	NULL	NULL	NULL	NULL
CHEMBL4766130	NULL	NULL	NULL	NULL
CHEMBL4766286	NULL	NULL	NULL	NULL
CHEMBL4766385	NULL	NULL	NULL	NULL
CHEMBL4766428	NULL	NULL	NULL	NULL
CHEMBL4768824	NULL	NULL	NULL	NULL
CHEMBL4769576	NULL	NULL	NULL	NULL
CHEMBL4769893	NULL	NULL	NULL	NULL
CHEMBL4769894	NULL	NULL	NULL	NULL
CHEMBL4769895	NULL	NULL	NULL	NULL
CHEMBL4769896	NULL	NULL	NULL	NULL
CHEMBL4769897	NULL	NULL	NULL	NULL
CHEMBL4769898	NULL	NULL	NULL	NULL
CHEMBL4769899	NULL	NULL	NULL	NULL
CHEMBL4769900	NULL	NULL	NULL	NULL
CHEMBL4769901	NULL	NULL	NULL	NULL
CHEMBL4769902	NULL	NULL	NULL	NULL
CHEMBL4769903	NULL	NULL	NULL	NULL
CHEMBL4769904	NULL	NULL	NULL	NULL
CHEMBL4769905	NULL	NULL	NULL	NULL
CHEMBL4769906	NULL	NULL	NULL	NULL
CHEMBL4769907	NULL	NULL	NULL	NULL
CHEMBL4769908	NULL	NULL	NULL	NULL
CHEMBL4769909	NULL	NULL	NULL	NULL
CHEMBL4769910	NULL	NULL	NULL	NULL
CHEMBL4769911	NULL	NULL	NULL	NULL
CHEMBL4769912	NULL	NULL	NULL	NULL
CHEMBL4769913	NULL	NULL	NULL	NULL
CHEMBL4769914	NULL	NULL	NULL	NULL
CHEMBL4769915	NULL	NULL	NULL	NULL
CHEMBL4769916	NULL	NULL	NULL	NULL
CHEMBL4769917	NULL	NULL	NULL	NULL
CHEMBL4769918	NULL	NULL	NULL	NULL
CHEMBL4769919	NULL	NULL	NULL	NULL
CHEMBL4769920	NULL	NULL	NULL	NULL
CHEMBL4769921	NULL	NULL	NULL	NULL
CHEMBL4769922	NULL	NULL	NULL	NULL
CHEMBL4769923	NULL	NULL	NULL	NULL
CHEMBL4770548	NULL	NULL	NULL	NULL
CHEMBL4770549	NULL	NULL	NULL	NULL
CHEMBL4770609	NULL	NULL	NULL	NULL
CHEMBL4773475	NULL	NULL	NULL	NULL
CHEMBL4774139	NULL	NULL	NULL	NULL
CHEMBL4774539	NULL	NULL	NULL	NULL
CHEMBL4774973	NULL	NULL	NULL	NULL
CHEMBL4775122	NULL	NULL	NULL	NULL
CHEMBL4775388	NULL	NULL	NULL	NULL
CHEMBL4775409	NULL	NULL	NULL	NULL
CHEMBL4775647	NULL	NULL	NULL	NULL
CHEMBL4775892	NULL	NULL	NULL	NULL
CHEMBL4807664	NULL	NULL	NULL	NULL
CHEMBL4807665	NULL	NULL	NULL	NULL
CHEMBL4807666	NULL	NULL	NULL	NULL
CHEMBL4807667	NULL	NULL	NULL	NULL
CHEMBL4808269	NULL	NULL	NULL	NULL
CHEMBL4808322	NULL	NULL	NULL	NULL
CHEMBL4808721	NULL	NULL	NULL	NULL
CHEMBL4809364	NULL	NULL	NULL	NULL
CHEMBL4809365	NULL	NULL	NULL	NULL
CHEMBL4809366	NULL	NULL	NULL	NULL
CHEMBL4809367	NULL	NULL	NULL	NULL
CHEMBL4809369	NULL	NULL	NULL	NULL
CHEMBL4809418	NULL	NULL	NULL	NULL
CHEMBL4809419	NULL	NULL	NULL	NULL
CHEMBL4809422	NULL	NULL	NULL	NULL
CHEMBL4810166	NULL	NULL	NULL	NULL
CHEMBL4810220	NULL	NULL	NULL	NULL
CHEMBL4810281	NULL	NULL	NULL	NULL
CHEMBL4810581	NULL	NULL	NULL	NULL
CHEMBL4810591	NULL	NULL	NULL	NULL
CHEMBL4810688	NULL	NULL	NULL	NULL
CHEMBL4810689	NULL	NULL	NULL	NULL
CHEMBL4810690	NULL	NULL	NULL	NULL
CHEMBL4810691	NULL	NULL	NULL	NULL
CHEMBL4810712	NULL	NULL	NULL	NULL
CHEMBL4810713	NULL	NULL	NULL	NULL
CHEMBL4811862	NULL	NULL	NULL	NULL
CHEMBL4811872	NULL	NULL	NULL	NULL
CHEMBL4812459	NULL	NULL	NULL	NULL
CHEMBL4812667	NULL	NULL	NULL	NULL
CHEMBL4812957	NULL	NULL	NULL	NULL
CHEMBL4813111	NULL	NULL	NULL	NULL
CHEMBL4813123	NULL	NULL	NULL	NULL
CHEMBL4813130	NULL	NULL	NULL	NULL
CHEMBL4813131	NULL	NULL	NULL	NULL
CHEMBL4813132	NULL	NULL	NULL	NULL
CHEMBL4813155	NULL	NULL	NULL	NULL
CHEMBL4813156	NULL	NULL	NULL	NULL
CHEMBL4813160	NULL	NULL	NULL	NULL
CHEMBL4813164	NULL	NULL	NULL	NULL
CHEMBL4813173	NULL	NULL	NULL	NULL
CHEMBL4813174	NULL	NULL	NULL	NULL
CHEMBL4813175	NULL	NULL	NULL	NULL
CHEMBL4813178	NULL	NULL	NULL	NULL
CHEMBL4815572	NULL	NULL	NULL	NULL
CHEMBL4817039	NULL	NULL	NULL	NULL
CHEMBL4817115	NULL	NULL	NULL	NULL
CHEMBL4817671	NULL	NULL	NULL	NULL
CHEMBL4818032	NULL	NULL	NULL	NULL
CHEMBL4818301	NULL	NULL	NULL	NULL
CHEMBL4818827	NULL	NULL	NULL	NULL
CHEMBL4818897	NULL	NULL	NULL	NULL
CHEMBL4820317	NULL	NULL	NULL	NULL
CHEMBL4820822	NULL	NULL	NULL	NULL
CHEMBL4821061	NULL	NULL	NULL	NULL
CHEMBL4821175	NULL	NULL	NULL	NULL
CHEMBL4822033	NULL	NULL	NULL	NULL
CHEMBL4822034	NULL	NULL	NULL	NULL
CHEMBL4822035	NULL	NULL	NULL	NULL
CHEMBL4822453	NULL	NULL	NULL	NULL
CHEMBL4822454	NULL	NULL	NULL	NULL
CHEMBL4822455	NULL	NULL	NULL	NULL
CHEMBL4823546	NULL	NULL	NULL	NULL
CHEMBL4823547	NULL	NULL	NULL	NULL
CHEMBL4823916	NULL	NULL	NULL	NULL
CHEMBL4824897	NULL	NULL	NULL	NULL
CHEMBL4824898	NULL	NULL	NULL	NULL
CHEMBL4824899	NULL	NULL	NULL	NULL
CHEMBL4825319	NULL	NULL	NULL	NULL
CHEMBL4825323	NULL	NULL	NULL	NULL
CHEMBL4825561	NULL	NULL	NULL	NULL
CHEMBL4825564	NULL	NULL	NULL	NULL
CHEMBL4825629	NULL	NULL	NULL	NULL
CHEMBL4826208	NULL	NULL	NULL	NULL
CHEMBL4826209	NULL	NULL	NULL	NULL
CHEMBL4826701	NULL	NULL	NULL	NULL
CHEMBL4826990	NULL	NULL	NULL	NULL
CHEMBL4827100	NULL	NULL	NULL	NULL
CHEMBL4827376	NULL	NULL	NULL	NULL
CHEMBL4827377	NULL	NULL	NULL	NULL
CHEMBL4827378	NULL	NULL	NULL	NULL
CHEMBL4827648	NULL	NULL	NULL	NULL
CHEMBL4827649	NULL	NULL	NULL	NULL
CHEMBL4827723	NULL	NULL	NULL	NULL
CHEMBL4827861	NULL	NULL	NULL	NULL
CHEMBL4827914	NULL	NULL	NULL	NULL
CHEMBL4827915	NULL	NULL	NULL	NULL
CHEMBL4828201	NULL	NULL	NULL	NULL
CHEMBL4828449	NULL	NULL	NULL	NULL
CHEMBL4828532	NULL	NULL	NULL	NULL
CHEMBL4828916	NULL	NULL	NULL	NULL
CHEMBL4829566	NULL	NULL	NULL	NULL
CHEMBL4829567	NULL	NULL	NULL	NULL
CHEMBL4829568	NULL	NULL	NULL	NULL
CHEMBL4829569	NULL	NULL	NULL	NULL
CHEMBL4829570	NULL	NULL	NULL	NULL
CHEMBL4829594	NULL	NULL	NULL	NULL
CHEMBL4830030	NULL	NULL	NULL	NULL
CHEMBL4830615	NULL	NULL	NULL	NULL
CHEMBL4830698	NULL	NULL	NULL	NULL
CHEMBL4830699	NULL	NULL	NULL	NULL
CHEMBL4831270	NULL	NULL	NULL	NULL
CHEMBL4831396	NULL	NULL	NULL	NULL
CHEMBL4831696	NULL	NULL	NULL	NULL
CHEMBL4831757	NULL	NULL	NULL	NULL
CHEMBL4832310	NULL	NULL	NULL	NULL
CHEMBL4832311	NULL	NULL	NULL	NULL
CHEMBL4832854	NULL	NULL	NULL	NULL
CHEMBL4833086	NULL	NULL	NULL	NULL
CHEMBL4833401	NULL	NULL	NULL	NULL
CHEMBL4833704	NULL	NULL	NULL	NULL
CHEMBL4833974	NULL	NULL	NULL	NULL
CHEMBL4834166	NULL	NULL	NULL	NULL
CHEMBL4834317	NULL	NULL	NULL	NULL
CHEMBL4834318	NULL	NULL	NULL	NULL
CHEMBL4834375	NULL	NULL	NULL	NULL
CHEMBL4834663	NULL	NULL	NULL	NULL
CHEMBL4834685	NULL	NULL	NULL	NULL
CHEMBL4834687	NULL	NULL	NULL	NULL
CHEMBL4834689	NULL	NULL	NULL	NULL
CHEMBL4835111	NULL	NULL	NULL	NULL
CHEMBL4835203	NULL	NULL	NULL	NULL
CHEMBL4835312	NULL	NULL	NULL	NULL
CHEMBL4835480	NULL	NULL	NULL	NULL
CHEMBL4835481	NULL	NULL	NULL	NULL
CHEMBL4835482	NULL	NULL	NULL	NULL
CHEMBL4835850	NULL	NULL	NULL	NULL
CHEMBL4836048	NULL	NULL	NULL	NULL
CHEMBL4836049	NULL	NULL	NULL	NULL
CHEMBL4836099	NULL	NULL	NULL	NULL
CHEMBL4836570	NULL	NULL	NULL	NULL
CHEMBL4836980	NULL	NULL	NULL	NULL
CHEMBL4837020	NULL	NULL	NULL	NULL
CHEMBL4837693	NULL	NULL	NULL	NULL
CHEMBL4839020	NULL	NULL	NULL	NULL
CHEMBL4839289	NULL	NULL	NULL	NULL
CHEMBL4839358	NULL	NULL	NULL	NULL
CHEMBL4839360	NULL	NULL	NULL	NULL
CHEMBL4839361	NULL	NULL	NULL	NULL
CHEMBL4839391	NULL	NULL	NULL	NULL
CHEMBL4839646	NULL	NULL	NULL	NULL
CHEMBL4839718	NULL	NULL	NULL	NULL
CHEMBL4839870	NULL	NULL	NULL	NULL
CHEMBL4840017	NULL	NULL	NULL	NULL
CHEMBL4840058	NULL	NULL	NULL	NULL
CHEMBL4840059	NULL	NULL	NULL	NULL
CHEMBL4840060	NULL	NULL	NULL	NULL
CHEMBL4840061	NULL	NULL	NULL	NULL
CHEMBL4840062	NULL	NULL	NULL	NULL
CHEMBL4840063	NULL	NULL	NULL	NULL
CHEMBL4840064	NULL	NULL	NULL	NULL
CHEMBL4840065	NULL	NULL	NULL	NULL
CHEMBL4840124	NULL	NULL	NULL	NULL
CHEMBL4840588	NULL	NULL	NULL	NULL
CHEMBL4841563	NULL	NULL	NULL	NULL
CHEMBL4841576	NULL	NULL	NULL	NULL
CHEMBL4841581	NULL	NULL	NULL	NULL
CHEMBL4841815	NULL	NULL	NULL	NULL
CHEMBL4842058	NULL	NULL	NULL	NULL
CHEMBL4842131	NULL	NULL	NULL	NULL
CHEMBL4842280	NULL	NULL	NULL	NULL
CHEMBL4843250	NULL	NULL	NULL	NULL
CHEMBL4843252	NULL	NULL	NULL	NULL
CHEMBL4843253	NULL	NULL	NULL	NULL
CHEMBL4843281	NULL	NULL	NULL	NULL
CHEMBL4843290	NULL	NULL	NULL	NULL
CHEMBL4843291	NULL	NULL	NULL	NULL
CHEMBL4843604	NULL	NULL	NULL	NULL
CHEMBL4843627	NULL	NULL	NULL	NULL
CHEMBL4843634	NULL	NULL	NULL	NULL
CHEMBL4843635	NULL	NULL	NULL	NULL
CHEMBL4844342	NULL	NULL	NULL	NULL
CHEMBL4844548	NULL	NULL	NULL	NULL
CHEMBL4844694	NULL	NULL	NULL	NULL
CHEMBL4844934	NULL	NULL	NULL	NULL
CHEMBL4844935	NULL	NULL	NULL	NULL
CHEMBL4845081	NULL	NULL	NULL	NULL
CHEMBL4845082	NULL	NULL	NULL	NULL
CHEMBL4845170	NULL	NULL	NULL	NULL
CHEMBL4845171	NULL	NULL	NULL	NULL
CHEMBL4845470	NULL	NULL	NULL	NULL
CHEMBL4845530	NULL	NULL	NULL	NULL
CHEMBL4845604	NULL	NULL	NULL	NULL
CHEMBL4880791	NULL	NULL	NULL	NULL
CHEMBL4880792	NULL	NULL	NULL	NULL
CHEMBL4880831	NULL	NULL	NULL	NULL
CHEMBL4880904	NULL	NULL	NULL	NULL
CHEMBL4881636	NULL	NULL	NULL	NULL
CHEMBL4881648	NULL	NULL	NULL	NULL
CHEMBL4881706	NULL	NULL	NULL	NULL
CHEMBL4881707	NULL	NULL	NULL	NULL
CHEMBL4881709	NULL	NULL	NULL	NULL
CHEMBL4881819	NULL	NULL	NULL	NULL
CHEMBL4881820	NULL	NULL	NULL	NULL
CHEMBL4881844	NULL	NULL	NULL	NULL
CHEMBL4882199	NULL	NULL	NULL	NULL
CHEMBL4882201	NULL	NULL	NULL	NULL
CHEMBL4882251	NULL	NULL	NULL	NULL
CHEMBL4882252	NULL	NULL	NULL	NULL
CHEMBL4882277	NULL	NULL	NULL	NULL
CHEMBL4882324	NULL	NULL	NULL	NULL
CHEMBL4882325	NULL	NULL	NULL	NULL
CHEMBL4882349	NULL	NULL	NULL	NULL
CHEMBL4882388	NULL	NULL	NULL	NULL
CHEMBL4882397	NULL	NULL	NULL	NULL
CHEMBL4882497	NULL	NULL	NULL	NULL
CHEMBL4882498	NULL	NULL	NULL	NULL
CHEMBL4882500	NULL	NULL	NULL	NULL
CHEMBL4882501	NULL	NULL	NULL	NULL
CHEMBL4885564	NULL	NULL	NULL	NULL
CHEMBL4885575	NULL	NULL	NULL	NULL
CHEMBL4885611	NULL	NULL	NULL	NULL
CHEMBL4885622	NULL	NULL	NULL	NULL
CHEMBL4886920	NULL	NULL	NULL	NULL
CHEMBL4887066	NULL	NULL	NULL	NULL
CHEMBL4887067	NULL	NULL	NULL	NULL
CHEMBL4887069	NULL	NULL	NULL	NULL
CHEMBL4887183	NULL	NULL	NULL	NULL
CHEMBL4887184	NULL	NULL	NULL	NULL
CHEMBL4887186	NULL	NULL	NULL	NULL
CHEMBL4887696	NULL	NULL	NULL	NULL
CHEMBL4887724	NULL	NULL	NULL	NULL
CHEMBL4888259	NULL	NULL	NULL	NULL
CHEMBL5029597	NULL	NULL	NULL	NULL
CHEMBL5029766	NULL	NULL	NULL	NULL
CHEMBL5029767	NULL	NULL	NULL	NULL
CHEMBL5030052	NULL	NULL	NULL	NULL
CHEMBL5030399	NULL	NULL	NULL	NULL
CHEMBL5031704	NULL	NULL	NULL	NULL
CHEMBL5031795	NULL	NULL	NULL	NULL
CHEMBL5031859	NULL	NULL	NULL	NULL
CHEMBL5032179	NULL	NULL	NULL	NULL
CHEMBL5032808	NULL	NULL	NULL	NULL
CHEMBL5032997	NULL	NULL	NULL	NULL
CHEMBL5033131	NULL	NULL	NULL	NULL
CHEMBL5033222	NULL	NULL	NULL	NULL
CHEMBL5033455	NULL	NULL	NULL	NULL
CHEMBL5033711	NULL	NULL	NULL	NULL
CHEMBL5034164	NULL	NULL	NULL	NULL
CHEMBL5034211	NULL	NULL	NULL	NULL
CHEMBL5034278	NULL	NULL	NULL	NULL
CHEMBL5034487	NULL	NULL	NULL	NULL
CHEMBL5034529	NULL	NULL	NULL	NULL
CHEMBL5034585	NULL	NULL	NULL	NULL
CHEMBL5034586	NULL	NULL	NULL	NULL
CHEMBL5034587	NULL	NULL	NULL	NULL
CHEMBL5034690	NULL	NULL	NULL	NULL
CHEMBL5035159	NULL	NULL	NULL	NULL
CHEMBL5035505	NULL	NULL	NULL	NULL
CHEMBL5035695	NULL	NULL	NULL	NULL
CHEMBL5035696	NULL	NULL	NULL	NULL
CHEMBL5035879	NULL	NULL	NULL	NULL
CHEMBL5035880	NULL	NULL	NULL	NULL
CHEMBL5035903	NULL	NULL	NULL	NULL
CHEMBL5036157	NULL	NULL	NULL	NULL
CHEMBL5036234	NULL	NULL	NULL	NULL
CHEMBL5036235	NULL	NULL	NULL	NULL
CHEMBL5036401	NULL	NULL	NULL	NULL
CHEMBL5036402	NULL	NULL	NULL	NULL
CHEMBL5036625	NULL	NULL	NULL	NULL
CHEMBL5036685	NULL	NULL	NULL	NULL
CHEMBL5036958	NULL	NULL	NULL	NULL
CHEMBL5037161	NULL	NULL	NULL	NULL
CHEMBL5037162	NULL	NULL	NULL	NULL
CHEMBL5037163	NULL	NULL	NULL	NULL
CHEMBL5037534	NULL	NULL	NULL	NULL
CHEMBL5037585	NULL	NULL	NULL	NULL
CHEMBL5037696	NULL	NULL	NULL	NULL
CHEMBL5037926	NULL	NULL	NULL	NULL
CHEMBL5038061	NULL	NULL	NULL	NULL
CHEMBL5038079	NULL	NULL	NULL	NULL
CHEMBL5038080	NULL	NULL	NULL	NULL
CHEMBL5038081	NULL	NULL	NULL	NULL
CHEMBL5038083	NULL	NULL	NULL	NULL
CHEMBL5038084	NULL	NULL	NULL	NULL
CHEMBL5038087	NULL	NULL	NULL	NULL
CHEMBL5038401	NULL	NULL	NULL	NULL
CHEMBL5038533	NULL	NULL	NULL	NULL
CHEMBL5039199	NULL	NULL	NULL	NULL
CHEMBL5039207	NULL	NULL	NULL	NULL
CHEMBL5039672	NULL	NULL	NULL	NULL
CHEMBL5039908	NULL	NULL	NULL	NULL
CHEMBL5039956	NULL	NULL	NULL	NULL
CHEMBL5039957	NULL	NULL	NULL	NULL
CHEMBL5039967	NULL	NULL	NULL	NULL
CHEMBL5040744	NULL	NULL	NULL	NULL
CHEMBL5040801	NULL	NULL	NULL	NULL
CHEMBL5041052	NULL	NULL	NULL	NULL
CHEMBL5041214	NULL	NULL	NULL	NULL
CHEMBL5041215	NULL	NULL	NULL	NULL
CHEMBL5041216	NULL	NULL	NULL	NULL
CHEMBL5041658	NULL	NULL	NULL	NULL
CHEMBL5041659	NULL	NULL	NULL	NULL
CHEMBL5041660	NULL	NULL	NULL	NULL
CHEMBL5041721	NULL	NULL	NULL	NULL
CHEMBL5041728	NULL	NULL	NULL	NULL
CHEMBL5042052	NULL	NULL	NULL	NULL
CHEMBL5042354	NULL	NULL	NULL	NULL
CHEMBL5042359	NULL	NULL	NULL	NULL
CHEMBL5042445	NULL	NULL	NULL	NULL
CHEMBL5042780	NULL	NULL	NULL	NULL
CHEMBL5042821	NULL	NULL	NULL	NULL
CHEMBL5043022	NULL	NULL	NULL	NULL
CHEMBL5043275	NULL	NULL	NULL	NULL
CHEMBL5043276	NULL	NULL	NULL	NULL
CHEMBL5043281	NULL	NULL	NULL	NULL
CHEMBL5043282	NULL	NULL	NULL	NULL
CHEMBL5043389	NULL	NULL	NULL	NULL
CHEMBL5043587	NULL	NULL	NULL	NULL
CHEMBL5043763	NULL	NULL	NULL	NULL
CHEMBL5043764	NULL	NULL	NULL	NULL
CHEMBL5044152	NULL	NULL	NULL	NULL
CHEMBL5044862	NULL	NULL	NULL	NULL
CHEMBL5045627	NULL	NULL	NULL	NULL
CHEMBL5045648	NULL	NULL	NULL	NULL
CHEMBL5046094	NULL	NULL	NULL	NULL
CHEMBL5046103	NULL	NULL	NULL	NULL
CHEMBL5046649	NULL	NULL	NULL	NULL
CHEMBL5046760	NULL	NULL	NULL	NULL
CHEMBL5047355	NULL	NULL	NULL	NULL
CHEMBL5047399	NULL	NULL	NULL	NULL
CHEMBL5047728	NULL	NULL	NULL	NULL
CHEMBL5047834	NULL	NULL	NULL	NULL
CHEMBL5048808	NULL	NULL	NULL	NULL
CHEMBL5048865	NULL	NULL	NULL	NULL
CHEMBL5048909	NULL	NULL	NULL	NULL
CHEMBL5048947	NULL	NULL	NULL	NULL
CHEMBL5049079	NULL	NULL	NULL	NULL
CHEMBL5049098	NULL	NULL	NULL	NULL
CHEMBL5049099	NULL	NULL	NULL	NULL
CHEMBL5049100	NULL	NULL	NULL	NULL
CHEMBL5049389	NULL	NULL	NULL	NULL
CHEMBL5049634	NULL	NULL	NULL	NULL
CHEMBL5050156	NULL	NULL	NULL	NULL
CHEMBL5050187	NULL	NULL	NULL	NULL
CHEMBL5050591	NULL	NULL	NULL	NULL
CHEMBL5050750	NULL	NULL	NULL	NULL
CHEMBL5050801	NULL	NULL	NULL	NULL
CHEMBL5051300	NULL	NULL	NULL	NULL
CHEMBL5051301	NULL	NULL	NULL	NULL
CHEMBL5051302	NULL	NULL	NULL	NULL
CHEMBL5054227	NULL	NULL	NULL	NULL
CHEMBL5054318	NULL	NULL	NULL	NULL
CHEMBL5054319	NULL	NULL	NULL	NULL
CHEMBL5054684	NULL	NULL	NULL	NULL
CHEMBL5054711	NULL	NULL	NULL	NULL
CHEMBL5055693	NULL	NULL	NULL	NULL
CHEMBL5055701	NULL	NULL	NULL	NULL
CHEMBL5055793	NULL	NULL	NULL	NULL
CHEMBL5055794	NULL	NULL	NULL	NULL
CHEMBL5055795	NULL	NULL	NULL	NULL
CHEMBL5055887	NULL	NULL	NULL	NULL
CHEMBL5055888	NULL	NULL	NULL	NULL
CHEMBL5055889	NULL	NULL	NULL	NULL
CHEMBL5055890	NULL	NULL	NULL	NULL
CHEMBL5055966	NULL	NULL	NULL	NULL
CHEMBL5056440	NULL	NULL	NULL	NULL
CHEMBL5056441	NULL	NULL	NULL	NULL
CHEMBL5057160	NULL	NULL	NULL	NULL
CHEMBL5058034	NULL	NULL	NULL	NULL
CHEMBL5058667	NULL	NULL	NULL	NULL
CHEMBL5058670	NULL	NULL	NULL	NULL
CHEMBL5058672	NULL	NULL	NULL	NULL
CHEMBL5058674	NULL	NULL	NULL	NULL
CHEMBL5058795	NULL	NULL	NULL	NULL
CHEMBL5058796	NULL	NULL	NULL	NULL
CHEMBL5058820	NULL	NULL	NULL	NULL
CHEMBL5058864	NULL	NULL	NULL	NULL
CHEMBL5058875	NULL	NULL	NULL	NULL
CHEMBL5060000	NULL	NULL	NULL	NULL
CHEMBL5097460	NULL	NULL	NULL	NULL
CHEMBL5097479	NULL	NULL	NULL	NULL
CHEMBL5097926	NULL	NULL	NULL	NULL
CHEMBL5097927	NULL	NULL	NULL	NULL
CHEMBL5097928	NULL	NULL	NULL	NULL
CHEMBL5098616	NULL	NULL	NULL	NULL
CHEMBL5098619	NULL	NULL	NULL	NULL
CHEMBL5099758	NULL	NULL	NULL	NULL
CHEMBL5100299	NULL	NULL	NULL	NULL
CHEMBL5100478	NULL	NULL	NULL	NULL
CHEMBL5100480	NULL	NULL	NULL	NULL
CHEMBL5100513	NULL	NULL	NULL	NULL
CHEMBL5100514	NULL	NULL	NULL	NULL
CHEMBL5100515	NULL	NULL	NULL	NULL
CHEMBL5104430	NULL	NULL	NULL	NULL
CHEMBL5104761	NULL	NULL	NULL	NULL
CHEMBL5104771	NULL	NULL	NULL	NULL
CHEMBL5104961	NULL	NULL	NULL	NULL
CHEMBL5104970	NULL	NULL	NULL	NULL
CHEMBL5105654	NULL	NULL	NULL	NULL
CHEMBL5105783	NULL	NULL	NULL	NULL
CHEMBL5105856	NULL	NULL	NULL	NULL
CHEMBL5105954	NULL	NULL	NULL	NULL
CHEMBL5106268	NULL	NULL	NULL	NULL
CHEMBL5106405	NULL	NULL	NULL	NULL
CHEMBL5106465	NULL	NULL	NULL	NULL
CHEMBL5107306	NULL	NULL	NULL	NULL
CHEMBL5108154	NULL	NULL	NULL	NULL
CHEMBL5108155	NULL	NULL	NULL	NULL
CHEMBL5109448	NULL	NULL	NULL	NULL
CHEMBL5110781	NULL	NULL	NULL	NULL
CHEMBL5110782	NULL	NULL	NULL	NULL
CHEMBL5111957	NULL	NULL	NULL	NULL
CHEMBL5112336	NULL	NULL	NULL	NULL
CHEMBL5112471	NULL	NULL	NULL	NULL
CHEMBL5112472	NULL	NULL	NULL	NULL
CHEMBL5112474	NULL	NULL	NULL	NULL
CHEMBL5112476	NULL	NULL	NULL	NULL
CHEMBL5112481	NULL	NULL	NULL	NULL
CHEMBL5112590	NULL	NULL	NULL	NULL
CHEMBL5112832	NULL	NULL	NULL	NULL
CHEMBL5114275	NULL	NULL	NULL	NULL
CHEMBL5114587	NULL	NULL	NULL	NULL
CHEMBL5116012	NULL	NULL	NULL	NULL
CHEMBL5116276	NULL	NULL	NULL	NULL
CHEMBL5116305	NULL	NULL	NULL	NULL
CHEMBL5116306	NULL	NULL	NULL	NULL
CHEMBL5116792	NULL	NULL	NULL	NULL
CHEMBL5116839	NULL	NULL	NULL	NULL
CHEMBL5117065	NULL	NULL	NULL	NULL
CHEMBL5117269	NULL	NULL	NULL	NULL
CHEMBL5117278	NULL	NULL	NULL	NULL
CHEMBL5117280	NULL	NULL	NULL	NULL
CHEMBL5117281	NULL	NULL	NULL	NULL
CHEMBL5117664	NULL	NULL	NULL	NULL
CHEMBL5119104	NULL	NULL	NULL	NULL
CHEMBL5119235	NULL	NULL	NULL	NULL
CHEMBL5119715	NULL	NULL	NULL	NULL
CHEMBL5120245	NULL	NULL	NULL	NULL
CHEMBL5121792	NULL	NULL	NULL	NULL
CHEMBL5121851	NULL	NULL	NULL	NULL
CHEMBL5121854	NULL	NULL	NULL	NULL
CHEMBL5121855	NULL	NULL	NULL	NULL
CHEMBL5122785	NULL	NULL	NULL	NULL
CHEMBL5123730	NULL	NULL	NULL	NULL
CHEMBL5125245	NULL	NULL	NULL	NULL
CHEMBL5125261	NULL	NULL	NULL	NULL
CHEMBL5125264	NULL	NULL	NULL	NULL
CHEMBL5125533	NULL	NULL	NULL	NULL
CHEMBL5125534	NULL	NULL	NULL	NULL
CHEMBL5125535	NULL	NULL	NULL	NULL
CHEMBL5125857	NULL	NULL	NULL	NULL
CHEMBL5125934	NULL	NULL	NULL	NULL
CHEMBL5127018	NULL	NULL	NULL	NULL
CHEMBL5127841	NULL	NULL	NULL	NULL
CHEMBL5129510	NULL	NULL	NULL	NULL
CHEMBL5129511	NULL	NULL	NULL	NULL
CHEMBL5129830	NULL	NULL	NULL	NULL
CHEMBL5129831	NULL	NULL	NULL	NULL
CHEMBL5129832	NULL	NULL	NULL	NULL
CHEMBL5129884	NULL	NULL	NULL	NULL
CHEMBL5129939	NULL	NULL	NULL	NULL
CHEMBL5129991	NULL	NULL	NULL	NULL
CHEMBL5130009	NULL	NULL	NULL	NULL
CHEMBL5130010	NULL	NULL	NULL	NULL
CHEMBL5130043	NULL	NULL	NULL	NULL
CHEMBL5130108	NULL	NULL	NULL	NULL
CHEMBL5130290	NULL	NULL	NULL	NULL
CHEMBL5130457	NULL	NULL	NULL	NULL
CHEMBL5130458	NULL	NULL	NULL	NULL
CHEMBL5130514	NULL	NULL	NULL	NULL
CHEMBL5130606	NULL	NULL	NULL	NULL
CHEMBL5130607	NULL	NULL	NULL	NULL
CHEMBL5131218	NULL	NULL	NULL	NULL
CHEMBL5131293	NULL	NULL	NULL	NULL
CHEMBL5131296	NULL	NULL	NULL	NULL
CHEMBL5131301	NULL	NULL	NULL	NULL
CHEMBL5131302	NULL	NULL	NULL	NULL
CHEMBL5131325	NULL	NULL	NULL	NULL
CHEMBL5132815	NULL	NULL	NULL	NULL
CHEMBL5133221	NULL	NULL	NULL	NULL
CHEMBL5133256	NULL	NULL	NULL	NULL
CHEMBL5133258	NULL	NULL	NULL	NULL
CHEMBL5133272	NULL	NULL	NULL	NULL
CHEMBL5133284	NULL	NULL	NULL	NULL
CHEMBL5133360	NULL	NULL	NULL	NULL
CHEMBL5133642	NULL	NULL	NULL	NULL
CHEMBL5133643	NULL	NULL	NULL	NULL
CHEMBL5133651	NULL	NULL	NULL	NULL
CHEMBL5133834	NULL	NULL	NULL	NULL
CHEMBL5133864	NULL	NULL	NULL	NULL
CHEMBL5133947	NULL	NULL	NULL	NULL
CHEMBL5133948	NULL	NULL	NULL	NULL
CHEMBL5134245	NULL	NULL	NULL	NULL
CHEMBL5135461	NULL	NULL	NULL	NULL
CHEMBL5135948	HEK293	HEK293 (Embryonic kidney fibroblasts)	Homo sapiens	Embryonic kidney fibroblasts
CHEMBL5136071	NULL	NULL	NULL	NULL
CHEMBL5136077	NULL	NULL	NULL	NULL
CHEMBL5136083	NULL	NULL	NULL	NULL
CHEMBL5136536	NULL	NULL	NULL	NULL
CHEMBL5136558	NULL	NULL	NULL	NULL
CHEMBL5136712	NULL	NULL	NULL	NULL
CHEMBL5136713	NULL	NULL	NULL	NULL
CHEMBL5136714	NULL	NULL	NULL	NULL
CHEMBL5136757	NULL	NULL	NULL	NULL
CHEMBL5136758	NULL	NULL	NULL	NULL
CHEMBL5136759	NULL	NULL	NULL	NULL
CHEMBL5136760	NULL	NULL	NULL	NULL
CHEMBL5136902	NULL	NULL	NULL	NULL
CHEMBL5136953	NULL	NULL	NULL	NULL
CHEMBL5137199	NULL	NULL	NULL	NULL
CHEMBL5139560	NULL	NULL	NULL	NULL
CHEMBL5139593	NULL	NULL	NULL	NULL
CHEMBL5139600	NULL	NULL	NULL	NULL
CHEMBL5139699	NULL	NULL	NULL	NULL
CHEMBL5139741	NULL	NULL	NULL	NULL
CHEMBL5140411	NULL	NULL	NULL	NULL
CHEMBL5140412	NULL	NULL	NULL	NULL
CHEMBL5141414	NULL	NULL	NULL	NULL
CHEMBL5141625	NULL	NULL	NULL	NULL
CHEMBL5141991	NULL	NULL	NULL	NULL
CHEMBL5142020	NULL	NULL	NULL	NULL
CHEMBL5142532	NULL	NULL	NULL	NULL
CHEMBL5142723	NULL	NULL	NULL	NULL
CHEMBL5142760	NULL	NULL	NULL	NULL
CHEMBL5142864	NULL	NULL	NULL	NULL
CHEMBL5144527	NULL	NULL	NULL	NULL
CHEMBL5144798	NULL	NULL	NULL	NULL
CHEMBL5144799	NULL	NULL	NULL	NULL
CHEMBL5145947	NULL	NULL	NULL	NULL
CHEMBL5145948	NULL	NULL	NULL	NULL
CHEMBL5146134	NULL	NULL	NULL	NULL
CHEMBL5146135	NULL	NULL	NULL	NULL
CHEMBL5146707	NULL	NULL	NULL	NULL
CHEMBL5147244	NULL	NULL	NULL	NULL
CHEMBL5147691	NULL	NULL	NULL	NULL
CHEMBL5147695	NULL	NULL	NULL	NULL
CHEMBL5147704	NULL	NULL	NULL	NULL
CHEMBL5147783	NULL	NULL	NULL	NULL
CHEMBL5148069	NULL	NULL	NULL	NULL
CHEMBL5148466	NULL	NULL	NULL	NULL
CHEMBL5148521	NULL	NULL	NULL	NULL
CHEMBL5148609	NULL	NULL	NULL	NULL
CHEMBL5148711	NULL	NULL	NULL	NULL
CHEMBL5148913	NULL	NULL	NULL	NULL
CHEMBL5149080	NULL	NULL	NULL	NULL
CHEMBL5149298	NULL	NULL	NULL	NULL
CHEMBL5149776	NULL	NULL	NULL	NULL
CHEMBL5150222	NULL	NULL	NULL	NULL
CHEMBL5150939	NULL	NULL	NULL	NULL
CHEMBL5151023	NULL	NULL	NULL	NULL
CHEMBL5151162	NULL	NULL	NULL	NULL
CHEMBL5151163	NULL	NULL	NULL	NULL
CHEMBL5151164	NULL	NULL	NULL	NULL
CHEMBL5151165	NULL	NULL	NULL	NULL
CHEMBL5152033	NULL	NULL	NULL	NULL
CHEMBL5153894	NULL	NULL	NULL	NULL
CHEMBL5153895	NULL	NULL	NULL	NULL
CHEMBL5153896	NULL	NULL	NULL	NULL
CHEMBL5154205	NULL	NULL	NULL	NULL
CHEMBL5154206	NULL	NULL	NULL	NULL
CHEMBL5154397	NULL	NULL	NULL	NULL
CHEMBL5154400	NULL	NULL	NULL	NULL
CHEMBL5154401	NULL	NULL	NULL	NULL
CHEMBL5154497	NULL	NULL	NULL	NULL
CHEMBL5155275	NULL	NULL	NULL	NULL
CHEMBL5155276	NULL	NULL	NULL	NULL
CHEMBL5155313	NULL	NULL	NULL	NULL
CHEMBL5155596	NULL	NULL	NULL	NULL
CHEMBL5155949	NULL	NULL	NULL	NULL
CHEMBL5156196	NULL	NULL	NULL	NULL
CHEMBL5156635	NULL	NULL	NULL	NULL
CHEMBL5156636	NULL	NULL	NULL	NULL
CHEMBL5157217	NULL	NULL	NULL	NULL
CHEMBL5157426	NULL	NULL	NULL	NULL
CHEMBL5157440	NULL	NULL	NULL	NULL
CHEMBL5157446	NULL	NULL	NULL	NULL
CHEMBL5158270	NULL	NULL	NULL	NULL
CHEMBL5158509	NULL	NULL	NULL	NULL
CHEMBL5159526	NULL	NULL	NULL	NULL
CHEMBL5159727	NULL	NULL	NULL	NULL
CHEMBL5160040	NULL	NULL	NULL	NULL
CHEMBL5160351	NULL	NULL	NULL	NULL
CHEMBL5160400	NULL	NULL	NULL	NULL
CHEMBL5160401	NULL	NULL	NULL	NULL
CHEMBL5160513	NULL	NULL	NULL	NULL
CHEMBL5161214	NULL	NULL	NULL	NULL
CHEMBL5161391	NULL	NULL	NULL	NULL
CHEMBL5162249	NULL	NULL	NULL	NULL
CHEMBL5162415	NULL	NULL	NULL	NULL
CHEMBL5162868	NULL	NULL	NULL	NULL
CHEMBL5162869	NULL	NULL	NULL	NULL
CHEMBL5163210	NULL	NULL	NULL	NULL
CHEMBL5163327	NULL	NULL	NULL	NULL
CHEMBL5163328	NULL	NULL	NULL	NULL
CHEMBL5163389	NULL	NULL	NULL	NULL
CHEMBL5163410	NULL	NULL	NULL	NULL
CHEMBL5164097	NULL	NULL	NULL	NULL
CHEMBL5164181	NULL	NULL	NULL	NULL
CHEMBL5164182	NULL	NULL	NULL	NULL
CHEMBL5164183	NULL	NULL	NULL	NULL
CHEMBL5164184	NULL	NULL	NULL	NULL
CHEMBL5165162	NULL	NULL	NULL	NULL
CHEMBL5165550	NULL	NULL	NULL	NULL
CHEMBL5166020	NULL	NULL	NULL	NULL
CHEMBL5166087	NULL	NULL	NULL	NULL
CHEMBL5166818	NULL	NULL	NULL	NULL
CHEMBL5166819	NULL	NULL	NULL	NULL
CHEMBL5166941	NULL	NULL	NULL	NULL
CHEMBL5166943	NULL	NULL	NULL	NULL
CHEMBL5167326	NULL	NULL	NULL	NULL
CHEMBL5167771	NULL	NULL	NULL	NULL
CHEMBL5168166	NULL	NULL	NULL	NULL
CHEMBL5168419	NULL	NULL	NULL	NULL
CHEMBL5168509	NULL	NULL	NULL	NULL
CHEMBL5168664	NULL	NULL	NULL	NULL
CHEMBL5168670	NULL	NULL	NULL	NULL
CHEMBL5168853	NULL	NULL	NULL	NULL
CHEMBL5213638	NULL	NULL	NULL	NULL
CHEMBL5214553	NULL	NULL	NULL	NULL
CHEMBL5215423	NULL	NULL	NULL	NULL
CHEMBL5215556	NULL	NULL	NULL	NULL
CHEMBL5216639	NULL	NULL	NULL	NULL
CHEMBL5217541	NULL	NULL	NULL	NULL
CHEMBL5217822	NULL	NULL	NULL	NULL
CHEMBL5217823	NULL	NULL	NULL	NULL
CHEMBL5217959	NULL	NULL	NULL	NULL
CHEMBL5218077	NULL	NULL	NULL	NULL
CHEMBL5218154	NULL	NULL	NULL	NULL
CHEMBL5223301	NULL	NULL	NULL	NULL
CHEMBL5223507	NULL	NULL	NULL	NULL
CHEMBL5223702	NULL	NULL	NULL	NULL
CHEMBL5223847	NULL	NULL	NULL	NULL
CHEMBL5223848	NULL	NULL	NULL	NULL
CHEMBL5224245	NULL	NULL	NULL	NULL
CHEMBL5224705	NULL	NULL	NULL	NULL
CHEMBL5224925	NULL	NULL	NULL	NULL
CHEMBL5224985	NULL	NULL	NULL	NULL
CHEMBL5224988	NULL	NULL	NULL	NULL
CHEMBL5224991	NULL	NULL	NULL	NULL
CHEMBL5225011	NULL	NULL	NULL	NULL
CHEMBL5225017	NULL	NULL	NULL	NULL
CHEMBL5225022	NULL	NULL	NULL	NULL
CHEMBL5225645	NULL	NULL	NULL	NULL
CHEMBL5225675	NULL	NULL	NULL	NULL
CHEMBL5225678	NULL	NULL	NULL	NULL
CHEMBL5225841	NULL	NULL	NULL	NULL
CHEMBL5225845	NULL	NULL	NULL	NULL
CHEMBL5225990	NULL	NULL	NULL	NULL
CHEMBL5226013	NULL	NULL	NULL	NULL
CHEMBL5226244	NULL	NULL	NULL	NULL
CHEMBL5226275	NULL	NULL	NULL	NULL
CHEMBL5228308	NULL	NULL	NULL	NULL
CHEMBL5228856	NULL	NULL	NULL	NULL
CHEMBL5228857	NULL	NULL	NULL	NULL
CHEMBL5232746	NULL	NULL	NULL	NULL
CHEMBL5233428	NULL	NULL	NULL	NULL
CHEMBL5234321	NULL	NULL	NULL	NULL
CHEMBL5234322	NULL	NULL	NULL	NULL
CHEMBL5234323	NULL	NULL	NULL	NULL
CHEMBL5236161	NULL	NULL	NULL	NULL
CHEMBL5236676	NULL	NULL	NULL	NULL
CHEMBL5236892	NULL	NULL	NULL	NULL
CHEMBL5237932	NULL	NULL	NULL	NULL
CHEMBL5238147	NULL	NULL	NULL	NULL
CHEMBL5238213	NULL	NULL	NULL	NULL
CHEMBL5238524	NULL	NULL	NULL	NULL
CHEMBL5238525	NULL	NULL	NULL	NULL
CHEMBL5238526	NULL	NULL	NULL	NULL
CHEMBL5238527	NULL	NULL	NULL	NULL
CHEMBL5238528	NULL	NULL	NULL	NULL
CHEMBL5239180	NULL	NULL	NULL	NULL
CHEMBL5239623	NULL	NULL	NULL	NULL
CHEMBL5239624	NULL	NULL	NULL	NULL
CHEMBL5239937	NULL	NULL	NULL	NULL
CHEMBL5239940	NULL	NULL	NULL	NULL
CHEMBL5242480	NULL	NULL	NULL	NULL
CHEMBL5243034	NULL	NULL	NULL	NULL
CHEMBL5247147	NULL	NULL	NULL	NULL
CHEMBL5247186	NULL	NULL	NULL	NULL
CHEMBL5247187	NULL	NULL	NULL	NULL
CHEMBL5247304	NULL	NULL	NULL	NULL
CHEMBL5248058	NULL	NULL	NULL	NULL
CHEMBL5248062	NULL	NULL	NULL	NULL
CHEMBL5248063	NULL	NULL	NULL	NULL
CHEMBL5249266	NULL	NULL	NULL	NULL
CHEMBL5249646	NULL	NULL	NULL	NULL
CHEMBL5249647	NULL	NULL	NULL	NULL
CHEMBL5251044	NULL	NULL	NULL	NULL
CHEMBL5251455	NULL	NULL	NULL	NULL
CHEMBL5251456	NULL	NULL	NULL	NULL
CHEMBL5251457	NULL	NULL	NULL	NULL
CHEMBL5251558	NULL	NULL	NULL	NULL
CHEMBL5251675	NULL	NULL	NULL	NULL
CHEMBL5252388	NULL	NULL	NULL	NULL
CHEMBL5252391	NULL	NULL	NULL	NULL
CHEMBL5252906	NULL	NULL	NULL	NULL
CHEMBL5253362	NULL	NULL	NULL	NULL
CHEMBL5253805	NULL	NULL	NULL	NULL
CHEMBL5253806	NULL	NULL	NULL	NULL
CHEMBL5254107	NULL	NULL	NULL	NULL
CHEMBL5255157	NULL	NULL	NULL	NULL
CHEMBL5255375	NULL	NULL	NULL	NULL
CHEMBL5255793	NULL	NULL	NULL	NULL
CHEMBL5255853	NULL	NULL	NULL	NULL
CHEMBL5255854	NULL	NULL	NULL	NULL
CHEMBL5255855	NULL	NULL	NULL	NULL
CHEMBL5255856	NULL	NULL	NULL	NULL
CHEMBL5256753	NULL	NULL	NULL	NULL
CHEMBL5256754	NULL	NULL	NULL	NULL
CHEMBL5257220	NULL	NULL	NULL	NULL
CHEMBL5257221	NULL	NULL	NULL	NULL
CHEMBL5257224	NULL	NULL	NULL	NULL
CHEMBL5257243	NULL	NULL	NULL	NULL
CHEMBL5258220	NULL	NULL	NULL	NULL
CHEMBL5258221	NULL	NULL	NULL	NULL
CHEMBL5258223	NULL	NULL	NULL	NULL
CHEMBL5258224	NULL	NULL	NULL	NULL
CHEMBL5258225	NULL	NULL	NULL	NULL
CHEMBL5258359	NULL	NULL	NULL	NULL
CHEMBL5259045	NULL	NULL	NULL	NULL
CHEMBL5259050	NULL	NULL	NULL	NULL
CHEMBL5259442	NULL	NULL	NULL	NULL
CHEMBL5259448	NULL	NULL	NULL	NULL
CHEMBL5259991	NULL	NULL	NULL	NULL
CHEMBL5260116	NULL	NULL	NULL	NULL
CHEMBL5260121	NULL	NULL	NULL	NULL
CHEMBL5260122	NULL	NULL	NULL	NULL
CHEMBL5260123	NULL	NULL	NULL	NULL
CHEMBL5260124	NULL	NULL	NULL	NULL
CHEMBL5260330	NULL	NULL	NULL	NULL
CHEMBL5261566	NULL	NULL	NULL	NULL
CHEMBL5261578	NULL	NULL	NULL	NULL
CHEMBL5264127	NULL	NULL	NULL	NULL
CHEMBL5264190	NULL	NULL	NULL	NULL
CHEMBL5264198	NULL	NULL	NULL	NULL
CHEMBL5264214	NULL	NULL	NULL	NULL
CHEMBL5264773	NULL	NULL	NULL	NULL
CHEMBL5265318	NULL	NULL	NULL	NULL
CHEMBL5265321	NULL	NULL	NULL	NULL
CHEMBL5265322	NULL	NULL	NULL	NULL
CHEMBL5265338	NULL	NULL	NULL	NULL
CHEMBL5265642	NULL	NULL	NULL	NULL
CHEMBL5291755	NULL	NULL	NULL	NULL
CHEMBL5291756	NULL	NULL	NULL	NULL
CHEMBL5291828	NULL	NULL	NULL	NULL
CHEMBL5291878	NULL	NULL	NULL	NULL
CHEMBL5303798	NULL	NULL	NULL	NULL
CHEMBL5303799	NULL	NULL	NULL	NULL
CHEMBL5303807	NULL	NULL	NULL	NULL
CHEMBL5303846	NULL	NULL	NULL	NULL
CHEMBL5303847	NULL	NULL	NULL	NULL
CHEMBL5303855	NULL	NULL	NULL	NULL
CHEMBL5303894	NULL	NULL	NULL	NULL
CHEMBL5303896	NULL	NULL	NULL	NULL
CHEMBL5303897	NULL	NULL	NULL	NULL
CHEMBL5303904	NULL	NULL	NULL	NULL
CHEMBL5303940	NULL	NULL	NULL	NULL
CHEMBL5303951	NULL	NULL	NULL	NULL
CHEMBL5303984	NULL	NULL	NULL	NULL
CHEMBL5303995	NULL	NULL	NULL	NULL
CHEMBL5304024	NULL	NULL	NULL	NULL
CHEMBL5304026	NULL	NULL	NULL	NULL
CHEMBL5304080	NULL	NULL	NULL	NULL
CHEMBL5304091	NULL	NULL	NULL	NULL
CHEMBL5304125	NULL	NULL	NULL	NULL
CHEMBL5304137	NULL	NULL	NULL	NULL
CHEMBL5304230	NULL	NULL	NULL	NULL
CHEMBL5304241	NULL	NULL	NULL	NULL
CHEMBL5304328	NULL	NULL	NULL	NULL
CHEMBL5304339	NULL	NULL	NULL	NULL
CHEMBL5304470	NULL	NULL	NULL	NULL
CHEMBL5304965	NULL	NULL	NULL	NULL
CHEMBL5304968	NULL	NULL	NULL	NULL
CHEMBL5304971	NULL	NULL	NULL	NULL
CHEMBL5304972	NULL	NULL	NULL	NULL
CHEMBL5304975	NULL	NULL	NULL	NULL
CHEMBL5316578	NULL	NULL	NULL	NULL
CHEMBL5316803	NULL	NULL	NULL	NULL
CHEMBL5316910	NULL	NULL	NULL	NULL
CHEMBL5317031	NULL	NULL	NULL	NULL
CHEMBL5317214	NULL	NULL	NULL	NULL
CHEMBL5317605	NULL	NULL	NULL	NULL
CHEMBL5318426	NULL	NULL	NULL	NULL
CHEMBL5318452	NULL	NULL	NULL	NULL
CHEMBL5318453	NULL	NULL	NULL	NULL
CHEMBL5318500	NULL	NULL	NULL	NULL
CHEMBL5318786	NULL	NULL	NULL	NULL
CHEMBL5318787	NULL	NULL	NULL	NULL
CHEMBL5318788	NULL	NULL	NULL	NULL
CHEMBL5318818	NULL	NULL	NULL	NULL
CHEMBL5318819	NULL	NULL	NULL	NULL
CHEMBL5318820	NULL	NULL	NULL	NULL
CHEMBL5319037	NULL	NULL	NULL	NULL
CHEMBL5319826	NULL	NULL	NULL	NULL
CHEMBL5319832	NULL	NULL	NULL	NULL
CHEMBL5320104	NULL	NULL	NULL	NULL
CHEMBL5320163	NULL	NULL	NULL	NULL
CHEMBL5320164	NULL	NULL	NULL	NULL
CHEMBL5320287	NULL	NULL	NULL	NULL
CHEMBL5320697	NULL	NULL	NULL	NULL
CHEMBL5321069	NULL	NULL	NULL	NULL
CHEMBL5322749	NULL	NULL	NULL	NULL
CHEMBL5322750	NULL	NULL	NULL	NULL
CHEMBL5323638	NULL	NULL	NULL	NULL
CHEMBL5323854	NULL	NULL	NULL	NULL
CHEMBL5323881	NULL	NULL	NULL	NULL
CHEMBL5323931	NULL	NULL	NULL	NULL
CHEMBL5323932	NULL	NULL	NULL	NULL
CHEMBL5323933	NULL	NULL	NULL	NULL
CHEMBL5323934	NULL	NULL	NULL	NULL
CHEMBL5324508	NULL	NULL	NULL	NULL
CHEMBL5325079	NULL	NULL	NULL	NULL
CHEMBL5325638	NULL	NULL	NULL	NULL
CHEMBL5326840	NULL	NULL	NULL	NULL
CHEMBL5326841	NULL	NULL	NULL	NULL
CHEMBL5326843	NULL	NULL	NULL	NULL
CHEMBL5327984	NULL	NULL	NULL	NULL
CHEMBL5328187	NULL	NULL	NULL	NULL
CHEMBL5328188	NULL	NULL	NULL	NULL
CHEMBL5328504	NULL	NULL	NULL	NULL
CHEMBL5328592	NULL	NULL	NULL	NULL
CHEMBL5328741	NULL	NULL	NULL	NULL
CHEMBL5330315	NULL	NULL	NULL	NULL
CHEMBL5330438	NULL	NULL	NULL	NULL
CHEMBL5330667	NULL	NULL	NULL	NULL
CHEMBL5330685	NULL	NULL	NULL	NULL
CHEMBL5330686	NULL	NULL	NULL	NULL
CHEMBL5331001	NULL	NULL	NULL	NULL
CHEMBL5331002	NULL	NULL	NULL	NULL
CHEMBL5332470	NULL	NULL	NULL	NULL
CHEMBL5334005	NULL	NULL	NULL	NULL
CHEMBL5334006	NULL	NULL	NULL	NULL
CHEMBL5334726	NULL	NULL	NULL	NULL
CHEMBL5334826	NULL	NULL	NULL	NULL
CHEMBL5334911	NULL	NULL	NULL	NULL
CHEMBL5335061	NULL	NULL	NULL	NULL
CHEMBL5335441	NULL	NULL	NULL	NULL
CHEMBL5335598	NULL	NULL	NULL	NULL
CHEMBL5335729	NULL	NULL	NULL	NULL
CHEMBL5337078	NULL	NULL	NULL	NULL
CHEMBL5337264	NULL	NULL	NULL	NULL
CHEMBL5337477	NULL	NULL	NULL	NULL
CHEMBL5338206	NULL	NULL	NULL	NULL
CHEMBL5338368	NULL	NULL	NULL	NULL
CHEMBL5338527	NULL	NULL	NULL	NULL
CHEMBL5338534	NULL	NULL	NULL	NULL
CHEMBL5339449	NULL	NULL	NULL	NULL
CHEMBL5339927	NULL	NULL	NULL	NULL
CHEMBL5341349	NULL	NULL	NULL	NULL
CHEMBL5342418	NULL	NULL	NULL	NULL
CHEMBL5343262	NULL	NULL	NULL	NULL
CHEMBL5343484	NULL	NULL	NULL	NULL
CHEMBL5343725	NULL	NULL	NULL	NULL
CHEMBL5343726	NULL	NULL	NULL	NULL
CHEMBL5343727	NULL	NULL	NULL	NULL
CHEMBL5343728	NULL	NULL	NULL	NULL
CHEMBL5344084	NULL	NULL	NULL	NULL
CHEMBL5344085	NULL	NULL	NULL	NULL
CHEMBL5344086	NULL	NULL	NULL	NULL
CHEMBL5346096	NULL	NULL	NULL	NULL
CHEMBL5346681	NULL	NULL	NULL	NULL
CHEMBL5347182	NULL	NULL	NULL	NULL
CHEMBL5347669	NULL	NULL	NULL	NULL
CHEMBL5347868	NULL	NULL	NULL	NULL
CHEMBL5350168	NULL	NULL	NULL	NULL
CHEMBL5350354	NULL	NULL	NULL	NULL
CHEMBL5351164	NULL	NULL	NULL	NULL
CHEMBL5351165	NULL	NULL	NULL	NULL
CHEMBL5351415	NULL	NULL	NULL	NULL
CHEMBL5351810	NULL	NULL	NULL	NULL
CHEMBL5352745	NULL	NULL	NULL	NULL
CHEMBL5352788	NULL	NULL	NULL	NULL
CHEMBL5354037	NULL	NULL	NULL	NULL
CHEMBL5354414	NULL	NULL	NULL	NULL
CHEMBL5354415	NULL	NULL	NULL	NULL
CHEMBL5354416	NULL	NULL	NULL	NULL
CHEMBL5355254	NULL	NULL	NULL	NULL
CHEMBL5356182	NULL	NULL	NULL	NULL
CHEMBL5356183	NULL	NULL	NULL	NULL
CHEMBL5356383	NULL	NULL	NULL	NULL
CHEMBL5356599	NULL	NULL	NULL	NULL
CHEMBL5357496	NULL	NULL	NULL	NULL
CHEMBL5357868	NULL	NULL	NULL	NULL
CHEMBL5357869	NULL	NULL	NULL	NULL
CHEMBL5357933	NULL	NULL	NULL	NULL
CHEMBL5357934	NULL	NULL	NULL	NULL
CHEMBL5357935	NULL	NULL	NULL	NULL
CHEMBL5358237	NULL	NULL	NULL	NULL
CHEMBL5358238	NULL	NULL	NULL	NULL
CHEMBL5358241	NULL	NULL	NULL	NULL
CHEMBL5359173	NULL	NULL	NULL	NULL
CHEMBL5359176	NULL	NULL	NULL	NULL
CHEMBL5360237	NULL	NULL	NULL	NULL
CHEMBL5360427	NULL	NULL	NULL	NULL
CHEMBL5361572	NULL	NULL	NULL	NULL
CHEMBL5362172	NULL	NULL	NULL	NULL
CHEMBL5363737	NULL	NULL	NULL	NULL
CHEMBL5363738	NULL	NULL	NULL	NULL
CHEMBL5363739	NULL	NULL	NULL	NULL
CHEMBL5363761	NULL	NULL	NULL	NULL
CHEMBL5364843	NULL	NULL	NULL	NULL
CHEMBL5365054	NULL	NULL	NULL	NULL
CHEMBL5365151	NULL	NULL	NULL	NULL
CHEMBL5365183	NULL	NULL	NULL	NULL
CHEMBL5365195	NULL	NULL	NULL	NULL
CHEMBL5365208	NULL	NULL	NULL	NULL
CHEMBL5365659	NULL	NULL	NULL	NULL
CHEMBL5365732	NULL	NULL	NULL	NULL
CHEMBL5365873	NULL	NULL	NULL	NULL
CHEMBL5366268	NULL	NULL	NULL	NULL
CHEMBL5366390	NULL	NULL	NULL	NULL
CHEMBL5366637	NULL	NULL	NULL	NULL
CHEMBL5367092	NULL	NULL	NULL	NULL
CHEMBL5367977	NULL	NULL	NULL	NULL
CHEMBL5367978	NULL	NULL	NULL	NULL
CHEMBL5368227	NULL	NULL	NULL	NULL
CHEMBL5368519	NULL	NULL	NULL	NULL
CHEMBL5368552	NULL	NULL	NULL	NULL
CHEMBL5368553	NULL	NULL	NULL	NULL
CHEMBL5369124	NULL	NULL	NULL	NULL
CHEMBL5370114	NULL	NULL	NULL	NULL
CHEMBL5370115	NULL	NULL	NULL	NULL
CHEMBL5370215	NULL	NULL	NULL	NULL
CHEMBL5373127	NULL	NULL	NULL	NULL
CHEMBL5373257	NULL	NULL	NULL	NULL
CHEMBL5373258	NULL	NULL	NULL	NULL
CHEMBL5373260	NULL	NULL	NULL	NULL
CHEMBL5373283	NULL	NULL	NULL	NULL
CHEMBL5374043	NULL	NULL	NULL	NULL
CHEMBL5374044	NULL	NULL	NULL	NULL
CHEMBL5374045	NULL	NULL	NULL	NULL
CHEMBL5374368	NULL	NULL	NULL	NULL
CHEMBL5374375	NULL	NULL	NULL	NULL
CHEMBL5374379	NULL	NULL	NULL	NULL
CHEMBL5374430	NULL	NULL	NULL	NULL
CHEMBL5374431	NULL	NULL	NULL	NULL
CHEMBL5374432	NULL	NULL	NULL	NULL
CHEMBL5374437	NULL	NULL	NULL	NULL
CHEMBL5374438	NULL	NULL	NULL	NULL
CHEMBL5374777	NULL	NULL	NULL	NULL
CHEMBL5375030	NULL	NULL	NULL	NULL
CHEMBL5375455	NULL	NULL	NULL	NULL
CHEMBL5375554	NULL	NULL	NULL	NULL
CHEMBL5375739	NULL	NULL	NULL	NULL
CHEMBL5375740	NULL	NULL	NULL	NULL
CHEMBL5375741	NULL	NULL	NULL	NULL
CHEMBL5375778	NULL	NULL	NULL	NULL
CHEMBL5376724	NULL	NULL	NULL	NULL
CHEMBL5376779	NULL	NULL	NULL	NULL
CHEMBL5377048	NULL	NULL	NULL	NULL
CHEMBL5377244	NULL	NULL	NULL	NULL
CHEMBL5377365	NULL	NULL	NULL	NULL
CHEMBL5377366	NULL	NULL	NULL	NULL
CHEMBL5377367	NULL	NULL	NULL	NULL
CHEMBL5378342	NULL	NULL	NULL	NULL
CHEMBL5379181	NULL	NULL	NULL	NULL
CHEMBL5379185	NULL	NULL	NULL	NULL
CHEMBL5379386	NULL	NULL	NULL	NULL
CHEMBL5380718	NULL	NULL	NULL	NULL
CHEMBL5381144	NULL	NULL	NULL	NULL
CHEMBL5381145	NULL	NULL	NULL	NULL
CHEMBL5381146	NULL	NULL	NULL	NULL
CHEMBL5381147	NULL	NULL	NULL	NULL
CHEMBL5381148	NULL	NULL	NULL	NULL
CHEMBL5381577	NULL	NULL	NULL	NULL
CHEMBL5381669	NULL	NULL	NULL	NULL
CHEMBL5381741	NULL	NULL	NULL	NULL
CHEMBL5382450	NULL	NULL	NULL	NULL
CHEMBL5383356	NULL	NULL	NULL	NULL
CHEMBL5383357	NULL	NULL	NULL	NULL
CHEMBL5383358	NULL	NULL	NULL	NULL
CHEMBL5384015	NULL	NULL	NULL	NULL
CHEMBL5384136	NULL	NULL	NULL	NULL
CHEMBL5384192	NULL	NULL	NULL	NULL
CHEMBL5384537	NULL	NULL	NULL	NULL
CHEMBL5384797	NULL	NULL	NULL	NULL
CHEMBL5386813	NULL	NULL	NULL	NULL
CHEMBL5387422	NULL	NULL	NULL	NULL
CHEMBL5387761	NULL	NULL	NULL	NULL
CHEMBL5388181	NULL	NULL	NULL	NULL
CHEMBL5388466	NULL	NULL	NULL	NULL
CHEMBL5388467	NULL	NULL	NULL	NULL
CHEMBL5388468	NULL	NULL	NULL	NULL
CHEMBL5389038	NULL	NULL	NULL	NULL
CHEMBL5389101	NULL	NULL	NULL	NULL
CHEMBL5391052	NULL	NULL	NULL	NULL
CHEMBL5391119	NULL	NULL	NULL	NULL
CHEMBL5391122	NULL	NULL	NULL	NULL
CHEMBL5392354	NULL	NULL	NULL	NULL
CHEMBL5392513	NULL	NULL	NULL	NULL
CHEMBL5392514	NULL	NULL	NULL	NULL
CHEMBL5392515	NULL	NULL	NULL	NULL
CHEMBL5393065	NULL	NULL	NULL	NULL
CHEMBL5393079	NULL	NULL	NULL	NULL
CHEMBL5393080	NULL	NULL	NULL	NULL
CHEMBL5393081	NULL	NULL	NULL	NULL
CHEMBL5393312	NULL	NULL	NULL	NULL
CHEMBL5393329	NULL	NULL	NULL	NULL
CHEMBL5393330	NULL	NULL	NULL	NULL
CHEMBL5441443	CHO	CHO (Ovarian cells)	Cricetulus griseus	Ovarian cells
CHEMBL5441444	CHO	CHO (Ovarian cells)	Cricetulus griseus	Ovarian cells
CHEMBL5442367	NULL	NULL	NULL	NULL
CHEMBL5463751	NULL	NULL	NULL	NULL
CHEMBL5463762	NULL	NULL	NULL	NULL
CHEMBL5463864	NULL	NULL	NULL	NULL
CHEMBL5463915	NULL	NULL	NULL	NULL
CHEMBL5465572	NULL	NULL	NULL	NULL
CHEMBL5465594	NULL	NULL	NULL	NULL
CHEMBL5465596	NULL	NULL	NULL	NULL
CHEMBL5465605	NULL	NULL	NULL	NULL
CHEMBL5474434	NULL	NULL	NULL	NULL
CHEMBL5474488	NULL	NULL	NULL	NULL
CHEMBL5475032	NULL	NULL	NULL	NULL
CHEMBL5476368	NULL	NULL	NULL	NULL
CHEMBL5476531	NULL	NULL	NULL	NULL
CHEMBL5476556	NULL	NULL	NULL	NULL
CHEMBL5476557	NULL	NULL	NULL	NULL
CHEMBL5476569	NULL	NULL	NULL	NULL
CHEMBL5476581	NULL	NULL	NULL	NULL
CHEMBL5476606	NULL	NULL	NULL	NULL
CHEMBL5476607	NULL	NULL	NULL	NULL
CHEMBL5476625	NULL	NULL	NULL	NULL
CHEMBL5476754	NULL	NULL	NULL	NULL
CHEMBL5476787	NULL	NULL	NULL	NULL
CHEMBL5478118	NULL	NULL	NULL	NULL
CHEMBL5478121	NULL	NULL	NULL	NULL
CHEMBL5478147	NULL	NULL	NULL	NULL
CHEMBL5478935	HEK293	HEK293 (Embryonic kidney fibroblasts)	Homo sapiens	Embryonic kidney fibroblasts
CHEMBL5479512	NULL	NULL	NULL	NULL
CHEMBL5481124	NULL	NULL	NULL	NULL
CHEMBL5481994	NULL	NULL	NULL	NULL
CHEMBL5501763	NULL	NULL	NULL	NULL
CHEMBL5502997	NULL	NULL	NULL	NULL
CHEMBL5502998	NULL	NULL	NULL	NULL
CHEMBL5502999	NULL	NULL	NULL	NULL
CHEMBL5503000	NULL	NULL	NULL	NULL
CHEMBL5503990	NULL	NULL	NULL	NULL
CHEMBL5503997	NULL	NULL	NULL	NULL
CHEMBL5503998	NULL	NULL	NULL	NULL
CHEMBL5505675	NULL	NULL	NULL	NULL
CHEMBL5507543	NULL	NULL	NULL	NULL
CHEMBL5508893	NULL	NULL	NULL	NULL
CHEMBL5508918	NULL	NULL	NULL	NULL
CHEMBL5509930	NULL	NULL	NULL	NULL
CHEMBL5509956	NULL	NULL	NULL	NULL
CHEMBL5510148	NULL	NULL	NULL	NULL
CHEMBL5510269	NULL	NULL	NULL	NULL
CHEMBL5510789	NULL	NULL	NULL	NULL
CHEMBL5511245	NULL	NULL	NULL	NULL
CHEMBL5511455	NULL	NULL	NULL	NULL
CHEMBL5511456	NULL	NULL	NULL	NULL
CHEMBL5511808	NULL	NULL	NULL	NULL
CHEMBL5512021	NULL	NULL	NULL	NULL
CHEMBL5512022	NULL	NULL	NULL	NULL
CHEMBL5512023	NULL	NULL	NULL	NULL
CHEMBL5512024	NULL	NULL	NULL	NULL
CHEMBL5512092	NULL	NULL	NULL	NULL
CHEMBL5512093	NULL	NULL	NULL	NULL
CHEMBL5512253	NULL	NULL	NULL	NULL
CHEMBL5512769	NULL	NULL	NULL	NULL
CHEMBL5513838	NULL	NULL	NULL	NULL
CHEMBL5515077	NULL	NULL	NULL	NULL
CHEMBL5515560	NULL	NULL	NULL	NULL
CHEMBL5516220	NULL	NULL	NULL	NULL
CHEMBL5516497	NULL	NULL	NULL	NULL
CHEMBL5516741	NULL	NULL	NULL	NULL
CHEMBL5516742	NULL	NULL	NULL	NULL
CHEMBL5516750	NULL	NULL	NULL	NULL
CHEMBL5516755	NULL	NULL	NULL	NULL
CHEMBL5516756	NULL	NULL	NULL	NULL
CHEMBL5516856	NULL	NULL	NULL	NULL
CHEMBL5516890	NULL	NULL	NULL	NULL
CHEMBL5516903	NULL	NULL	NULL	NULL
CHEMBL5516904	NULL	NULL	NULL	NULL
CHEMBL5516905	NULL	NULL	NULL	NULL
CHEMBL5516908	NULL	NULL	NULL	NULL
CHEMBL5516912	NULL	NULL	NULL	NULL
CHEMBL5517173	NULL	NULL	NULL	NULL
CHEMBL5517251	NULL	NULL	NULL	NULL
CHEMBL5517494	NULL	NULL	NULL	NULL
CHEMBL5517548	NULL	NULL	NULL	NULL
CHEMBL5520727	NULL	NULL	NULL	NULL
CHEMBL5520755	NULL	NULL	NULL	NULL
CHEMBL5520756	NULL	NULL	NULL	NULL
CHEMBL5520854	NULL	NULL	NULL	NULL
CHEMBL5520855	NULL	NULL	NULL	NULL
CHEMBL5520856	NULL	NULL	NULL	NULL
CHEMBL5520857	NULL	NULL	NULL	NULL
CHEMBL5521024	NULL	NULL	NULL	NULL
CHEMBL5521376	NULL	NULL	NULL	NULL
CHEMBL5521406	NULL	NULL	NULL	NULL
CHEMBL5521450	NULL	NULL	NULL	NULL
CHEMBL5521451	NULL	NULL	NULL	NULL
CHEMBL5521503	NULL	NULL	NULL	NULL
CHEMBL5521504	NULL	NULL	NULL	NULL
CHEMBL5521546	NULL	NULL	NULL	NULL
CHEMBL5521592	NULL	NULL	NULL	NULL
CHEMBL5521593	NULL	NULL	NULL	NULL
CHEMBL5521911	NULL	NULL	NULL	NULL
CHEMBL5522442	NULL	NULL	NULL	NULL
CHEMBL5522443	NULL	NULL	NULL	NULL
CHEMBL5522444	NULL	NULL	NULL	NULL
CHEMBL5522522	NULL	NULL	NULL	NULL
CHEMBL5522523	NULL	NULL	NULL	NULL
CHEMBL5522524	NULL	NULL	NULL	NULL
CHEMBL5523086	NULL	NULL	NULL	NULL
CHEMBL5525037	NULL	NULL	NULL	NULL
CHEMBL5525513	NULL	NULL	NULL	NULL
CHEMBL5525767	NULL	NULL	NULL	NULL
CHEMBL5526862	NULL	NULL	NULL	NULL
CHEMBL5526863	NULL	NULL	NULL	NULL
CHEMBL5528606	NULL	NULL	NULL	NULL
CHEMBL5530017	NULL	NULL	NULL	NULL
CHEMBL5530460	NULL	NULL	NULL	NULL
CHEMBL5530461	NULL	NULL	NULL	NULL
CHEMBL5530462	NULL	NULL	NULL	NULL
CHEMBL5530782	NULL	NULL	NULL	NULL
CHEMBL5530931	NULL	NULL	NULL	NULL
CHEMBL5531210	NULL	NULL	NULL	NULL
CHEMBL5531274	NULL	NULL	NULL	NULL
CHEMBL5531275	NULL	NULL	NULL	NULL
CHEMBL5531276	NULL	NULL	NULL	NULL
CHEMBL5531339	NULL	NULL	NULL	NULL
CHEMBL5531383	NULL	NULL	NULL	NULL
CHEMBL5531414	NULL	NULL	NULL	NULL
CHEMBL5531470	NULL	NULL	NULL	NULL
CHEMBL5531576	NULL	NULL	NULL	NULL
CHEMBL5534419	NULL	NULL	NULL	NULL
CHEMBL5534682	NULL	NULL	NULL	NULL
CHEMBL5534842	NULL	NULL	NULL	NULL
CHEMBL5535166	NULL	NULL	NULL	NULL
CHEMBL5535167	NULL	NULL	NULL	NULL
CHEMBL5535168	NULL	NULL	NULL	NULL
CHEMBL5535232	NULL	NULL	NULL	NULL
CHEMBL5535369	NULL	NULL	NULL	NULL
CHEMBL5536416	NULL	NULL	NULL	NULL
CHEMBL5536487	NULL	NULL	NULL	NULL
CHEMBL5536489	NULL	NULL	NULL	NULL
CHEMBL5536527	NULL	NULL	NULL	NULL
CHEMBL5537402	NULL	NULL	NULL	NULL
CHEMBL5538724	NULL	NULL	NULL	NULL
CHEMBL5538734	NULL	NULL	NULL	NULL
CHEMBL5538910	NULL	NULL	NULL	NULL
CHEMBL5538984	NULL	NULL	NULL	NULL
CHEMBL5539527	NULL	NULL	NULL	NULL
CHEMBL5539762	NULL	NULL	NULL	NULL
CHEMBL5539772	NULL	NULL	NULL	NULL
CHEMBL5539808	NULL	NULL	NULL	NULL
CHEMBL5540022	NULL	NULL	NULL	NULL
CHEMBL5540303	NULL	NULL	NULL	NULL
CHEMBL5540457	NULL	NULL	NULL	NULL
CHEMBL5543784	NULL	NULL	NULL	NULL
CHEMBL5543948	NULL	NULL	NULL	NULL
CHEMBL5544252	NULL	NULL	NULL	NULL
CHEMBL5545007	NULL	NULL	NULL	NULL
CHEMBL5545677	NULL	NULL	NULL	NULL
CHEMBL5545983	NULL	NULL	NULL	NULL
CHEMBL5546322	NULL	NULL	NULL	NULL
CHEMBL5546325	NULL	NULL	NULL	NULL
CHEMBL5546326	NULL	NULL	NULL	NULL
CHEMBL5546327	NULL	NULL	NULL	NULL
CHEMBL5546328	NULL	NULL	NULL	NULL
CHEMBL5546400	NULL	NULL	NULL	NULL
CHEMBL5547463	NULL	NULL	NULL	NULL
CHEMBL5547655	NULL	NULL	NULL	NULL
CHEMBL5547789	NULL	NULL	NULL	NULL
CHEMBL5547791	NULL	NULL	NULL	NULL
CHEMBL5547794	NULL	NULL	NULL	NULL
CHEMBL5547796	NULL	NULL	NULL	NULL
CHEMBL5547800	NULL	NULL	NULL	NULL
CHEMBL5547881	NULL	NULL	NULL	NULL
CHEMBL5547882	NULL	NULL	NULL	NULL
CHEMBL5547883	NULL	NULL	NULL	NULL
CHEMBL5547947	NULL	NULL	NULL	NULL
CHEMBL5548364	NULL	NULL	NULL	NULL
CHEMBL5548880	NULL	NULL	NULL	NULL
CHEMBL5548973	NULL	NULL	NULL	NULL
CHEMBL5549260	NULL	NULL	NULL	NULL
CHEMBL5549269	NULL	NULL	NULL	NULL
CHEMBL5550341	NULL	NULL	NULL	NULL
CHEMBL5551344	NULL	NULL	NULL	NULL
CHEMBL5552021	NULL	NULL	NULL	NULL
CHEMBL5553380	NULL	NULL	NULL	NULL
CHEMBL5554281	NULL	NULL	NULL	NULL
CHEMBL5554343	NULL	NULL	NULL	NULL
CHEMBL5554826	NULL	NULL	NULL	NULL
CHEMBL5554846	NULL	NULL	NULL	NULL
CHEMBL5577197	NULL	NULL	NULL	NULL
CHEMBL5577688	NULL	NULL	NULL	NULL
CHEMBL5577748	NULL	NULL	NULL	NULL
CHEMBL5577749	NULL	NULL	NULL	NULL
CHEMBL5578649	NULL	NULL	NULL	NULL
CHEMBL5578650	NULL	NULL	NULL	NULL
CHEMBL5578846	NULL	NULL	NULL	NULL
CHEMBL5579448	NULL	NULL	NULL	NULL
CHEMBL5579449	NULL	NULL	NULL	NULL
CHEMBL5579450	NULL	NULL	NULL	NULL
CHEMBL5579459	NULL	NULL	NULL	NULL
CHEMBL5579616	NULL	NULL	NULL	NULL
CHEMBL5581350	NULL	NULL	NULL	NULL
CHEMBL5581977	NULL	NULL	NULL	NULL
CHEMBL5582147	NULL	NULL	NULL	NULL
CHEMBL5582149	NULL	NULL	NULL	NULL
CHEMBL5582150	NULL	NULL	NULL	NULL
CHEMBL5582339	NULL	NULL	NULL	NULL
CHEMBL5582340	NULL	NULL	NULL	NULL
CHEMBL5582341	NULL	NULL	NULL	NULL
CHEMBL5583194	NULL	NULL	NULL	NULL
CHEMBL5584720	NULL	NULL	NULL	NULL
CHEMBL5584721	NULL	NULL	NULL	NULL
CHEMBL5584875	NULL	NULL	NULL	NULL
CHEMBL5584876	NULL	NULL	NULL	NULL
CHEMBL5585351	NULL	NULL	NULL	NULL
CHEMBL5585352	NULL	NULL	NULL	NULL
CHEMBL5585462	NULL	NULL	NULL	NULL
CHEMBL5585499	NULL	NULL	NULL	NULL
CHEMBL5585575	NULL	NULL	NULL	NULL
CHEMBL5585758	NULL	NULL	NULL	NULL
CHEMBL5585808	NULL	NULL	NULL	NULL
CHEMBL5586363	NULL	NULL	NULL	NULL
CHEMBL5586364	NULL	NULL	NULL	NULL
CHEMBL5586807	NULL	NULL	NULL	NULL
CHEMBL5586854	NULL	NULL	NULL	NULL
CHEMBL5586995	NULL	NULL	NULL	NULL
CHEMBL5588136	NULL	NULL	NULL	NULL
CHEMBL5588210	NULL	NULL	NULL	NULL
CHEMBL5588430	NULL	NULL	NULL	NULL
CHEMBL5588431	NULL	NULL	NULL	NULL
CHEMBL5588791	NULL	NULL	NULL	NULL
CHEMBL5589183	NULL	NULL	NULL	NULL
CHEMBL5589391	NULL	NULL	NULL	NULL
CHEMBL5589392	NULL	NULL	NULL	NULL
CHEMBL5589393	NULL	NULL	NULL	NULL
CHEMBL5608855	NULL	NULL	NULL	NULL
CHEMBL5609108	NULL	NULL	NULL	NULL
CHEMBL5609109	NULL	NULL	NULL	NULL
CHEMBL5609110	NULL	NULL	NULL	NULL
CHEMBL5609111	NULL	NULL	NULL	NULL
CHEMBL5609386	NULL	NULL	NULL	NULL
CHEMBL5609492	NULL	NULL	NULL	NULL
CHEMBL5609721	NULL	NULL	NULL	NULL
CHEMBL5609895	NULL	NULL	NULL	NULL
CHEMBL5610156	NULL	NULL	NULL	NULL
CHEMBL5610157	NULL	NULL	NULL	NULL
CHEMBL5610224	NULL	NULL	NULL	NULL
CHEMBL5610225	NULL	NULL	NULL	NULL
CHEMBL5611059	NULL	NULL	NULL	NULL
CHEMBL5611060	NULL	NULL	NULL	NULL
CHEMBL5611731	NULL	NULL	NULL	NULL
CHEMBL5616420	NULL	NULL	NULL	NULL
CHEMBL5617227	NULL	NULL	NULL	NULL
CHEMBL5617770	NULL	NULL	NULL	NULL
CHEMBL5621454	NULL	NULL	NULL	NULL
CHEMBL5621970	NULL	NULL	NULL	NULL
CHEMBL5622379	NULL	NULL	NULL	NULL
CHEMBL5622380	NULL	NULL	NULL	NULL
CHEMBL5622384	NULL	NULL	NULL	NULL
CHEMBL5622385	NULL	NULL	NULL	NULL
CHEMBL5622391	NULL	NULL	NULL	NULL
CHEMBL5623240	NULL	NULL	NULL	NULL
CHEMBL5626025	NULL	NULL	NULL	NULL
CHEMBL5626252	NULL	NULL	NULL	NULL
CHEMBL5626860	NULL	NULL	NULL	NULL
CHEMBL5626861	NULL	NULL	NULL	NULL
CHEMBL5627060	NULL	NULL	NULL	NULL
CHEMBL5627061	NULL	NULL	NULL	NULL
CHEMBL5627062	NULL	NULL	NULL	NULL
CHEMBL5627867	NULL	NULL	NULL	NULL
CHEMBL5628161	NULL	NULL	NULL	NULL
CHEMBL5628630	NULL	NULL	NULL	NULL
CHEMBL5628631	NULL	NULL	NULL	NULL
CHEMBL5628689	NULL	NULL	NULL	NULL
CHEMBL5628735	NULL	NULL	NULL	NULL
CHEMBL5629612	NULL	NULL	NULL	NULL
CHEMBL5634341	NULL	NULL	NULL	NULL
CHEMBL5634413	NULL	NULL	NULL	NULL
CHEMBL5634738	NULL	NULL	NULL	NULL
CHEMBL5635916	NULL	NULL	NULL	NULL
CHEMBL5636427	NULL	NULL	NULL	NULL
CHEMBL5636442	NULL	NULL	NULL	NULL
CHEMBL5636884	NULL	NULL	NULL	NULL
CHEMBL5637591	NULL	NULL	NULL	NULL
CHEMBL5637716	NULL	NULL	NULL	NULL
CHEMBL5638266	NULL	NULL	NULL	NULL
CHEMBL5638881	NULL	NULL	NULL	NULL
CHEMBL5638882	NULL	NULL	NULL	NULL
CHEMBL5638883	NULL	NULL	NULL	NULL
CHEMBL5638899	NULL	NULL	NULL	NULL
CHEMBL5654566	NULL	NULL	NULL	NULL
CHEMBL5682674	NULL	NULL	NULL	NULL
CHEMBL5682675	NULL	NULL	NULL	NULL
CHEMBL5682676	NULL	NULL	NULL	NULL
CHEMBL5682677	NULL	NULL	NULL	NULL
CHEMBL5682679	NULL	NULL	NULL	NULL
CHEMBL5697032	NULL	NULL	NULL	NULL
CHEMBL5697033	NULL	NULL	NULL	NULL
CHEMBL5697034	NULL	NULL	NULL	NULL
CHEMBL5697035	NULL	NULL	NULL	NULL
CHEMBL5697037	NULL	NULL	NULL	NULL
CHEMBL5710520	NULL	NULL	NULL	NULL
CHEMBL5710523	NULL	NULL	NULL	NULL
CHEMBL5710524	NULL	NULL	NULL	NULL
CHEMBL5715853	NULL	NULL	NULL	NULL
CHEMBL5716585	NULL	NULL	NULL	NULL
CHEMBL5724455	NULL	NULL	NULL	NULL
CHEMBL5724480	NULL	NULL	NULL	NULL
CHEMBL5730062	NULL	NULL	NULL	NULL
CHEMBL5730347	NULL	NULL	NULL	NULL
CHEMBL5730414	NULL	NULL	NULL	NULL
CHEMBL5730616	NULL	NULL	NULL	NULL
CHEMBL5730850	NULL	NULL	NULL	NULL
CHEMBL5730898	NULL	NULL	NULL	NULL
CHEMBL5731003	NULL	NULL	NULL	NULL
CHEMBL5731263	NULL	NULL	NULL	NULL
CHEMBL5731265	NULL	NULL	NULL	NULL
CHEMBL5731266	NULL	NULL	NULL	NULL
CHEMBL5731381	NULL	NULL	NULL	NULL
CHEMBL5731487	NULL	NULL	NULL	NULL
CHEMBL5731629	NULL	NULL	NULL	NULL
CHEMBL5731674	NULL	NULL	NULL	NULL
CHEMBL5731865	NULL	NULL	NULL	NULL
CHEMBL5731943	NULL	NULL	NULL	NULL
CHEMBL5731980	NULL	NULL	NULL	NULL
CHEMBL5731991	NULL	NULL	NULL	NULL
CHEMBL5732052	NULL	NULL	NULL	NULL
CHEMBL5732140	NULL	NULL	NULL	NULL
CHEMBL5732169	NULL	NULL	NULL	NULL
CHEMBL5732259	NULL	NULL	NULL	NULL
CHEMBL5732343	NULL	NULL	NULL	NULL
CHEMBL5732351	NULL	NULL	NULL	NULL
CHEMBL5732504	NULL	NULL	NULL	NULL
CHEMBL5732671	NULL	NULL	NULL	NULL
CHEMBL5732687	NULL	NULL	NULL	NULL
CHEMBL5732990	NULL	NULL	NULL	NULL
CHEMBL5733044	NULL	NULL	NULL	NULL
CHEMBL5733101	NULL	NULL	NULL	NULL
CHEMBL5733108	NULL	NULL	NULL	NULL
CHEMBL5733754	NULL	NULL	NULL	NULL
CHEMBL5733769	NULL	NULL	NULL	NULL
CHEMBL5733885	NULL	NULL	NULL	NULL
CHEMBL5733977	NULL	NULL	NULL	NULL
CHEMBL5734036	NULL	NULL	NULL	NULL
CHEMBL5734260	NULL	NULL	NULL	NULL
CHEMBL5734332	NULL	NULL	NULL	NULL
CHEMBL5734394	NULL	NULL	NULL	NULL
CHEMBL5734464	NULL	NULL	NULL	NULL
CHEMBL5734466	NULL	NULL	NULL	NULL
CHEMBL5734655	NULL	NULL	NULL	NULL
CHEMBL5734918	NULL	NULL	NULL	NULL
CHEMBL5734919	NULL	NULL	NULL	NULL
CHEMBL5734969	NULL	NULL	NULL	NULL
CHEMBL5735005	NULL	NULL	NULL	NULL
CHEMBL5735025	NULL	NULL	NULL	NULL
CHEMBL5735028	NULL	NULL	NULL	NULL
CHEMBL5735271	NULL	NULL	NULL	NULL
CHEMBL5735396	NULL	NULL	NULL	NULL
CHEMBL5735616	NULL	NULL	NULL	NULL
CHEMBL5735689	NULL	NULL	NULL	NULL
CHEMBL5735720	NULL	NULL	NULL	NULL
CHEMBL5735756	NULL	NULL	NULL	NULL
CHEMBL5735869	NULL	NULL	NULL	NULL
CHEMBL5735887	NULL	NULL	NULL	NULL
CHEMBL5735953	NULL	NULL	NULL	NULL
CHEMBL5736066	NULL	NULL	NULL	NULL
CHEMBL5736241	NULL	NULL	NULL	NULL
CHEMBL5737001	NULL	NULL	NULL	NULL
CHEMBL5737036	NULL	NULL	NULL	NULL
CHEMBL5737357	NULL	NULL	NULL	NULL
CHEMBL5737481	NULL	NULL	NULL	NULL
CHEMBL5737563	NULL	NULL	NULL	NULL
CHEMBL5737567	NULL	NULL	NULL	NULL
CHEMBL5737885	NULL	NULL	NULL	NULL
CHEMBL5737981	NULL	NULL	NULL	NULL
CHEMBL5738029	NULL	NULL	NULL	NULL
CHEMBL5738076	NULL	NULL	NULL	NULL
CHEMBL5738104	NULL	NULL	NULL	NULL
CHEMBL5738581	NULL	NULL	NULL	NULL
CHEMBL5738788	NULL	NULL	NULL	NULL
CHEMBL5738851	NULL	NULL	NULL	NULL
CHEMBL5738979	NULL	NULL	NULL	NULL
CHEMBL5739058	NULL	NULL	NULL	NULL
CHEMBL5739084	NULL	NULL	NULL	NULL
CHEMBL5739201	NULL	NULL	NULL	NULL
CHEMBL5739235	NULL	NULL	NULL	NULL
CHEMBL5739240	NULL	NULL	NULL	NULL
CHEMBL5739275	NULL	NULL	NULL	NULL
CHEMBL5739517	NULL	NULL	NULL	NULL
